video_title,category,country_name,lifetime_duration,tweetvol,tweetsent,individualism,uncertainty_avoidance,neg_sentiment,neu_sentiment,pos_sentiment,averageRating,sequel,Drama,Horror,Mystery,Action,Adventure,Comedy,Romance,Thriller,Crime,Animation,highest_rank
13 Minutes,Films,United Kingdom,2,10,2.5,89,35,2,3,5,4.7,0,1,0,0,1,0,0,0,1,0,0,1
14 Peaks: Nothing Is Impossible,Films,United Kingdom,1,42,18,89,35,2,4,36,7.7,0,0,0,0,0,1,0,0,0,0,0,4
21 Bridges,Films,United States,1,7,2,91,46,1,4,2,6.6,0,1,0,0,1,0,0,0,0,1,0,6
21 Jump Street,Films,United States,3,30,3.6666666666666665,91,46,3,16,11,7.2,0,0,0,0,1,0,1,0,0,1,0,3
365 Days,Films,Brazil,1,145,2,38,76,7,124,14,3.3,0,1,0,0,0,0,0,1,0,0,0,5
365 Days,Films,United Kingdom,1,273,11.461538461538462,89,35,13,111,149,3.3,0,1,0,0,0,0,0,1,0,0,0,8
365 Days: This Day,Films,Brazil,3,162,0.425531914893617,38,76,47,95,20,2.6,1,1,0,0,0,0,0,1,0,0,0,1
365 Days: This Day,Films,France,3,6,0.5,71,86,2,3,1,2.6,1,1,0,0,0,0,0,1,0,0,0,1
365 Days: This Day,Films,United Kingdom,2,22,0.3333333333333333,89,35,6,14,2,2.6,1,1,0,0,0,0,0,1,0,0,0,1
365 Days: This Day,Films,United States,1,136,1.2,91,46,20,92,24,2.6,1,1,0,0,0,0,0,1,0,0,0,1
60 Days In: Season 6,TV,United States,1,60,0.24242424242424243,91,46,33,19,8,7.6,1,0,0,0,0,0,0,0,0,0,0,9
A Boy Called Christmas,Films,United States,4,28,7,91,46,2,12,14,6.7,0,1,0,0,0,1,0,0,0,0,0,3
A Castle For Christmas,Films,Brazil,2,5,1,38,76,1,3,1,5.5,0,1,0,0,0,1,1,0,0,0,0,4
A Castle For Christmas,Films,United Kingdom,2,20,2.6666666666666665,89,35,3,9,8,5.5,0,1,0,0,0,1,1,0,0,0,0,3
A Castle For Christmas,Films,United States,2,36,9.5,91,46,2,15,19,5.5,0,1,0,0,0,1,1,0,0,0,0,3
A Classic Horror Story,Films,Brazil,1,6,0.3333333333333333,38,76,3,2,1,5.7,0,1,1,1,0,0,0,0,0,0,0,5
A Madea Homecoming,Films,United States,4,68,1.2307692307692308,91,46,13,39,16,5.6,0,1,0,0,0,0,1,1,0,0,0,1
A Perfect Enemy,Films,Brazil,1,2,1,38,76,1,0,1,5.5,0,1,0,0,0,1,0,0,1,0,0,2
A Perfect Pairing,Films,Brazil,3,27,2,38,76,3,18,6,6.1,0,0,0,0,0,0,1,1,0,0,0,1
A Perfect Pairing,Films,United Kingdom,3,3,1,89,35,1,1,1,6.1,0,0,0,0,0,0,1,1,0,0,0,4
A Star Is Born,Films,France,2,46,3,71,86,5,26,15,7.6,0,1,0,0,0,0,0,1,0,0,0,4
After Life: Season 1,TV,United Kingdom,2,990,5.428571428571429,89,35,112,270,608,8.4,1,1,0,0,0,0,1,0,0,0,0,6
After Life: Season 2,TV,United Kingdom,1,990,5.419642857142857,89,35,112,271,607,8.4,1,1,0,0,0,0,1,0,0,0,0,8
After Life: Season 3,TV,United Kingdom,4,990,5.419642857142857,89,35,112,271,607,8.4,1,1,0,0,0,0,1,0,0,0,0,1
After We Fell,Films,United States,1,54,1.6923076923076923,91,46,13,19,22,4.7,0,1,0,0,0,0,0,1,0,0,0,3
Afterlife of the Party,Films,United States,2,13,8,91,46,1,4,8,5.8,0,1,0,0,0,0,1,0,0,0,0,3
Aftermath,Films,United Kingdom,2,27,0.7142857142857143,89,35,7,15,5,5.3,0,1,1,1,0,0,0,0,0,0,0,1
Aftermath,Films,United States,2,128,0.7741935483870968,91,46,31,73,24,5.3,0,1,1,1,0,0,0,0,0,0,0,4
Against The Ice,Films,United States,1,5,2,91,46,1,2,2,6.5,0,1,0,0,0,1,0,0,0,0,0,7
Alice in Borderland: Season 1,TV,France,3,11,4,71,86,1,6,4,7.7,1,1,0,1,1,0,0,0,0,0,0,9
Alice in Borderland: Season 1,TV,Mexico,1,6,1,30,82,1,4,1,7.7,1,1,0,1,1,0,0,0,0,0,0,7
Alice in Borderland: Season 1,TV,United Kingdom,1,34,2.8,89,35,5,15,14,7.7,1,1,0,1,1,0,0,0,0,0,0,10
Alive,Films,United Kingdom,1,39,18,89,35,1,20,18,6.3,0,1,1,0,1,0,0,0,0,0,0,9
All American: Season 1,TV,United States,5,1885,0.8069073783359497,91,46,637,721,514,7.6,1,1,0,0,0,0,0,0,0,0,0,6
All American: Season 2,TV,United States,1,1885,0.8069073783359497,91,46,637,720,514,7.6,1,1,0,0,0,0,0,0,0,0,0,10
All American: Season 3,TV,United States,6,1885,0.8081761006289309,91,46,636,721,514,7.6,1,1,0,0,0,0,0,0,0,0,0,1
All American: Season 4,TV,United States,5,1885,0.8069073783359497,91,46,637,721,514,7.6,1,1,0,0,0,0,0,0,0,0,0,2
All of Us Are Dead: Season 1,TV,Brazil,5,175,0.4657534246575342,38,76,73,68,34,7.5,1,1,0,0,1,0,0,0,0,0,0,1
All of Us Are Dead: Season 1,TV,France,6,22,1.4,71,86,5,10,7,7.5,1,1,0,0,1,0,0,0,0,0,0,1
All of Us Are Dead: Season 1,TV,Japan,7,6,1,46,92,1,4,1,7.5,1,1,0,0,1,0,0,0,0,0,0,1
All of Us Are Dead: Season 1,TV,Mexico,12,13,0.4,30,82,5,6,2,7.5,1,1,0,0,1,0,0,0,0,0,0,1
All of Us Are Dead: Season 1,TV,United Kingdom,5,81,0.7666666666666667,89,35,30,28,23,7.5,1,1,0,0,1,0,0,0,0,0,0,1
All of Us Are Dead: Season 1,TV,United States,5,201,0.330188679245283,91,46,106,59,35,7.5,1,1,0,0,1,0,0,0,0,0,0,1
Alpha,Films,France,1,47,1.1428571428571428,71,86,7,32,8,6.6,0,1,0,0,1,1,0,0,0,0,0,10
Alpha,Films,Mexico,1,22,0.6666666666666666,30,82,3,17,2,6.6,0,1,0,0,1,1,0,0,0,0,0,1
AlRawabi School for Girls: Season 1,TV,Brazil,1,26,1.1666666666666667,38,76,6,13,7,7.3,1,1,0,0,0,0,0,0,0,0,0,10
AlRawabi School for Girls: Season 1,TV,France,2,5,0.5,71,86,2,2,1,7.3,1,1,0,0,0,0,0,0,0,0,0,3
American Gangster,Films,United States,2,25,3.3333333333333335,91,46,3,12,10,7.8,0,1,0,0,0,0,0,0,0,1,0,5
Amores perros,Films,Mexico,1,26,1,30,82,3,20,3,8.1,0,1,0,0,0,0,0,0,1,0,0,10
An Unfinished Life,Films,United States,3,2,1,91,46,1,0,1,7,0,1,0,0,0,0,0,1,0,0,0,3
Anatomy of a Scandal: Limited Series,TV,United Kingdom,5,97,0.8717948717948718,89,35,39,24,34,7,0,1,0,0,0,0,0,0,1,0,0,1
Anatomy of a Scandal: Limited Series,TV,United States,3,60,1.2352941176470589,91,46,17,22,21,7,0,1,0,0,0,0,0,0,1,0,0,1
Anna,Films,Mexico,2,34,8,30,82,1,25,8,6.6,0,0,0,0,1,0,0,0,1,0,0,4
Aquaman,Films,United Kingdom,1,76,1.8,89,35,10,48,18,6.8,0,0,0,0,1,1,0,0,0,0,0,5
Arcane: Season 1,TV,Brazil,3,861,1.4725274725274726,38,76,182,411,268,9,1,0,0,0,1,1,0,0,0,0,1,2
Arcane: Season 1,TV,France,4,170,2.3666666666666667,71,86,30,69,71,9,1,0,0,0,1,1,0,0,0,0,1,1
Arcane: Season 1,TV,Mexico,1,129,2.4444444444444446,30,82,18,67,44,9,1,0,0,0,1,1,0,0,0,0,1,9
Arcane: Season 1,TV,United Kingdom,1,183,3.16,89,35,25,79,79,9,1,0,0,0,1,1,0,0,0,0,1,10
Arcane: Season 1,TV,United States,2,1067,3.1870503597122304,91,46,139,479,443,9,1,0,0,0,1,1,0,0,0,0,1,10
Archive 81: Season 1,TV,Brazil,1,15,5,38,76,1,9,5,7.3,0,1,1,1,0,0,0,0,0,0,0,4
Archive 81: Season 1,TV,France,3,26,1,71,86,7,12,7,7.3,0,1,1,1,0,0,0,0,0,0,0,1
Archive 81: Season 1,TV,Mexico,2,17,3,30,82,1,13,3,7.3,0,1,1,1,0,0,0,0,0,0,0,3
Archive 81: Season 1,TV,United Kingdom,2,60,1.2941176470588236,89,35,17,21,22,7.3,0,1,1,1,0,0,0,0,0,0,0,4
Archive 81: Season 1,TV,United States,3,237,0.7530864197530864,91,46,81,94,61,7.3,0,1,1,1,0,0,0,0,0,0,0,2
Army of the Dead,Films,Brazil,1,10,2,38,76,2,4,4,5.7,0,1,0,0,1,0,0,0,0,1,0,7
Army of the Dead,Films,France,1,4,1,71,86,1,2,1,5.7,0,1,0,0,1,0,0,0,0,1,0,5
Army of the Dead,Films,Mexico,1,69,0.6666666666666666,30,82,6,59,4,5.7,0,1,0,0,1,0,0,0,0,1,0,8
Army of the Dead,Films,United States,1,285,2.96,91,46,25,186,74,5.7,0,1,0,0,1,0,0,0,0,1,0,9
Army of Thieves,Films,Brazil,3,16,3,38,76,2,8,6,6.4,0,0,0,0,1,0,1,0,0,1,0,1
Army of Thieves,Films,France,4,9,1,71,86,2,5,2,6.4,0,0,0,0,1,0,1,0,0,1,0,1
Army of Thieves,Films,United Kingdom,3,29,5.666666666666667,89,35,3,9,17,6.4,0,0,0,0,1,0,1,0,0,1,0,2
Army of Thieves,Films,United States,3,123,8.166666666666666,91,46,6,68,49,6.4,0,0,0,0,1,0,1,0,0,1,0,1
Atypical: Season 4,TV,Brazil,2,86,1.5238095238095237,38,76,21,33,32,8.2,1,1,0,0,0,0,1,0,0,0,0,9
Atypical: Season 4,TV,France,1,14,1,71,86,4,6,4,8.2,1,1,0,0,0,0,1,0,0,0,0,7
Atypical: Season 4,TV,United Kingdom,3,24,5.5,89,35,2,11,11,8.2,1,1,0,0,0,0,1,0,0,0,0,4
Atypical: Season 4,TV,United States,2,116,1.619047619047619,91,46,21,61,34,8.2,1,1,0,0,0,0,1,0,0,0,0,6
Back to the Outback,Films,United States,4,10,0.6666666666666666,91,46,3,5,2,6.5,0,0,0,0,0,1,1,0,0,0,1,3
Bad Boys for Life,Films,United Kingdom,2,5,1,89,35,1,3,1,6.5,0,0,0,0,1,0,1,0,0,1,0,2
Bake Squad: Season 1,TV,United States,1,24,2.5,91,46,4,10,10,6.9,1,0,0,0,0,0,0,0,0,0,0,8
Barbecue,Films,France,2,88,5,71,86,3,70,15,6.1,0,0,0,0,0,0,1,0,0,0,0,3
Battleship,Films,United States,1,50,1.8333333333333333,91,46,6,33,11,5.8,0,0,0,0,1,1,0,0,0,0,0,5
Beauty and the Beast,Films,Mexico,1,24,16,30,82,1,7,16,7.1,0,0,0,0,0,1,0,0,0,0,0,5
Beckett,Films,Brazil,2,6,1,38,76,1,4,1,5.7,0,1,0,0,1,0,0,0,0,1,0,6
Beckett,Films,France,2,12,0.6666666666666666,71,86,3,7,2,5.7,0,1,0,0,1,0,0,0,0,1,0,3
Beckett,Films,United Kingdom,2,22,3.5,89,35,2,13,7,5.7,0,1,0,0,1,0,0,0,0,1,0,2
Beckett,Films,United States,2,321,1.45,91,46,20,272,29,5.7,0,1,0,0,1,0,0,0,0,1,0,3
Belzebuth,Films,Mexico,2,6,4,30,82,1,1,4,6,0,0,1,0,0,0,0,0,0,0,0,4
Ben Is Back,Films,United States,1,4,0.5,91,46,2,1,1,6.7,0,1,0,0,0,0,0,0,0,0,0,5
Better Call Saul: Season 5,TV,United States,3,1615,1.4192708333333333,91,46,384,674,545,8.9,1,1,0,0,0,0,0,0,0,1,0,3
Better Call Saul: Season 6,TV,United Kingdom,5,230,2.097560975609756,89,35,41,103,86,8.9,1,1,0,0,0,0,0,0,0,1,0,6
Big Mouth: Season 5,TV,United Kingdom,2,20,2.6666666666666665,89,35,3,9,8,7.9,1,0,0,0,0,0,1,1,0,0,1,6
Big Mouth: Season 5,TV,United States,2,146,1.1081081081081081,91,46,37,68,41,7.9,1,0,0,0,0,0,1,1,0,0,1,2
Big Timber: Season 1,TV,United States,1,10,3,91,46,1,6,3,6.9,1,0,0,0,0,0,0,0,0,0,0,8
Bigbug,Films,France,2,13,1,71,86,3,7,3,5.5,0,0,0,0,0,0,1,0,0,0,0,3
Black and Blue,Films,United Kingdom,2,54,4.333333333333333,89,35,3,38,13,6.4,0,0,0,0,1,0,0,0,1,0,0,6
Black Crab,Films,United States,2,13,1.5,91,46,2,8,3,5.7,0,1,0,0,1,1,0,0,0,0,0,2
Black Hawk Down,Films,United Kingdom,1,2,1,89,35,1,0,1,7.7,0,1,0,0,1,0,0,0,0,0,0,9
Blackhat,Films,United States,2,50,1.375,91,46,8,31,11,5.4,0,0,0,0,1,0,0,0,1,1,0,5
BlacKkKlansman,Films,France,1,3,2,71,86,1,0,2,7.5,0,0,0,0,0,0,1,0,0,1,0,10
Blade Runner 2049,Films,United States,2,158,1.7391304347826086,91,46,23,95,40,8,0,1,0,1,1,0,0,0,0,0,0,2
Blade: Trinity,Films,United States,1,11,0.5,91,46,4,5,2,5.8,0,0,1,0,1,0,0,0,0,0,0,10
Blindspot: Season 1,TV,Brazil,2,34,0.8461538461538461,38,76,13,10,11,7.3,1,1,0,0,1,0,0,0,0,1,0,9
Blindspot: Season 5,TV,Brazil,4,34,0.8461538461538461,38,76,13,10,11,7.3,1,1,0,0,1,0,0,0,0,1,0,3
Bling Empire: Season 2,TV,United Kingdom,1,41,0.5,89,35,22,8,11,5.8,1,0,0,0,0,0,0,0,0,0,0,5
Bling Empire: Season 2,TV,United States,2,202,0.4375,91,46,96,64,42,5.8,1,0,0,0,0,0,0,0,0,0,0,5
Blitz,Films,United Kingdom,1,49,0.4166666666666667,89,35,12,32,5,6.1,0,0,0,0,1,0,0,0,1,1,0,7
Blood Red Sky,Films,Brazil,2,8,1.5,38,76,2,3,3,6.1,0,1,0,0,1,1,0,0,0,0,0,1
Blood Red Sky,Films,France,3,4,0.5,71,86,2,1,1,6.1,0,1,0,0,1,1,0,0,0,0,0,1
Blood Red Sky,Films,Mexico,3,7,2,30,82,1,4,2,6.1,0,1,0,0,1,1,0,0,0,0,0,1
Blood Red Sky,Films,United Kingdom,2,19,1.75,89,35,4,8,7,6.1,0,1,0,0,1,1,0,0,0,0,0,1
Blood Red Sky,Films,United States,2,59,1.3529411764705883,91,46,17,19,23,6.1,0,1,0,0,1,1,0,0,0,0,0,1
Blow,Films,United States,1,112,3,91,46,11,68,33,7.5,0,1,0,0,0,0,0,0,0,1,0,9
Bohemian Rhapsody,Films,United Kingdom,3,48,8,89,35,3,21,24,7.9,0,1,0,0,0,0,0,0,0,0,0,3
Boiling Point,Films,United Kingdom,2,107,5.230769230769231,89,35,13,26,68,7.5,0,1,0,0,0,0,0,0,1,0,0,2
Borrego,Films,United States,1,7,2,91,46,1,4,2,5.3,0,0,0,0,0,0,0,0,1,0,0,4
Boruto: Naruto Next Generations: Season 1,TV,Brazil,2,18,2.3333333333333335,38,76,3,8,7,6.7,1,0,0,0,1,1,0,0,0,0,1,4
Boruto: Naruto Next Generations: Season 2,TV,Brazil,1,18,2.3333333333333335,38,76,3,8,7,6.7,1,0,0,0,1,1,0,0,0,0,1,10
Brahms: The Boy II,Films,United States,1,4,2,91,46,1,1,2,4.7,1,1,1,1,0,0,0,0,0,0,0,10
Brand New Cherry Flavor: Limited Series,TV,United Kingdom,1,34,4.666666666666667,89,35,3,17,14,7.1,0,1,1,1,0,0,0,0,0,0,0,7
Brazen,Films,United Kingdom,2,5,1,89,35,1,3,1,4.1,0,1,0,1,0,0,0,0,0,1,0,2
Brazen,Films,United States,2,26,1,91,46,5,16,5,4.1,0,1,0,1,0,0,0,0,0,1,0,1
Bridgerton: Season 1,TV,Brazil,3,756,1.089820359281437,38,76,167,407,182,7.4,1,1,0,0,0,0,0,1,0,0,0,2
Bridgerton: Season 1,TV,France,5,60,1.3333333333333333,71,86,9,39,12,7.4,1,1,0,0,0,0,0,1,0,0,0,2
Bridgerton: Season 1,TV,Mexico,4,51,1.75,30,82,8,29,14,7.4,1,1,0,0,0,0,0,1,0,0,0,3
Bridgerton: Season 1,TV,United Kingdom,4,389,2.262295081967213,89,35,61,190,138,7.4,1,1,0,0,0,0,0,1,0,0,0,3
Bridgerton: Season 1,TV,United States,4,1349,2.206422018348624,91,46,218,645,481,7.4,1,1,0,0,0,0,0,1,0,0,0,2
Bridgerton: Season 2,TV,Brazil,6,756,1.1151515151515152,38,76,165,407,184,7.4,1,1,0,0,0,0,0,1,0,0,0,1
Bridgerton: Season 2,TV,France,9,60,1.3333333333333333,71,86,9,39,12,7.4,1,1,0,0,0,0,0,1,0,0,0,1
Bridgerton: Season 2,TV,Mexico,5,51,1.75,30,82,8,29,14,7.4,1,1,0,0,0,0,0,1,0,0,0,1
Bridgerton: Season 2,TV,United Kingdom,9,389,2.262295081967213,89,35,61,190,138,7.4,1,1,0,0,0,0,0,1,0,0,0,1
Bridgerton: Season 2,TV,United States,8,1349,2.206422018348624,91,46,218,647,481,7.4,1,1,0,0,0,0,0,1,0,0,0,1
Brightburn,Films,Brazil,2,2,1,38,76,1,0,1,6.1,0,1,1,1,0,0,0,0,0,0,0,8
Britney Vs Spears,Films,France,1,10,0.25,71,86,4,5,1,6.4,0,0,0,0,0,0,0,0,0,0,0,9
Britney Vs Spears,Films,United Kingdom,1,40,0.3125,89,35,16,19,5,6.4,0,0,0,0,0,0,0,0,0,0,0,3
Britney Vs Spears,Films,United States,1,311,0.594059405940594,91,46,101,148,60,6.4,0,0,0,0,0,0,0,0,0,0,0,4
Brooklyn Nine-Nine: Season 7,TV,Brazil,1,18,1.75,38,76,4,7,7,8.4,1,0,0,0,0,0,1,0,0,1,0,6
Brotherhood: Season 1,TV,Brazil,2,49,19,38,76,1,29,19,7.7,1,1,0,0,0,0,0,0,0,1,0,6
Brotherhood: Season 2,TV,Brazil,3,49,19,38,76,1,29,19,7.7,1,1,0,0,0,0,0,0,0,1,0,2
Bruised,Films,Brazil,2,6,2,38,76,1,3,2,6.2,0,1,0,0,0,0,0,0,0,0,0,1
Bruised,Films,United Kingdom,2,15,1.4,89,35,5,3,7,6.2,0,1,0,0,0,0,0,0,0,0,0,2
Bruised,Films,United States,2,133,2.423076923076923,91,46,26,44,63,6.2,0,1,0,0,0,0,0,0,0,0,0,1
Bubble,Films,France,1,15,1.6666666666666667,71,86,3,7,5,6.3,0,0,0,0,1,1,0,0,0,0,1,9
Bubble,Films,Japan,4,39,3,46,92,1,35,3,6.3,0,0,0,0,1,1,0,0,0,0,1,1
Budapest,Films,France,2,27,1.5,71,86,2,22,3,5.4,0,0,0,0,0,0,1,0,0,0,0,3
Bumblebee,Films,Brazil,1,16,1,38,76,2,12,2,6.7,0,0,0,0,1,1,0,0,0,0,0,10
Burnt,Films,United Kingdom,2,18,0.45454545454545453,89,35,11,2,5,6.6,0,1,0,0,0,0,1,0,0,0,0,4
Business Proposal: Season 1,TV,Brazil,3,96,2.2857142857142856,38,76,14,50,32,8.1,1,1,0,0,0,0,1,1,0,0,0,3
Business Proposal: Season 1,TV,Japan,12,14,4,46,92,1,9,4,8.1,1,1,0,0,0,0,1,1,0,0,0,1
Carbon,Films,France,1,31,0.5,71,86,8,19,4,6.5,0,0,0,0,0,0,0,0,1,1,0,6
Carinha de Anjo: Season 1,TV,Brazil,35,1081,2.2413793103448274,38,76,29,987,65,7.1,1,0,0,0,0,0,0,0,0,0,0,1
Carrossel,TV,Brazil,27,251,0.5,38,76,38,194,19,6.7,0,1,0,0,0,1,1,0,0,0,0,1
Catch and Release,Films,United States,2,226,2.5172413793103448,91,46,29,124,73,5.9,0,1,0,0,0,0,1,1,0,0,0,6
Catching Killers: Season 1,TV,United Kingdom,1,4,2,89,35,1,1,2,7.1,1,0,0,1,0,0,0,0,0,1,0,10
Catching Killers: Season 2,TV,United Kingdom,2,4,2,89,35,1,1,2,7.1,1,0,0,1,0,0,0,0,0,1,0,8
Catching Killers: Season 2,TV,United States,2,18,0.5714285714285714,91,46,7,7,4,7.1,1,0,0,1,0,0,0,0,0,1,0,9
Chaos,Films,United Kingdom,1,181,0.35714285714285715,89,35,70,86,25,6.4,0,1,0,0,1,0,0,0,0,1,0,2
Chaos Walking,Films,United Kingdom,2,7,2,89,35,1,4,2,5.7,0,0,0,0,1,1,0,0,0,0,0,6
Charlie and the Chocolate Factory,Films,United States,6,21,3,91,46,2,13,6,6.7,0,0,0,0,0,1,1,0,0,0,0,6
Cheer: Season 2,TV,United Kingdom,2,45,6,89,35,4,17,24,8.1,1,0,0,0,0,0,0,0,0,0,0,3
Cheer: Season 2,TV,United States,3,664,7.525,91,46,40,323,301,8.1,1,0,0,0,0,0,0,0,0,0,0,1
Chicago Fire: Season 1,TV,United Kingdom,2,133,0.9117647058823529,89,35,34,68,31,8,1,1,0,0,1,0,0,0,0,0,0,9
Chicago Med: Season 1,TV,United Kingdom,2,24,1.6,89,35,5,11,8,7.6,1,1,0,0,0,0,0,0,0,0,0,7
Chicken Run,Films,United Kingdom,1,14,1.5,89,35,2,9,3,7.1,0,0,0,0,0,1,1,0,0,0,1,9
Chiquititas,TV,Brazil,45,188,0.6875,38,76,16,161,11,4.9,0,1,0,0,0,0,0,0,0,0,0,2
Choose or Die,Films,United Kingdom,2,10,1.3333333333333333,89,35,3,3,4,4.8,0,1,1,0,0,0,0,0,1,0,0,2
Choose or Die,Films,United States,2,18,0.6,91,46,5,10,3,4.8,0,1,1,0,0,0,0,0,1,0,0,3
Cleaner,Films,United States,3,42,4.333333333333333,91,46,3,23,13,6.1,0,0,0,0,0,0,0,0,1,0,0,2
Clickbait: Limited Series,TV,Brazil,2,73,0.5454545454545454,38,76,33,22,18,7.2,0,1,0,1,0,0,0,0,0,1,0,5
Clickbait: Limited Series,TV,France,4,10,4,71,86,1,5,4,7.2,0,1,0,1,0,0,0,0,0,1,0,2
Clickbait: Limited Series,TV,Mexico,2,26,1,30,82,8,10,8,7.2,0,1,0,1,0,0,0,0,0,1,0,8
Clickbait: Limited Series,TV,United Kingdom,6,188,0.5822784810126582,89,35,79,63,46,7.2,0,1,0,1,0,0,0,0,0,1,0,1
Clickbait: Limited Series,TV,United States,6,1149,0.41821946169772256,91,46,483,456,202,7.2,0,1,0,1,0,0,0,0,0,1,0,1
Coach Carter,Films,United States,1,20,2.3333333333333335,91,46,3,10,7,7.3,0,1,0,0,0,0,0,0,0,0,0,7
Cobra Kai: Season 1,TV,United Kingdom,1,265,4.7727272727272725,89,35,22,138,105,8.5,1,1,0,0,1,0,1,0,0,0,0,8
Cobra Kai: Season 1,TV,United States,1,1404,3.182926829268293,91,46,164,713,522,8.5,1,1,0,0,1,0,1,0,0,0,0,7
Cobra Kai: Season 2,TV,United Kingdom,1,265,4.7727272727272725,89,35,22,138,105,8.5,1,1,0,0,1,0,1,0,0,0,0,10
Cobra Kai: Season 2,TV,United States,1,1404,3.182926829268293,91,46,164,713,522,8.5,1,1,0,0,1,0,1,0,0,0,0,10
Cobra Kai: Season 3,TV,United Kingdom,1,265,4.7727272727272725,89,35,22,138,105,8.5,1,1,0,0,1,0,1,0,0,0,0,9
Cobra Kai: Season 3,TV,United States,1,1404,3.182926829268293,91,46,164,713,522,8.5,1,1,0,0,1,0,1,0,0,0,0,8
Cobra Kai: Season 4,TV,Brazil,4,241,1.6923076923076923,38,76,39,136,66,8.5,1,1,0,0,1,0,1,0,0,0,0,1
Cobra Kai: Season 4,TV,France,3,30,3,71,86,3,18,9,8.5,1,1,0,0,1,0,1,0,0,0,0,3
Cobra Kai: Season 4,TV,Mexico,4,176,2.2777777777777777,30,82,18,117,41,8.5,1,1,0,0,1,0,1,0,0,0,0,1
Cobra Kai: Season 4,TV,United Kingdom,3,265,5.0476190476190474,89,35,21,138,106,8.5,1,1,0,0,1,0,1,0,0,0,0,2
Cobra Kai: Season 4,TV,United States,4,1404,3.1707317073170733,91,46,164,712,520,8.5,1,1,0,0,1,0,1,0,0,0,0,1
CoComelon: Season 1,TV,United States,12,137,1.5909090909090908,91,46,22,80,35,4.6,1,0,0,0,0,0,0,0,0,0,1,6
CoComelon: Season 2,TV,United States,8,137,1.5909090909090908,91,46,22,80,35,4.6,1,0,0,0,0,0,0,0,0,0,1,9
CoComelon: Season 3,TV,United Kingdom,4,14,3,89,35,1,10,3,4.6,1,0,0,0,0,0,0,0,0,0,1,8
CoComelon: Season 3,TV,United States,16,137,1.5909090909090908,91,46,22,80,35,4.6,1,0,0,0,0,0,0,0,0,0,1,5
CoComelon: Season 4,TV,United States,12,137,1.6363636363636365,91,46,22,79,36,4.6,1,0,0,0,0,0,0,0,0,0,1,5
CoComelon: Season 5,TV,United States,4,137,1.5909090909090908,91,46,22,80,35,4.6,1,0,0,0,0,0,0,0,0,0,1,6
Collision,Films,United States,1,79,0.3181818181818182,91,46,22,50,7,4.2,0,1,0,0,0,0,0,0,1,1,0,10
Compadres,Films,Mexico,1,32,8,30,82,1,23,8,4.8,0,0,0,0,1,0,1,0,0,1,0,2
Constantine,Films,United Kingdom,1,18,1.5,89,35,4,8,6,7,0,0,1,0,1,0,0,0,0,0,0,9
Control Z: Season 1,TV,Mexico,2,42,0.5384615384615384,30,82,13,22,7,6.8,1,1,0,0,0,0,0,0,1,0,0,7
Control Z: Season 2,TV,Brazil,2,163,0.4888888888888889,38,76,45,96,22,6.8,1,1,0,0,0,0,0,0,1,0,0,5
Control Z: Season 2,TV,Mexico,3,42,0.5384615384615384,30,82,13,22,7,6.8,1,1,0,0,0,0,0,0,1,0,0,1
Cowboy Bebop: Season 1,TV,Brazil,1,114,2.4705882352941178,38,76,17,55,42,6.7,0,0,0,0,1,1,1,0,0,0,0,10
Cowboy Bebop: Season 1,TV,France,2,25,1,71,86,6,13,6,6.7,0,0,0,0,1,1,1,0,0,0,0,3
Cowboy Bebop: Season 1,TV,Japan,1,43,1.6,46,92,5,30,8,6.7,0,0,0,0,1,1,1,0,0,0,0,10
Cowboy Bebop: Season 1,TV,United Kingdom,1,67,3.2,89,35,10,25,32,6.7,0,0,0,0,1,1,1,0,0,0,0,4
Cowboy Bebop: Season 1,TV,United States,3,928,2.5142857142857142,91,46,140,432,352,6.7,0,0,0,0,1,1,1,0,0,0,0,2
Criminal,Films,United Kingdom,1,169,0.06015037593984962,89,35,133,28,8,6.3,0,0,0,0,1,0,0,0,1,0,0,6
Dangerous,Films,Brazil,2,11,2,38,76,1,8,2,5.1,0,0,0,0,1,0,0,0,1,0,0,1
Dark Shadows,Films,United States,1,141,1.4193548387096775,91,46,31,66,44,6.2,0,0,1,0,0,0,1,0,0,0,0,8
Dave Chappelle: The Closer,TV,United States,2,203,0.7352941176470589,91,46,68,83,50,8,0,0,0,0,0,0,1,0,0,0,0,5
Death to 2021,Films,United Kingdom,1,61,1.9333333333333333,89,35,15,17,29,6.3,0,0,0,0,0,0,1,0,0,0,0,2
Death to 2021,Films,United States,1,84,0.48717948717948717,91,46,39,26,19,6.3,0,0,0,0,0,0,1,0,0,0,0,6
Den of Thieves,Films,United States,3,8,1,91,46,2,4,2,7,0,1,0,0,1,0,0,0,0,1,0,4
Despicable Me,Films,United States,4,71,0.19444444444444445,91,46,36,28,7,7.6,1,0,0,0,0,1,1,0,0,0,1,3
Despicable Me 2,Films,United States,7,3,1,91,46,1,1,1,7.3,1,0,0,0,0,1,1,0,0,0,1,2
Diner,Films,Japan,1,203,1.5,46,92,2,198,3,5.8,0,0,0,0,0,0,0,0,0,1,0,6
Disappearance at Clifton Hill,Films,United States,1,2,1,91,46,1,0,1,5.4,0,1,0,1,0,0,0,0,1,0,0,2
Doctor Sleep,Films,United Kingdom,1,10,6,89,35,1,3,6,7.3,0,1,1,0,0,0,0,0,0,0,0,3
Don't Look Up,Films,Brazil,5,599,0.9483870967741935,38,76,155,297,147,7.2,0,1,0,0,0,0,1,0,0,0,0,1
Don't Look Up,Films,France,6,454,0.7121212121212122,71,86,132,228,94,7.2,0,1,0,0,0,0,1,0,0,0,0,1
Don't Look Up,Films,Japan,9,34,0.5,46,92,6,25,3,7.2,0,1,0,0,0,0,1,0,0,0,0,1
Don't Look Up,Films,Mexico,5,335,1.0227272727272727,30,82,88,157,90,7.2,0,1,0,0,0,0,1,0,0,0,0,1
Don't Look Up,Films,United Kingdom,6,923,1.1758241758241759,89,35,273,329,321,7.2,0,1,0,0,0,0,1,0,0,0,0,1
Don't Look Up,Films,United States,6,2704,0.9961190168175937,91,46,773,1114,770,7.2,0,1,0,0,0,0,1,0,0,0,0,1
Downfall: The Case Against Boeing,Films,United Kingdom,2,10,0.3333333333333333,89,35,6,2,2,7.4,0,0,0,0,0,0,0,0,0,0,0,4
Downfall: The Case Against Boeing,Films,United States,1,13,0.1111111111111111,91,46,9,3,1,7.4,0,0,0,0,0,0,0,0,0,0,0,9
Downton Abbey: Series 1,TV,France,1,36,1.5714285714285714,71,86,7,18,11,8.7,1,1,0,0,0,0,0,1,0,0,0,8
Downton Abbey: Series 1,TV,United Kingdom,2,185,4.238095238095238,89,35,21,75,89,8.7,1,1,0,0,0,0,0,1,0,0,0,2
Downton Abbey: Series 2,TV,France,3,36,1.7142857142857142,71,86,7,17,12,8.7,1,1,0,0,0,0,0,1,0,0,0,6
Downton Abbey: Series 2,TV,United Kingdom,3,185,4.238095238095238,89,35,21,75,89,8.7,1,1,0,0,0,0,0,1,0,0,0,2
Downton Abbey: Series 3,TV,United Kingdom,2,185,4.238095238095238,89,35,21,75,89,8.7,1,1,0,0,0,0,0,1,0,0,0,5
Downton Abbey: Series 4,TV,United Kingdom,1,185,4.238095238095238,89,35,21,75,89,8.7,1,1,0,0,0,0,0,1,0,0,0,10
Dumb and Dumber,Films,United States,1,119,0.19148936170212766,91,46,47,63,9,7.3,0,0,0,0,0,0,1,0,0,0,0,6
Dune,Films,Japan,2,175,5,46,92,1,169,5,8,0,1,0,0,1,1,0,0,0,0,0,1
Dynasty: Season 4,TV,Brazil,2,74,0.5142857142857142,38,76,35,21,18,7.3,1,1,0,0,0,0,0,0,0,0,0,8
Dynasty: Season 4,TV,France,6,18,2,71,86,3,9,6,7.3,1,1,0,0,0,0,0,0,0,0,0,1
Dynasty: Season 4,TV,Mexico,2,15,0.4,30,82,5,8,2,7.3,1,1,0,0,0,0,0,0,0,0,0,8
Dynasty: Season 4,TV,United Kingdom,3,62,1.105263157894737,89,35,19,22,21,7.3,1,1,0,0,0,0,0,0,0,0,0,5
Elite: Season 1,TV,France,2,52,0.5294117647058824,71,86,17,26,9,7.3,1,1,0,0,0,0,0,0,1,1,0,9
Elite: Season 4,TV,Brazil,2,420,0.5114503816793893,38,76,131,222,67,7.3,1,1,0,0,0,0,0,0,1,1,0,3
Elite: Season 4,TV,France,4,52,0.5294117647058824,71,86,17,26,9,7.3,1,1,0,0,0,0,0,0,1,1,0,1
Elite: Season 4,TV,Mexico,2,107,1.0588235294117647,30,82,17,72,18,7.3,1,1,0,0,0,0,0,0,1,1,0,3
Elite: Season 5,TV,Brazil,3,420,0.5114503816793893,38,76,131,222,67,7.3,1,1,0,0,0,0,0,0,1,1,0,1
Elite: Season 5,TV,France,6,52,0.5294117647058824,71,86,17,26,9,7.3,1,1,0,0,0,0,0,0,1,1,0,1
Elite: Season 5,TV,Mexico,4,107,1.0588235294117647,30,82,17,72,18,7.3,1,1,0,0,0,0,0,0,1,1,0,1
Elize Matsunaga: Once Upon a Crime: Season 1,TV,Brazil,3,5,0.5,38,76,2,2,1,5.9,0,0,0,0,0,0,0,0,0,1,0,6
Emily in Paris: Season 1,TV,United Kingdom,2,89,2,89,35,16,41,32,6.9,1,1,0,0,0,0,1,1,0,0,0,8
Emily in Paris: Season 1,TV,United States,2,333,2.1311475409836067,91,46,61,142,130,6.9,1,1,0,0,0,0,1,1,0,0,0,7
Emily in Paris: Season 2,TV,Brazil,4,182,1.2926829268292683,38,76,41,88,53,6.9,1,1,0,0,0,0,1,1,0,0,0,2
Emily in Paris: Season 2,TV,France,5,197,1.5217391304347827,71,86,23,139,35,6.9,1,1,0,0,0,0,1,1,0,0,0,2
Emily in Paris: Season 2,TV,Mexico,4,52,2.2857142857142856,30,82,7,29,16,6.9,1,1,0,0,0,0,1,1,0,0,0,3
Emily in Paris: Season 2,TV,United Kingdom,4,89,2,89,35,16,41,32,6.9,1,1,0,0,0,0,1,1,0,0,0,2
Emily in Paris: Season 2,TV,United States,4,333,2.098360655737705,91,46,61,143,128,6.9,1,1,0,0,0,0,1,1,0,0,0,2
Emma.,Films,United Kingdom,1,83,9.8,89,35,5,29,49,6.7,0,1,0,0,0,0,1,1,0,0,0,9
Enough,Films,Brazil,1,6,1,38,76,2,2,2,5.7,0,1,0,0,0,0,0,0,1,1,0,4
Enough,Films,Mexico,1,7,0.5,30,82,2,4,1,5.7,0,1,0,0,0,0,0,0,1,1,0,5
Entre Amis,Films,France,2,21,2,71,86,1,18,2,4.9,0,1,0,0,0,0,1,0,0,0,0,8
Escape Room,Films,Brazil,1,18,0.4,38,76,5,11,2,6.4,0,0,1,0,1,1,0,0,0,0,0,4
Extinct,Films,United States,2,50,0.05263157894736842,91,46,19,30,1,5.5,0,0,0,0,0,1,1,0,0,0,1,6
Falling for Figaro,Films,United Kingdom,1,6,4,89,35,1,1,4,6.4,0,0,0,0,0,0,1,1,0,0,0,5
Family Business: Season 3,TV,France,3,26,1.125,71,86,8,9,9,7.4,1,0,0,0,0,0,1,0,0,0,0,4
Father Christmas Is Back,Films,United Kingdom,1,8,5,89,35,1,2,5,4.5,0,0,0,0,0,0,1,0,0,0,0,5
Father Christmas Is Back,Films,United States,1,3,0.5,91,46,2,0,1,4.5,0,0,0,0,0,0,1,0,0,0,0,6
Fatherhood,Films,France,1,9,0.5,71,86,4,3,2,6.6,0,1,0,0,0,0,1,0,0,0,0,1
Fatherhood,Films,United Kingdom,2,81,9.4,89,35,5,29,47,6.6,0,1,0,0,0,0,1,0,0,0,0,3
Fatherhood,Films,United States,2,885,5.796875,91,46,64,450,371,6.6,0,1,0,0,0,0,1,0,0,0,0,2
First Kill,Films,Brazil,1,109,0.8709677419354839,38,76,31,51,27,5,0,0,0,0,1,0,0,0,1,0,0,8
First Kill: Season 1,TV,Brazil,2,109,0.8709677419354839,38,76,31,51,27,6.5,0,1,1,1,0,0,0,0,0,0,0,4
First Kill: Season 1,TV,United Kingdom,2,12,1,89,35,2,8,2,6.5,0,1,1,1,0,0,0,0,0,0,0,4
First Kill: Season 1,TV,United States,2,268,0.9420289855072463,91,46,69,134,65,6.5,0,1,1,1,0,0,0,0,0,0,0,3
First Sunday,Films,United States,2,61,19,91,46,1,41,19,4.5,0,1,0,0,0,0,1,0,0,1,0,9
Fistful of Vengeance,Films,United States,1,17,1.5,91,46,2,12,3,4.4,0,1,0,0,1,0,0,0,0,1,0,8
Five Feet Apart,Films,Mexico,2,2,1,30,82,1,0,1,7.2,0,1,0,0,0,0,0,1,0,0,0,4
Five Feet Apart,Films,United States,1,8,0.5,91,46,2,5,1,7.2,0,1,0,0,0,0,0,1,0,0,0,6
Fool's Gold,Films,United States,1,32,0.5833333333333334,91,46,12,13,7,5.7,0,0,0,0,1,1,1,0,0,0,0,8
For Life: Season 1,TV,Brazil,6,77,1.105263157894737,38,76,19,37,21,7.6,1,1,0,0,0,0,0,0,0,1,0,2
For Life: Season 2,TV,Brazil,3,77,1.105263157894737,38,76,19,37,21,7.6,1,1,0,0,0,0,0,0,0,1,0,3
Forrest Gump,Films,United States,2,117,2.6666666666666665,91,46,9,84,24,8.8,0,1,0,0,0,0,0,1,0,0,0,7
Four Brothers,Films,United States,2,10,0.6666666666666666,91,46,3,5,2,6.8,0,1,0,0,1,0,0,0,0,1,0,3
Fracture,Films,United Kingdom,1,29,1.5714285714285714,89,35,7,11,11,7.2,0,1,0,0,0,0,0,0,1,1,0,10
Freedom Writers,Films,United States,1,6,2,91,46,1,3,2,7.6,0,1,0,0,0,0,0,0,0,1,0,10
Friends: Season 6,TV,United Kingdom,4,3828,16.833333333333332,89,35,132,1474,2222,8.9,1,0,0,0,0,0,1,1,0,0,0,9
Friendzone,Films,Brazil,2,7,2,38,76,1,4,2,5.9,0,0,0,0,0,0,1,1,0,0,0,3
Friendzone,Films,Mexico,1,14,0.5,30,82,4,8,2,5.9,0,0,0,0,0,0,1,1,0,0,0,10
Furioza,Films,Mexico,2,3,2,30,82,1,0,2,6.3,0,1,0,0,1,0,0,0,0,1,0,2
Gangubai Kathiawadi,Films,United Kingdom,1,26,2.6666666666666665,89,35,3,15,8,7.8,0,1,0,0,0,0,0,0,0,1,0,4
Gladiator,Films,United States,2,250,2.7,91,46,20,176,54,8.5,0,1,0,0,1,1,0,0,0,0,0,6
Glamour Girls,Films,Brazil,1,3,1,38,76,1,1,1,3.6,0,1,0,0,0,0,0,0,0,0,0,3
God's Favorite Idiot: Season 1,TV,United States,2,32,2,91,46,8,8,16,5.7,1,0,0,0,0,0,1,0,0,0,0,8
Good Girls: Season 1,TV,United Kingdom,1,38,1.1666666666666667,89,35,12,12,14,7.7,1,1,0,0,0,0,1,0,0,1,0,5
Good Girls: Season 1,TV,United States,1,210,0.8412698412698413,91,46,63,94,53,7.7,1,1,0,0,0,0,1,0,0,1,0,10
Good Girls: Season 4,TV,Brazil,3,126,1.3243243243243243,38,76,37,40,49,7.7,1,1,0,0,0,0,1,0,0,1,0,3
Good Girls: Season 4,TV,France,4,11,1.3333333333333333,71,86,3,4,4,7.7,1,1,0,0,0,0,1,0,0,1,0,2
Good Girls: Season 4,TV,Mexico,3,9,1,30,82,2,5,2,7.7,1,1,0,0,0,0,1,0,0,1,0,3
Good Girls: Season 4,TV,United Kingdom,5,38,1.1666666666666667,89,35,12,12,14,7.7,1,1,0,0,0,0,1,0,0,1,0,2
Good Girls: Season 4,TV,United States,4,210,0.8412698412698413,91,46,63,93,53,7.7,1,1,0,0,0,0,1,0,0,1,0,1
Grace and Frankie: Season 7,TV,United Kingdom,1,61,3.375,89,35,8,26,27,8.2,1,0,0,0,0,0,1,0,0,0,0,6
Grace and Frankie: Season 7,TV,United States,3,162,2.740740740740741,91,46,27,61,74,8.2,1,0,0,0,0,0,1,0,0,0,0,2
Gran Torino,Films,Mexico,1,4,3,30,82,1,0,3,8.1,0,1,0,0,0,0,0,0,0,0,0,6
Greed,Films,United Kingdom,1,273,0.1417910447761194,89,35,134,120,19,5.8,0,1,0,0,0,0,1,0,0,0,0,9
Green Lantern,Films,United States,2,242,2.869565217391304,91,46,23,153,66,5.5,0,0,0,0,1,1,0,0,0,0,0,5
Grey's Anatomy: Season 17,TV,Brazil,3,1244,0.4550898203592814,38,76,501,515,228,7.6,1,1,0,0,0,0,0,1,0,0,0,2
Grey's Anatomy: Season 17,TV,Mexico,4,185,0.4528301886792453,30,82,53,108,24,7.6,1,1,0,0,0,0,0,1,0,0,0,4
Grey's Anatomy: Season 17,TV,United States,1,2383,0.7452471482889734,91,46,789,992,588,7.6,1,1,0,0,0,0,0,1,0,0,0,9
Grown Ups,Films,United Kingdom,5,18,6.5,89,35,2,3,13,5.9,1,0,0,0,0,0,1,0,0,0,0,1
Grown Ups,Films,United States,2,31,1.7142857142857142,91,46,7,12,12,5.9,1,0,0,0,0,0,1,0,0,0,0,2
Gunpowder Milkshake,Films,United States,2,200,4.761904761904762,91,46,21,79,100,6,0,0,0,0,1,0,0,0,1,1,0,1
Hairspray,Films,United Kingdom,1,85,9.8,89,35,5,31,49,6.7,0,1,0,0,0,0,1,0,0,0,0,4
Halftime,Films,Mexico,1,35,0.75,30,82,8,21,6,6.5,0,0,0,0,0,0,0,0,0,0,0,8
Halftime,Films,United Kingdom,2,82,4,89,35,7,47,28,6.5,0,0,0,0,0,0,0,0,0,0,0,5
Halftime,Films,United States,2,565,3.1607142857142856,91,46,56,332,177,6.5,0,0,0,0,0,0,0,0,0,0,0,3
Halloween,Films,France,1,749,3,71,86,57,521,171,6.5,0,0,1,0,0,0,0,0,1,1,0,5
Halloween,Films,United States,1,5000,4.275590551181103,91,46,381,2986,1629,6.5,0,0,1,0,0,0,0,0,1,1,0,10
Happy Gilmore,Films,United States,3,78,3.5555555555555554,91,46,9,37,32,7,0,0,0,0,0,0,1,0,0,0,0,7
Hard Cell: Season 1,TV,United Kingdom,1,27,3.2,89,35,5,6,16,6.4,0,0,0,0,0,0,1,0,0,0,0,9
Harriet,Films,United Kingdom,1,8,2,89,35,2,2,4,6.7,0,1,0,0,1,0,0,0,0,0,0,10
He's All That,Films,Brazil,3,12,6,38,76,1,5,6,4.4,0,0,0,0,0,0,1,1,0,0,0,2
He's All That,Films,France,3,4,3,71,86,1,0,3,4.4,0,0,0,0,0,0,1,1,0,0,0,1
He's All That,Films,United Kingdom,2,21,2,89,35,6,3,12,4.4,0,0,0,0,0,0,1,1,0,0,0,1
He's All That,Films,United States,2,122,2.1739130434782608,91,46,23,49,50,4.4,0,0,0,0,0,0,1,1,0,0,0,1
Heartland: Season 14,TV,United States,2,443,3.3333333333333335,91,46,12,390,40,8.5,1,1,0,0,0,0,0,0,0,0,0,9
Heartstopper: Season 1,TV,Brazil,1,1153,2.258241758241758,38,76,182,560,411,8.7,1,1,0,0,0,0,0,1,0,0,0,9
Heartstopper: Season 1,TV,France,1,350,4.92,71,86,25,202,123,8.7,1,1,0,0,0,0,0,1,0,0,0,10
Heartstopper: Season 1,TV,Mexico,2,617,2.760869565217391,30,82,46,444,127,8.7,1,1,0,0,0,0,0,1,0,0,0,4
Heartstopper: Season 1,TV,United Kingdom,5,891,4.40952380952381,89,35,105,323,463,8.7,1,1,0,0,0,0,0,1,0,0,0,3
Heat,Films,France,1,33,1.25,71,86,4,24,5,8.3,0,1,0,0,1,0,0,0,0,1,0,10
Heat,Films,Mexico,1,35,2.5,30,82,2,28,5,8.3,0,1,0,0,1,0,0,0,0,1,0,6
Heist: Season 1,TV,United Kingdom,2,14,2.3333333333333335,89,35,3,4,7,6.8,1,0,0,1,0,0,0,0,0,1,0,5
Heist: Season 1,TV,United States,2,60,0.7777777777777778,91,46,18,28,14,6.8,1,0,0,1,0,0,0,0,0,1,0,5
Hellbound: Season 1,TV,Brazil,2,39,0.42105263157894735,38,76,19,12,8,6.6,1,1,0,0,0,0,0,0,0,1,0,2
Hellbound: Season 1,TV,France,3,10,0.5,71,86,4,4,2,6.6,1,1,0,0,0,0,0,0,0,1,0,1
Hellbound: Season 1,TV,Mexico,2,7,2,30,82,1,4,2,6.6,1,1,0,0,0,0,0,0,0,1,0,3
Hellbound: Season 1,TV,United Kingdom,1,44,1.1538461538461537,89,35,13,16,15,6.6,1,1,0,0,0,0,0,0,0,1,0,5
Hellbound: Season 1,TV,United States,2,163,0.5,91,46,56,79,28,6.6,1,1,0,0,0,0,0,0,0,1,0,6
Here Comes the Boom,Films,United States,1,33,4.333333333333333,91,46,3,17,13,6.4,0,0,0,0,1,0,1,0,0,0,0,5
Hero,Films,Japan,1,182,5,46,92,1,176,5,7.9,0,1,0,0,1,1,0,0,0,0,0,4
Home,Films,United States,5,5000,6.145631067961165,91,46,206,3507,1266,6.6,0,0,0,0,0,1,1,0,0,0,1,7
Home Team,Films,United States,3,666,4.372093023255814,91,46,43,435,188,6,0,0,0,0,0,0,1,0,0,0,0,1
Hometown Cha-Cha-Cha: Season 1,TV,Brazil,3,153,1.121212121212121,38,76,33,83,37,8.4,1,0,0,0,0,0,1,1,0,0,0,8
Hometown Cha-Cha-Cha: Season 1,TV,Japan,13,15,3,46,92,1,11,3,8.4,1,0,0,0,0,0,1,1,0,0,0,1
Hometown Cha-Cha-Cha: Season 1,TV,Mexico,4,9,5,30,82,1,3,5,8.4,1,0,0,0,0,0,1,1,0,0,0,6
Hop,Films,United Kingdom,1,20,2.6666666666666665,89,35,3,9,8,5.4,0,0,0,0,0,1,1,0,0,0,1,7
Hop,Films,United States,1,76,4,91,46,3,61,12,5.4,0,0,0,0,0,1,1,0,0,0,1,8
Hope,Films,Japan,2,184,2,46,92,2,178,4,8.2,0,1,0,0,0,0,0,0,0,0,0,3
How It Ends,Films,United States,2,12,2,91,46,3,3,6,5,0,1,1,0,1,0,0,0,0,0,0,3
Human Resources: Season 1,TV,United States,2,233,1.4523809523809523,91,46,42,129,61,7.2,1,0,0,0,0,0,1,1,0,0,1,9
Hustle,Films,France,4,11,5,71,86,1,5,5,7.3,0,1,0,0,0,0,1,0,0,0,0,2
Hustle,Films,Mexico,4,28,5,30,82,2,16,10,7.3,0,1,0,0,0,0,1,0,0,0,0,1
Hustle,Films,United Kingdom,4,146,5.444444444444445,89,35,9,88,49,7.3,0,1,0,0,0,0,1,0,0,0,0,1
Hustle,Films,United States,4,2316,6.3984375,91,46,128,1328,819,7.3,0,1,0,0,0,0,1,0,0,0,0,1
Hype House: Season 1,TV,United States,1,20,1.3333333333333333,91,46,3,13,4,1.9,0,0,0,0,0,0,0,0,0,0,0,8
Hypnotic,Films,Brazil,2,12,1,38,76,3,6,3,5.3,0,0,0,1,0,0,0,0,1,0,0,2
Hypnotic,Films,United States,2,54,2,91,46,5,39,10,5.3,0,0,0,1,0,0,0,0,1,0,0,3
Ilhados,Films,Brazil,1,6,0.3333333333333333,38,76,3,2,1,2.2,0,1,0,0,0,0,0,0,1,0,0,10
In From the Cold: Season 1,TV,United States,2,16,4,91,46,2,6,8,6.3,0,1,0,0,1,0,0,0,0,1,0,6
In the Dark: Season 3,TV,United States,1,181,0.45121951219512196,91,46,82,62,37,7.5,1,0,1,0,1,0,0,0,0,1,0,8
Inside Job: Part 1,TV,United Kingdom,1,48,0.7142857142857143,89,35,14,24,10,7.7,1,0,0,0,0,0,1,0,0,0,1,8
Inside Job: Part 1,TV,United States,1,115,1.5,91,46,20,65,30,7.7,1,0,0,0,0,0,1,0,0,0,1,10
Interceptor,Films,Brazil,3,17,1.4,38,76,5,5,7,4.6,0,1,0,0,1,1,0,0,0,0,0,1
Interceptor,Films,France,3,6,1,71,86,2,2,2,4.6,0,1,0,0,1,1,0,0,0,0,0,1
Interceptor,Films,Mexico,2,5,2,30,82,1,2,2,4.6,0,1,0,0,1,1,0,0,0,0,0,2
Interceptor,Films,United Kingdom,2,12,3,89,35,2,4,6,4.6,0,1,0,0,1,1,0,0,0,0,0,2
Interceptor,Films,United States,3,18,0.5,91,46,6,9,3,4.6,0,1,0,0,1,1,0,0,0,0,0,2
Intrusion,Films,Brazil,2,7,1,38,76,2,3,2,5.3,0,1,0,0,0,0,0,0,1,0,0,1
Intrusion,Films,France,2,3,1,71,86,1,1,1,5.3,0,1,0,0,0,0,0,0,1,0,0,1
Intrusion,Films,Mexico,2,73,0.8,30,82,5,64,4,5.3,0,1,0,0,0,0,0,0,1,0,0,1
Intrusion,Films,United Kingdom,1,6,2,89,35,1,3,2,5.3,0,1,0,0,0,0,0,0,1,0,0,2
Intrusion,Films,United States,2,26,0.5454545454545454,91,46,11,9,6,5.3,0,1,0,0,0,0,0,0,1,0,0,1
Invasion,Films,Brazil,1,40,0.09090909090909091,38,76,22,16,2,5.6,0,0,0,0,1,0,0,0,0,0,0,4
Invasion,Films,Mexico,1,34,0.2857142857142857,30,82,14,16,4,5.6,0,0,0,0,1,0,0,0,0,0,0,4
Inventing Anna: Limited Series,TV,Brazil,6,68,1.375,38,76,16,30,22,6.8,0,1,0,0,0,0,0,0,0,0,0,1
Inventing Anna: Limited Series,TV,France,8,15,2.5,71,86,2,8,5,6.8,0,1,0,0,0,0,0,0,0,0,0,1
Inventing Anna: Limited Series,TV,Mexico,6,17,0.5,30,82,8,5,4,6.8,0,1,0,0,0,0,0,0,0,0,0,1
Inventing Anna: Limited Series,TV,United Kingdom,8,116,0.6428571428571429,89,35,42,47,27,6.8,0,1,0,0,0,0,0,0,0,0,0,1
Inventing Anna: Limited Series,TV,United States,10,717,0.6958174904942965,91,46,263,270,183,6.8,0,1,0,0,0,0,0,0,0,0,0,1
Is It Cake?: Season 1,TV,Brazil,1,13,1,38,76,3,7,3,5.8,1,0,0,0,0,0,0,0,0,0,0,8
Is It Cake?: Season 1,TV,Mexico,2,4,1,30,82,1,2,1,5.8,1,0,0,0,0,0,0,0,0,0,0,3
Is It Cake?: Season 1,TV,United Kingdom,3,35,1.2222222222222223,89,35,9,15,11,5.8,1,0,0,0,0,0,0,0,0,0,0,4
Is It Cake?: Season 1,TV,United States,4,102,1.8095238095238095,91,46,21,43,38,5.8,1,0,0,0,0,0,0,0,0,0,0,2
It,Films,United States,3,1621,1.375,91,46,208,1126,286,7.3,1,0,1,0,0,0,0,0,0,0,0,5
Jack Reacher,Films,Brazil,2,4,0.5,38,76,2,1,1,7,1,0,0,1,1,0,0,0,1,0,0,9
Jack Reacher,Films,France,2,4,1,71,86,1,2,1,7,1,0,0,1,1,0,0,0,1,0,0,1
Jaws,Films,United States,1,622,2.90625,91,46,64,372,186,8.1,0,0,0,0,0,1,0,0,1,0,0,9
Jimmy Savile: A British Horror Story: Limited Series,TV,United Kingdom,3,31,0.125,89,35,24,4,3,6.7,0,0,0,0,0,0,0,0,0,1,0,2
Joker,Films,United Kingdom,2,237,1.90625,89,35,32,144,61,8.4,0,1,0,0,0,0,0,0,1,1,0,1
Jujutsu Kaisen: Season 1,TV,Japan,5,74,1.3333333333333333,46,92,3,67,4,8.5,1,0,0,0,1,1,0,0,0,0,1,1
Jumanji,Films,United States,1,77,2,91,46,11,44,22,7,1,0,0,0,0,1,1,0,0,0,0,8
Jurassic World Camp Cretaceous: Season 4,TV,United States,1,18,3.5,91,46,2,9,7,7.5,1,0,0,0,1,1,0,0,0,0,1,10
Jurassic World: Fallen Kingdom,Films,France,4,7,1,71,86,1,5,1,6.1,1,0,0,0,1,1,0,0,0,0,0,1
Just Go With It,Films,United States,4,10,5,91,46,1,4,5,6.4,0,0,0,0,0,0,1,1,0,0,0,4
Just Like Heaven,Films,United States,1,71,50,91,46,1,20,50,6.7,0,1,0,0,0,0,1,0,0,0,0,4
Justice League,Films,France,3,18,1,71,86,4,10,4,6.1,0,0,0,0,1,1,0,0,0,0,0,2
Kate,Films,Brazil,3,16,2.5,38,76,2,9,5,6.2,0,0,0,0,1,1,0,0,0,1,0,1
Kate,Films,United Kingdom,2,61,9,89,35,2,41,18,6.2,0,0,0,0,1,1,0,0,0,1,0,1
Kate,Films,United States,3,107,1.08,91,46,25,55,27,6.2,0,0,0,0,1,1,0,0,0,1,0,1
Keep Sweet: Pray and Obey: Limited Series,TV,United Kingdom,2,26,0.13333333333333333,89,35,15,9,2,7.3,0,0,0,0,0,0,0,0,0,1,0,4
Keep Sweet: Pray and Obey: Limited Series,TV,United States,2,112,0.12162162162162163,91,46,74,29,9,7.3,0,0,0,0,0,0,0,0,0,1,0,3
Kingdom: Ashin of the North,Films,Brazil,2,5,1,38,76,1,3,1,7,1,1,0,0,1,0,0,0,0,0,0,5
Kingdom: Ashin of the North,Films,France,1,2,1,71,86,1,0,1,7,1,1,0,0,1,0,0,0,0,0,0,5
Kitz: Season 1,TV,France,2,3,1,71,86,1,1,1,5.8,0,1,0,1,0,0,0,0,1,0,0,6
Kung Fu Panda,Films,United States,2,42,12,91,46,1,29,12,7.6,1,0,0,0,1,1,0,0,0,0,1,6
La ley de Herodes,Films,Mexico,1,5,1,30,82,1,3,1,7.8,0,1,0,0,0,0,1,0,0,1,0,4
Last Christmas,Films,Brazil,1,6,2,38,76,1,3,2,6.5,0,1,0,0,0,0,1,0,0,0,0,10
Last Christmas,Films,United Kingdom,2,89,1.4736842105263157,89,35,19,42,28,6.5,0,1,0,0,0,0,1,0,0,0,0,4
Law Abiding Citizen,Films,United States,2,13,2,91,46,3,4,6,7.4,0,1,0,0,1,0,0,0,0,1,0,2
Legacies: Season 4,TV,United States,1,658,1.0813953488372092,91,46,172,280,186,7.3,1,1,0,0,0,1,0,0,0,0,0,9
Legend,Films,United Kingdom,4,3949,6.614942528735632,89,35,348,1299,2302,6.9,0,1,0,0,0,0,0,0,0,1,0,1
Let's Dance,Films,France,2,28,10,71,86,1,17,10,5.9,0,1,0,0,0,0,1,0,0,0,0,3
Liar: Season 1,TV,United Kingdom,1,408,0.025559105431309903,89,35,313,87,8,7.1,1,1,0,0,0,0,0,0,1,1,0,7
Life,Films,United States,1,5000,4.88997555012225,91,46,409,2536,2000,6.6,0,0,1,0,0,0,0,0,1,0,0,5
Little Women,Films,United Kingdom,1,19,3,89,35,3,7,9,7.8,0,1,0,0,0,0,0,1,0,0,0,7
LOL,Films,France,3,279,1.096774193548387,71,86,31,214,34,4.3,0,1,0,0,0,0,1,1,0,0,0,5
London Has Fallen,Films,United States,2,3,0.5,91,46,2,0,1,5.9,0,0,0,0,1,0,0,0,1,0,0,7
Looper,Films,United States,1,46,4.333333333333333,91,46,3,30,13,7.4,0,1,0,0,1,0,0,0,0,0,0,10
Lost in Space: Season 1,TV,Brazil,2,15,1,38,76,4,7,4,7.3,1,1,0,0,0,1,0,0,0,0,0,9
Lost in Space: Season 1,TV,United Kingdom,2,74,2.9,89,35,10,35,29,7.3,1,1,0,0,0,1,0,0,0,0,0,7
Lost in Space: Season 1,TV,United States,2,165,1.5294117647058822,91,46,34,79,52,7.3,1,1,0,0,0,1,0,0,0,0,0,4
Lost in Space: Season 3,TV,Brazil,2,15,1,38,76,4,7,4,7.3,1,1,0,0,0,1,0,0,0,0,0,3
Lost in Space: Season 3,TV,United Kingdom,3,74,2.9,89,35,10,35,29,7.3,1,1,0,0,0,1,0,0,0,0,0,3
Lost in Space: Season 3,TV,United States,4,165,1.5294117647058822,91,46,34,79,52,7.3,1,1,0,0,0,1,0,0,0,0,0,2
Love Actually,Films,United Kingdom,5,170,4.5625,89,35,16,81,73,7.6,0,1,0,0,0,0,1,1,0,0,0,3
Love Hard,Films,Brazil,3,12,7,38,76,1,4,7,6.3,0,0,0,0,0,0,1,1,0,0,0,2
Love Hard,Films,United Kingdom,3,19,6,89,35,2,5,12,6.3,0,0,0,0,0,0,1,1,0,0,0,2
Love Hard,Films,United States,4,133,8.555555555555555,91,46,9,47,77,6.3,0,0,0,0,0,0,1,1,0,0,0,2
Love Is Blind: Brazil: Season 1,TV,Brazil,5,17,0.75,38,76,8,3,6,6.2,1,0,0,0,0,0,0,1,0,0,0,3
Love is Blind: Japan: Season 1,TV,Japan,3,7,0.6666666666666666,46,92,3,2,2,7.1,0,0,0,0,0,0,0,1,0,0,0,6
Love Is Blind: Season 1,TV,United Kingdom,2,245,0.7647058823529411,89,35,85,95,65,6.1,1,0,0,0,0,0,0,1,0,0,0,3
Love Is Blind: Season 1,TV,United States,2,1974,0.7442799461641992,91,46,743,671,553,6.1,1,0,0,0,0,0,0,1,0,0,0,7
Love Is Blind: Season 2,TV,United Kingdom,5,245,0.7764705882352941,89,35,85,94,66,6.1,1,0,0,0,0,0,0,1,0,0,0,2
Love Is Blind: Season 2,TV,United States,6,1973,0.7419354838709677,91,46,744,670,552,6.1,1,0,0,0,0,0,0,1,0,0,0,2
Lucifer: Season 1,TV,United Kingdom,2,81,1.2857142857142858,89,35,21,33,27,8.1,1,1,0,0,0,0,0,0,0,1,0,6
Lucifer: Season 2,TV,United Kingdom,2,81,1.2857142857142858,89,35,21,33,27,8.1,1,1,0,0,0,0,0,0,0,1,0,9
Lucifer: Season 3,TV,United Kingdom,3,81,1.2857142857142858,89,35,21,33,27,8.1,1,1,0,0,0,0,0,0,0,1,0,10
Lucifer: Season 5,TV,Brazil,1,110,0.8888888888888888,38,76,27,59,24,8.1,1,1,0,0,0,0,0,0,0,1,0,10
Lucifer: Season 5,TV,France,4,344,18.833333333333332,71,86,6,225,113,8.1,1,1,0,0,0,0,0,0,0,1,0,6
Lucifer: Season 6,TV,Brazil,4,110,0.8888888888888888,38,76,27,59,24,8.1,1,1,0,0,0,0,0,0,0,1,0,1
Lucifer: Season 6,TV,France,4,344,18.833333333333332,71,86,6,225,113,8.1,1,1,0,0,0,0,0,0,0,1,0,2
Lucifer: Season 6,TV,Mexico,3,36,3,30,82,3,24,9,8.1,1,1,0,0,0,0,0,0,0,1,0,2
Lucifer: Season 6,TV,United Kingdom,3,81,1.2857142857142858,89,35,21,33,27,8.1,1,1,0,0,0,0,0,0,0,1,0,2
Lucifer: Season 6,TV,United States,4,606,2.2666666666666666,91,46,45,432,102,8.1,1,1,0,0,0,0,0,0,0,1,0,1
Lulli,Films,Brazil,2,221,78.5,38,76,2,62,157,4.8,0,0,0,0,0,0,1,1,0,0,0,2
Lupin: Part 2,TV,Brazil,1,23,1.6666666666666667,38,76,3,15,5,7.5,1,1,0,0,1,0,0,0,0,1,0,9
Lupin: Part 2,TV,France,3,36,2,71,86,6,18,12,7.5,1,1,0,0,1,0,0,0,0,1,0,3
Lupin: Part 2,TV,United Kingdom,1,29,12,89,35,1,16,12,7.5,1,1,0,0,1,0,0,0,0,1,0,10
Ma,Films,Mexico,2,23,4,30,82,2,13,8,5.6,0,0,1,1,0,0,0,0,1,0,0,4
Maid: Limited Series,TV,Brazil,7,87,0.6764705882352942,38,76,34,30,23,8.4,0,1,0,0,0,0,0,0,0,0,0,2
Maid: Limited Series,TV,Mexico,7,37,1.6666666666666667,30,82,6,21,10,8.4,0,1,0,0,0,0,0,0,0,0,0,1
Maid: Limited Series,TV,United Kingdom,9,88,1.4,89,35,20,40,28,8.4,0,1,0,0,0,0,0,0,0,0,0,2
Maid: Limited Series,TV,United States,10,255,1.423728813559322,91,46,59,112,84,8.4,0,1,0,0,0,0,0,0,0,0,0,2
Major Payne,Films,United States,3,29,4.5,91,46,2,18,9,6.2,0,0,0,0,0,1,1,0,0,0,0,4
Maldivas: Season 1,TV,Brazil,2,273,1.6724137931034482,38,76,58,118,97,5.7,0,1,0,1,0,0,1,0,0,0,0,3
Man of Steel,Films,United Kingdom,2,55,2.375,89,35,8,28,19,7.1,0,0,0,0,1,1,0,0,0,0,0,2
Man on Fire,Films,Mexico,2,3,2,30,82,1,0,2,7.7,0,1,0,0,1,0,0,0,0,1,0,2
Man Vs Bee: Season 1,TV,United Kingdom,2,44,3,89,35,8,12,24,6.7,0,0,0,0,0,0,1,0,0,0,0,6
Manifest: Season 1,TV,France,1,184,5.588235294117647,71,86,17,72,95,7.1,1,1,0,1,0,0,0,0,0,0,0,10
Manifest: Season 1,TV,United States,9,2471,2.4166666666666665,91,46,360,1226,870,7.1,1,1,0,1,0,0,0,0,0,0,0,1
Manifest: Season 2,TV,United States,7,2471,2.4194444444444443,91,46,360,1227,871,7.1,1,1,0,1,0,0,0,0,0,0,0,2
Manifest: Season 3,TV,United States,4,2471,2.4194444444444443,91,46,360,1226,871,7.1,1,1,0,1,0,0,0,0,0,0,0,2
Married at First Sight: Season 10,TV,United States,4,3842,0.3165137614678899,91,46,1744,1539,552,6.2,1,0,0,0,0,0,0,1,0,0,0,5
Maya and the Three: Limited Series,TV,United States,1,93,14.75,91,46,4,30,59,8.1,0,0,0,0,1,1,0,0,0,0,1,6
Metal Lords,Films,Brazil,1,45,8,38,76,2,27,16,6.7,0,0,0,0,0,0,1,0,0,0,0,10
Metal Lords,Films,Mexico,1,23,3.6666666666666665,30,82,3,9,11,6.7,0,0,0,0,0,0,1,0,0,0,0,8
Midnight Mass: Limited Series,TV,Brazil,2,130,0.625,38,76,48,52,30,7.7,0,1,1,0,0,0,0,0,0,0,0,4
Midnight Mass: Limited Series,TV,France,2,15,0.6,71,86,5,7,3,7.7,0,1,1,0,0,0,0,0,0,0,0,5
Midnight Mass: Limited Series,TV,Mexico,2,54,1.3076923076923077,30,82,13,24,17,7.7,0,1,1,0,0,0,0,0,0,0,0,5
Midnight Mass: Limited Series,TV,United Kingdom,4,251,2.3076923076923075,89,35,52,79,120,7.7,0,1,1,0,0,0,0,0,0,0,0,3
Midnight Mass: Limited Series,TV,United States,4,1113,1.297872340425532,91,46,329,357,427,7.7,0,1,1,0,0,0,0,0,0,0,0,2
Mine: Season 1,TV,Brazil,2,14,7,38,76,1,6,7,7.7,1,1,0,1,0,0,0,0,0,0,0,6
Mine: Season 1,TV,Mexico,2,13,6,30,82,1,6,6,7.7,1,1,0,1,0,0,0,0,0,0,0,6
Mission: Impossible,Films,United States,1,170,2.28,91,46,25,88,57,7.1,1,0,0,0,1,1,0,0,1,0,0,9
Molly's Game,Films,United States,1,7,2,91,46,1,4,2,7.4,0,1,0,0,0,0,0,0,0,1,0,7
Money Heist: Part 1,TV,Brazil,2,29,0.5,38,76,2,26,1,8.2,1,1,0,0,1,0,0,0,0,1,0,6
Money Heist: Part 1,TV,Mexico,2,17,1.3333333333333333,30,82,3,10,4,8.2,1,1,0,0,1,0,0,0,0,1,0,4
Money Heist: Part 1,TV,United Kingdom,1,322,1.7121212121212122,89,35,66,143,113,8.2,1,1,0,0,1,0,0,0,0,1,0,7
Money Heist: Part 1,TV,United States,1,913,0.7546468401486989,91,46,269,431,203,8.2,1,1,0,0,1,0,0,0,0,1,0,7
Money Heist: Part 4,TV,Brazil,2,29,0.5,38,76,2,26,1,8.2,1,1,0,0,1,0,0,0,0,1,0,10
Money Heist: Part 5,TV,Brazil,9,29,0.5,38,76,2,26,1,8.2,1,1,0,0,1,0,0,0,0,1,0,1
Money Heist: Part 5,TV,Mexico,7,17,1.3333333333333333,30,82,3,10,4,8.2,1,1,0,0,1,0,0,0,0,1,0,1
Money Heist: Part 5,TV,United Kingdom,7,322,1.7121212121212122,89,35,66,143,113,8.2,1,1,0,0,1,0,0,0,0,1,0,1
Money Heist: Part 5,TV,United States,5,913,0.7657992565055762,91,46,269,432,206,8.2,1,1,0,0,1,0,0,0,0,1,0,1
Monster-in-Law,Films,United States,1,6,0.6666666666666666,91,46,3,1,2,5.5,0,0,0,0,0,0,1,1,0,0,0,5
Mortel: Season 2,TV,France,1,9,1,71,86,3,3,3,6.5,1,1,0,0,0,0,0,0,0,1,0,8
Mother's Day,Films,United States,3,5000,15.950980392156863,91,46,204,1534,3254,5.6,0,1,0,0,0,0,1,1,0,0,0,1
Mother/Android,Films,United Kingdom,2,6,2,89,35,2,0,4,4.9,0,1,0,0,0,0,0,0,1,0,0,4
Motherless Brooklyn,Films,United Kingdom,1,3,2,89,35,1,0,2,6.8,0,1,0,1,0,0,0,0,0,1,0,10
Mr. Robot: Season 1,TV,France,3,31,2,71,86,5,16,10,8.5,1,1,0,0,0,0,0,0,1,1,0,1
My Little Pony: A New Generation,Films,United States,5,28,5.5,91,46,2,15,11,6.8,1,0,0,0,0,1,1,0,0,0,1,2
My Unorthodox Life: Season 1,TV,United Kingdom,1,17,1.75,89,35,4,6,7,5.7,1,0,0,0,0,0,0,0,0,0,0,9
Narcos: Mexico: Season 1,TV,Mexico,3,67,0.5,30,82,18,40,9,8.4,1,1,0,0,0,0,0,0,0,1,0,3
Narcos: Mexico: Season 2,TV,Mexico,2,67,0.5,30,82,18,40,9,8.4,1,1,0,0,0,0,0,0,0,1,0,6
Narcos: Mexico: Season 3,TV,France,2,12,3.5,71,86,2,3,7,8.4,1,1,0,0,0,0,0,0,0,1,0,6
Narcos: Mexico: Season 3,TV,Mexico,7,67,0.5,30,82,18,40,9,8.4,1,1,0,0,0,0,0,0,0,1,0,1
Narcos: Mexico: Season 3,TV,United Kingdom,2,24,4.5,89,35,2,13,9,8.4,1,1,0,0,0,0,0,0,0,1,0,4
Narcos: Mexico: Season 3,TV,United States,4,115,1.3703703703703705,91,46,27,51,37,8.4,1,1,0,0,0,0,0,0,0,1,0,1
Nativity!,Films,United Kingdom,3,183,13,89,35,7,85,91,6.4,0,0,0,0,0,0,1,0,0,0,0,7
Never Back Down,Films,Mexico,1,50,2,30,82,1,47,2,6.5,0,1,0,0,1,0,0,0,0,0,0,10
Never Have I Ever: Season 1,TV,France,1,6,3,71,86,1,2,3,7.8,1,1,0,0,0,0,1,0,0,0,0,10
Never Have I Ever: Season 1,TV,United Kingdom,1,30,1.3,89,35,10,7,13,7.8,1,1,0,0,0,0,1,0,0,0,0,5
Never Have I Ever: Season 2,TV,Brazil,3,30,0.26666666666666666,38,76,15,11,4,7.8,1,1,0,0,0,0,1,0,0,0,0,3
Never Have I Ever: Season 2,TV,France,4,6,3,71,86,1,2,3,7.8,1,1,0,0,0,0,1,0,0,0,0,3
Never Have I Ever: Season 2,TV,Mexico,2,5,2,30,82,1,2,2,7.8,1,1,0,0,0,0,1,0,0,0,0,7
Never Have I Ever: Season 2,TV,United Kingdom,3,30,1.3,89,35,10,7,13,7.8,1,1,0,0,0,0,1,0,0,0,0,1
Never Have I Ever: Season 2,TV,United States,2,191,1.853658536585366,91,46,41,74,76,7.8,1,1,0,0,0,0,1,0,0,0,0,3
"Nevertheless,: Season 1",TV,Mexico,2,8,1,30,82,2,4,2,7.2,0,1,0,0,0,0,0,1,0,0,0,7
New Amsterdam: Season 1,TV,France,9,26,1.3333333333333333,71,86,6,12,8,8,1,1,0,0,0,0,0,0,0,0,0,1
New Amsterdam: Season 2,TV,France,7,26,1.3333333333333333,71,86,6,12,8,8,1,1,0,0,0,0,0,0,0,0,0,3
Night Teeth,Films,United States,2,44,3.3333333333333335,91,46,6,18,20,5.7,0,1,0,0,1,0,0,0,0,1,0,1
Nightbooks,Films,United States,1,25,4.333333333333333,91,46,3,9,13,5.8,0,0,1,0,0,0,0,0,0,0,0,5
No One Gets Out Alive,Films,United States,1,29,0.1,91,46,10,18,1,5.3,0,1,1,1,0,0,0,0,0,0,0,6
Noah,Films,Brazil,1,311,8,38,76,3,284,24,5.8,0,1,0,0,1,1,0,0,0,0,0,7
Noah,Films,France,1,4,1,71,86,1,2,1,5.8,0,1,0,0,1,1,0,0,0,0,0,9
Old School,Films,United States,1,2473,3.422857142857143,91,46,175,1665,599,7,0,0,0,0,0,0,1,0,0,0,0,10
Oldboy,Films,United States,2,14,3,91,46,1,10,3,5.8,0,1,0,1,1,0,0,0,0,0,0,10
On My Block: Season 4,TV,France,1,15,0.08333333333333333,71,86,12,2,1,7.9,1,1,0,0,0,0,1,0,0,0,0,5
On My Block: Season 4,TV,Mexico,1,2,1,30,82,1,0,1,7.9,1,1,0,0,0,0,1,0,0,0,0,9
On My Block: Season 4,TV,United Kingdom,1,10,2,89,35,2,4,4,7.9,1,1,0,0,0,0,1,0,0,0,0,4
On My Block: Season 4,TV,United States,2,524,0.5327510917030568,91,46,229,170,122,7.9,1,1,0,0,0,0,1,0,0,0,0,3
Once Upon a Time in Hollywood,Films,United Kingdom,2,13,2.5,89,35,2,6,5,7.6,0,1,0,0,0,0,1,0,0,0,0,1
One of Us Is Lying: Season 1,TV,Brazil,3,15,0.25,38,76,8,5,2,6.8,1,1,0,1,0,0,0,0,0,1,0,4
One of Us Is Lying: Season 1,TV,United Kingdom,3,10,1.5,89,35,2,5,3,6.8,1,1,0,1,0,0,0,0,0,1,0,3
ONE PIECE: Sky Island: Skypiea,TV,Brazil,1,637,1.7714285714285714,38,76,70,443,124,8.9,0,0,0,0,1,1,0,0,0,0,1,7
ONE PIECE: Wano Country (Ep.892 - Ep.1000),TV,Japan,6,3863,4,46,92,5,3838,20,8.9,0,0,0,0,1,1,0,0,0,0,1,1
One-Punch Man: Season 2,TV,Brazil,2,98,7,38,76,1,90,7,8.7,1,0,0,0,1,0,1,0,0,0,1,9
One-Punch Man: Season 2,TV,Mexico,1,39,1.25,30,82,4,30,5,8.7,1,0,0,0,1,0,1,0,0,0,1,8
Our Father,Films,United Kingdom,3,33,0.2857142857142857,89,35,21,6,6,6.6,0,0,0,0,0,0,0,0,0,1,0,2
Our Father,Films,United States,3,264,0.2517985611510791,91,46,139,90,35,6.6,0,0,0,0,0,0,0,0,0,1,0,2
Our Great National Parks: Limited Series,TV,United States,1,26,5.666666666666667,91,46,3,6,17,8.1,0,0,0,0,0,0,0,0,0,0,0,6
Outer Banks: Season 1,TV,Brazil,2,118,0.7619047619047619,38,76,42,44,32,7.5,1,1,0,0,1,0,0,0,0,1,0,6
Outer Banks: Season 1,TV,France,5,18,0.4444444444444444,71,86,9,5,4,7.5,1,1,0,0,1,0,0,0,0,1,0,2
Outer Banks: Season 1,TV,United Kingdom,5,24,0.4444444444444444,89,35,9,11,4,7.5,1,1,0,0,1,0,0,0,0,1,0,2
Outer Banks: Season 1,TV,United States,4,898,1.0401785714285714,91,46,224,439,233,7.5,1,1,0,0,1,0,0,0,0,1,0,3
Outer Banks: Season 2,TV,Brazil,5,119,0.7441860465116279,38,76,43,44,32,7.5,1,1,0,0,1,0,0,0,0,1,0,2
Outer Banks: Season 2,TV,France,6,18,0.4444444444444444,71,86,9,5,4,7.5,1,1,0,0,1,0,0,0,0,1,0,1
Outer Banks: Season 2,TV,United Kingdom,5,24,0.5,89,35,8,12,4,7.5,1,1,0,0,1,0,0,0,0,1,0,1
Outer Banks: Season 2,TV,United States,5,898,1.0401785714285714,91,46,224,439,233,7.5,1,1,0,0,1,0,0,0,0,1,0,1
Outlander: Season 5,TV,United States,2,1901,2.585858585858586,91,46,297,833,768,8.4,1,1,0,0,0,0,0,1,0,0,0,8
Outlander: Season 6,TV,France,6,244,1.051948051948052,71,86,77,86,81,8.4,1,1,0,0,0,0,0,1,0,0,0,5
Ozark: Season 1,TV,France,2,29,2.1666666666666665,71,86,6,10,13,8.5,1,1,0,0,0,0,0,0,1,1,0,6
Ozark: Season 1,TV,United Kingdom,4,378,1.3529411764705883,89,35,102,138,138,8.5,1,1,0,0,0,0,0,0,1,1,0,6
Ozark: Season 1,TV,United States,4,2486,0.8039702233250621,91,46,806,1013,648,8.5,1,1,0,0,0,0,0,0,1,1,0,3
Ozark: Season 2,TV,United Kingdom,1,378,1.3627450980392157,89,35,102,137,139,8.5,1,1,0,0,0,0,0,0,1,1,0,10
Ozark: Season 2,TV,United States,2,2486,0.8029739776951673,91,46,807,1011,648,8.5,1,1,0,0,0,0,0,0,1,1,0,7
Ozark: Season 3,TV,United States,3,2486,0.8042131350681536,91,46,807,1013,649,8.5,1,1,0,0,0,0,0,0,1,1,0,6
Ozark: Season 4,TV,Brazil,1,158,1.1590909090909092,38,76,44,63,51,8.5,1,1,0,0,0,0,0,0,1,1,0,5
Ozark: Season 4,TV,France,6,29,2.1666666666666665,71,86,6,10,13,8.5,1,1,0,0,0,0,0,0,1,1,0,2
Ozark: Season 4,TV,Mexico,2,115,1.064516129032258,30,82,31,51,33,8.5,1,1,0,0,0,0,0,0,1,1,0,5
Ozark: Season 4,TV,United Kingdom,12,378,1.3627450980392157,89,35,102,137,139,8.5,1,1,0,0,0,0,0,0,1,1,0,1
Ozark: Season 4,TV,United States,14,2486,0.8062111801242235,91,46,805,1013,649,8.5,1,1,0,0,0,0,0,0,1,1,0,1
Pacific Rim,Films,Brazil,1,4,3,38,76,1,0,3,6.9,0,0,0,0,1,1,0,0,0,0,0,9
Paddington,Films,United Kingdom,1,403,1.7941176470588236,89,35,68,213,122,7.3,1,0,0,0,0,1,1,0,0,0,0,6
Paddington 2,Films,United Kingdom,3,35,4.5,89,35,4,13,18,7.8,1,0,0,0,0,1,1,0,0,0,0,4
Passing,Films,United States,1,157,1.8148148148148149,91,46,27,81,49,6.7,0,1,0,0,0,0,0,0,0,0,0,5
PAW Patrol: Season 3,TV,France,1,12,2,71,86,2,6,4,6.1,1,0,0,0,0,1,1,0,0,0,1,10
PAW Patrol: Season 4,TV,Brazil,2,3,1,38,76,1,1,1,6.1,1,0,0,0,0,1,1,0,0,0,1,6
PAW Patrol: Season 4,TV,United Kingdom,6,65,4.333333333333333,89,35,6,33,26,6.1,1,0,0,0,0,1,1,0,0,0,1,6
PAW Patrol: Season 5,TV,France,5,12,2,71,86,2,6,4,6.1,1,0,0,0,0,1,1,0,0,0,1,9
PAW Patrol: Season 6,TV,Brazil,10,3,1,38,76,1,1,1,6.1,1,0,0,0,0,1,1,0,0,0,1,5
PAW Patrol: Season 6,TV,United Kingdom,9,65,4.333333333333333,89,35,6,33,26,6.1,1,0,0,0,0,1,1,0,0,0,1,5
Peaky Blinders: Season 1,TV,France,1,84,3.2857142857142856,71,86,7,54,23,8.8,1,1,0,0,0,0,0,0,0,1,0,10
Peaky Blinders: Season 1,TV,United Kingdom,1,1319,1.7490196078431373,89,35,255,618,446,8.8,1,1,0,0,0,0,0,0,0,1,0,10
Peaky Blinders: Season 6,TV,Brazil,3,309,1.2222222222222223,38,76,54,189,66,8.8,1,1,0,0,0,0,0,0,0,1,0,1
Peaky Blinders: Season 6,TV,France,4,84,3.2857142857142856,71,86,7,54,23,8.8,1,1,0,0,0,0,0,0,0,1,0,2
Peaky Blinders: Season 6,TV,Mexico,3,114,1.1904761904761905,30,82,21,68,25,8.8,1,1,0,0,0,0,0,0,0,1,0,5
Peaky Blinders: Season 6,TV,United States,2,366,2.5272727272727273,91,46,55,172,139,8.8,1,1,0,0,0,0,0,0,0,1,0,7
Peppa Pig: Season 6,TV,United Kingdom,3,218,0.6666666666666666,89,35,63,113,42,6.3,1,0,0,0,0,1,1,0,0,0,1,4
Peter Rabbit 2,Films,United States,2,19,2,91,46,2,13,4,6.2,1,0,0,0,0,1,1,0,0,1,0,5
PIECES OF HER: Season 1,TV,United Kingdom,7,13,0.6666666666666666,89,35,6,3,4,6.3,1,1,0,1,0,0,0,0,0,1,0,1
PIECES OF HER: Season 1,TV,United States,5,76,1.05,91,46,20,35,21,6.3,1,1,0,1,0,0,0,0,0,1,0,1
Poms,Films,United States,1,18,12,91,46,1,5,12,6.1,0,1,0,0,0,0,1,0,0,0,0,9
Prayers for the Stolen,Films,Mexico,1,9,1,30,82,1,7,1,7.3,0,1,0,0,0,0,0,0,0,0,0,3
Pretty Little Liars: Season 1,TV,United Kingdom,2,10,0.75,89,35,4,3,3,7.4,1,1,0,1,0,0,0,1,0,0,0,6
Prey,Films,Mexico,1,7,1,30,82,1,5,1,4.3,0,1,0,0,0,1,0,0,1,0,0,8
Prey,Films,United States,1,127,3,91,46,12,79,36,4.3,0,1,0,0,0,1,0,0,1,0,0,4
Problemos,Films,France,2,5,1,71,86,1,3,1,6.1,0,0,0,0,0,0,1,0,0,0,0,5
Queen of the South: Season 5,TV,United Kingdom,2,59,9.75,89,35,4,16,39,8,1,1,0,0,1,0,0,0,0,1,0,6
Queen of the South: Season 5,TV,United States,3,146,1.2972972972972974,91,46,37,61,48,8,1,1,0,0,1,0,0,0,0,1,0,5
Queer Eye: Season 6,TV,United Kingdom,1,64,2.8181818181818183,89,35,11,22,31,8.5,1,0,0,0,0,0,0,0,0,0,0,6
Queer Eye: Season 6,TV,United States,3,212,2.3846153846153846,91,46,39,80,93,8.5,1,0,0,0,0,0,0,0,0,0,0,4
Raising Dion: Season 1,TV,United Kingdom,2,3,1,89,35,1,1,1,7.1,1,1,0,0,0,0,0,0,0,0,0,10
Raising Dion: Season 1,TV,United States,2,172,1.7380952380952381,91,46,42,57,73,7.1,1,1,0,0,0,0,0,0,0,0,0,7
Raising Dion: Season 2,TV,United Kingdom,3,3,1,89,35,1,1,1,7.1,1,1,0,0,0,0,0,0,0,0,0,5
Raising Dion: Season 2,TV,United States,3,172,1.7380952380952381,91,46,42,57,73,7.1,1,1,0,0,0,0,0,0,0,0,0,5
Rambo,Films,United States,1,110,2.727272727272727,91,46,11,69,30,7,1,0,0,0,1,1,0,0,1,0,0,10
Rampage,Films,France,3,8,2,71,86,1,5,2,6.1,0,0,0,0,1,1,0,0,0,0,0,2
Rebelde: Season 1,TV,Brazil,3,915,1.6643835616438356,38,76,146,526,243,6.4,1,1,0,0,0,0,1,0,0,0,0,2
Rebelde: Season 1,TV,Mexico,3,100,1.1904761904761905,30,82,21,54,25,6.4,1,1,0,0,0,0,1,0,0,0,0,3
Red Notice,Films,Brazil,6,32,8.5,38,76,2,13,17,6.3,0,0,0,0,1,0,1,0,1,0,0,1
Red Notice,Films,France,5,22,3,71,86,3,10,9,6.3,0,0,0,0,1,0,1,0,1,0,0,1
Red Notice,Films,Mexico,4,31,4.5,30,82,2,20,9,6.3,0,0,0,0,1,0,1,0,1,0,0,1
Red Notice,Films,United Kingdom,6,150,3.2916666666666665,89,35,24,47,79,6.3,0,0,0,0,1,0,1,0,1,0,0,1
Red Notice,Films,United States,8,685,2.6407766990291264,91,46,103,301,272,6.3,0,0,0,0,1,0,1,0,1,0,0,1
Replicas,Films,United States,1,32,3,91,46,4,16,12,5.4,0,1,0,0,0,0,0,0,1,0,0,6
Rescued by Ruby,Films,United States,2,11,5,91,46,1,5,5,7.1,0,1,0,0,0,0,0,0,0,0,0,4
Resort to Love,Films,United States,2,41,5,91,46,4,17,20,5.7,0,0,0,0,0,0,1,1,0,0,0,2
Restless,Films,United Kingdom,1,9,0.2,89,35,5,3,1,5.8,0,0,0,0,1,0,0,0,1,1,0,10
Restless,Films,United States,2,39,0.125,91,46,16,21,2,5.8,0,0,0,0,1,0,0,0,1,1,0,8
Return to Space,Films,United Kingdom,1,10,8,89,35,1,1,8,7.3,0,0,0,0,0,0,0,0,0,0,0,8
Rick and Morty: Season 5,TV,United Kingdom,2,77,2,89,35,7,56,14,9.1,1,0,0,0,0,1,1,0,0,0,1,4
Ricky Gervais: SuperNature,TV,United Kingdom,2,11,4,89,35,1,6,4,7.6,0,0,0,0,0,0,1,0,0,0,0,3
Riverdale: Season 5,TV,Brazil,2,1113,0.6222222222222222,38,76,360,529,224,6.6,1,1,0,1,0,0,0,0,0,1,0,5
Riverdale: Season 5,TV,Mexico,3,101,2,30,82,3,92,6,6.6,1,1,0,1,0,0,0,0,0,1,0,4
Riverdale: Season 5,TV,United States,3,1615,0.536723163841808,91,46,531,765,285,6.6,1,1,0,1,0,0,0,0,0,1,0,5
Rush Hour,Films,United Kingdom,2,398,12.272727272727273,89,35,11,252,135,7,0,0,0,0,1,0,1,0,0,1,0,2
S.W.A.T.: Season 1,TV,France,4,69,1.3076923076923077,71,86,13,39,17,7.1,1,0,0,0,1,1,0,0,0,1,0,7
S.W.A.T.: Season 2,TV,France,1,69,1.3076923076923077,71,86,13,39,17,7.1,1,0,0,0,1,1,0,0,0,1,0,9
S.W.A.T.: Season 3,TV,United Kingdom,2,82,2.5,89,35,8,54,20,7.1,1,0,0,0,1,1,0,0,0,1,0,6
Safe House,Films,United States,2,70,46,91,46,1,23,46,6.7,0,0,0,0,1,0,0,0,1,0,0,2
Safe: Season 1,TV,United Kingdom,1,321,6.739130434782608,89,35,23,143,155,7.2,0,1,0,1,0,0,0,0,0,1,0,6
SAS: Rise of the Black Swan,Films,United States,2,25,11,91,46,1,13,11,5.2,0,0,0,0,1,0,0,0,1,0,0,2
Scary Movie,Films,United Kingdom,1,33,0.4,89,35,10,19,4,6.2,1,0,0,0,0,0,1,0,0,0,0,9
School of Chocolate: Season 1,TV,United States,1,51,1.625,91,46,16,9,26,7.6,1,0,0,0,0,0,0,0,0,0,0,6
School of Rock,Films,United States,2,83,7.6,91,46,5,40,38,7.2,0,0,0,0,0,0,1,0,0,0,0,6
Schumacher,Films,France,2,22,1.75,71,86,4,11,7,7.4,0,0,0,0,0,0,0,0,0,0,0,4
Schumacher,Films,United Kingdom,2,96,3.4705882352941178,89,35,17,20,59,7.4,0,0,0,0,0,0,0,0,0,0,0,2
Security,Films,Brazil,1,56,1.8,38,76,5,42,9,5.7,0,0,0,0,1,0,0,0,1,1,0,7
Security,Films,France,1,64,0.6470588235294118,71,86,17,36,11,5.7,0,0,0,0,1,0,0,0,1,1,0,5
Security,Films,Japan,1,29,5,46,92,1,23,5,5.7,0,0,0,0,1,0,0,0,1,1,0,10
Security,Films,United Kingdom,1,750,1.407079646017699,89,35,113,478,159,5.7,0,0,0,0,1,0,0,0,1,1,0,7
Selling Sunset: Season 4,TV,United Kingdom,4,378,0.4127906976744186,89,35,172,135,71,6.5,1,0,0,0,0,0,0,0,0,0,0,1
Selling Sunset: Season 4,TV,United States,3,1336,0.4740608228980322,91,46,559,512,265,6.5,1,0,0,0,0,0,0,0,0,0,0,4
Selling Sunset: Season 5,TV,United Kingdom,4,378,0.4127906976744186,89,35,172,135,71,6.5,1,0,0,0,0,0,0,0,0,0,0,1
Selling Sunset: Season 5,TV,United States,4,1336,0.4740608228980322,91,46,559,511,265,6.5,1,0,0,0,0,0,0,0,0,0,0,2
Selling Tampa: Season 1,TV,United Kingdom,2,59,0.6842105263157895,89,35,19,27,13,4.7,0,0,0,0,0,0,0,0,0,0,0,7
Selling Tampa: Season 1,TV,United States,2,713,0.6823529411764706,91,46,255,284,174,4.7,0,0,0,0,0,0,0,0,0,0,0,4
Senior Year,Films,United Kingdom,4,28,2.142857142857143,89,35,7,6,15,5.5,0,1,0,0,0,0,1,0,0,0,0,1
Senior Year,Films,United States,4,842,14.870967741935484,91,46,31,350,461,5.5,0,1,0,0,0,0,1,0,0,0,0,1
Sex Education: Season 1,TV,Brazil,1,627,1.1290322580645162,38,76,155,297,175,8.3,1,1,0,0,0,0,1,0,0,0,0,9
Sex Education: Season 1,TV,France,1,78,1.0909090909090908,71,86,22,32,24,8.3,1,1,0,0,0,0,1,0,0,0,0,8
Sex Education: Season 1,TV,Mexico,1,119,2,30,82,17,68,34,8.3,1,1,0,0,0,0,1,0,0,0,0,6
Sex Education: Season 1,TV,United Kingdom,3,424,2.3846153846153846,89,35,78,160,186,8.3,1,1,0,0,0,0,1,0,0,0,0,3
Sex Education: Season 2,TV,France,1,78,1.0909090909090908,71,86,22,32,24,8.3,1,1,0,0,0,0,1,0,0,0,0,9
Sex Education: Season 2,TV,Mexico,1,119,2.0588235294117645,30,82,17,67,35,8.3,1,1,0,0,0,0,1,0,0,0,0,9
Sex Education: Season 2,TV,United Kingdom,3,424,2.3846153846153846,89,35,78,160,186,8.3,1,1,0,0,0,0,1,0,0,0,0,5
Sex Education: Season 3,TV,Brazil,4,627,1.135483870967742,38,76,155,296,176,8.3,1,1,0,0,0,0,1,0,0,0,0,2
Sex Education: Season 3,TV,France,5,78,1.0909090909090908,71,86,22,32,24,8.3,1,1,0,0,0,0,1,0,0,0,0,1
Sex Education: Season 3,TV,Japan,1,13,2,46,92,1,10,2,8.3,1,1,0,0,0,0,1,0,0,0,0,6
Sex Education: Season 3,TV,Mexico,5,119,1.8888888888888888,30,82,18,67,34,8.3,1,1,0,0,0,0,1,0,0,0,0,1
Sex Education: Season 3,TV,United Kingdom,6,424,2.3974358974358974,89,35,78,159,187,8.3,1,1,0,0,0,0,1,0,0,0,0,1
Sex Education: Season 3,TV,United States,3,514,1.288,91,46,125,227,161,8.3,1,1,0,0,0,0,1,0,0,0,0,2
Sex/Life: Season 1,TV,Brazil,4,113,0.40476190476190477,38,76,42,54,17,5.5,1,1,0,0,0,0,1,1,0,0,0,1
Sex/Life: Season 1,TV,France,6,31,0.06666666666666667,71,86,15,15,1,5.5,1,1,0,0,0,0,1,1,0,0,0,2
Sex/Life: Season 1,TV,Mexico,3,20,0.6666666666666666,30,82,3,15,2,5.5,1,1,0,0,0,0,1,1,0,0,0,5
Sex/Life: Season 1,TV,United Kingdom,7,54,0.7142857142857143,89,35,14,30,10,5.5,1,1,0,0,0,0,1,1,0,0,0,1
Sex/Life: Season 1,TV,United States,4,311,0.41732283464566927,91,46,127,130,53,5.5,1,1,0,0,0,0,1,1,0,0,0,3
Shazam!,Films,United Kingdom,3,32,1.3333333333333333,89,35,6,18,8,7,0,0,0,0,1,1,1,0,0,0,0,1
She's All That,Films,United Kingdom,1,10,1,89,35,3,4,3,5.9,0,0,0,0,0,0,1,1,0,0,0,6
Shooter,Films,United States,1,490,0.5806451612903226,91,46,124,294,72,7.1,0,1,0,0,1,0,0,0,1,0,0,4
Shrek,Films,Mexico,5,36,1.6666666666666667,30,82,3,28,5,7.9,1,0,0,0,0,1,1,0,0,0,1,7
Shrek,Films,United States,7,189,2.2,91,46,25,109,55,7.9,1,0,0,0,0,1,1,0,0,0,1,2
Shrek 2,Films,United States,6,14,1,91,46,3,8,3,7.3,1,0,0,0,0,1,1,0,0,0,1,2
Sicario,Films,United Kingdom,1,3,1,89,35,1,1,1,7.6,0,1,0,0,1,0,0,0,0,1,0,6
Silent Hours,Films,United Kingdom,1,3,0.5,89,35,2,0,1,5.2,0,0,0,0,0,0,0,0,1,1,0,6
Silverton Siege,Films,United States,1,7,1.5,91,46,2,2,3,6.3,0,1,0,0,1,0,0,0,0,1,0,4
Sing 2,Films,United States,2,412,8.318181818181818,91,46,22,203,183,7.4,1,0,0,0,0,1,1,0,0,0,1,1
Single All The Way,Films,Mexico,1,17,2,30,82,3,8,6,6.1,0,1,0,0,0,0,1,1,0,0,0,10
Single All The Way,Films,United Kingdom,2,59,9,89,35,4,19,36,6.1,0,1,0,0,0,0,1,1,0,0,0,5
Single All The Way,Films,United States,2,237,4.851851851851852,91,46,27,78,131,6.1,0,1,0,0,0,0,1,1,0,0,0,7
Sintonia: Season 2,TV,Brazil,4,140,0.8125,38,76,48,53,39,6.7,1,1,0,0,0,0,0,0,0,1,0,1
Sky Rojo: Season 2,TV,France,2,6,4,71,86,1,1,4,6.6,1,0,0,0,1,1,0,0,0,1,0,7
Skyscraper,Films,France,3,9,1,71,86,1,7,1,5.8,0,0,0,0,1,1,0,0,1,0,0,2
Snowflake Mountain: Season 1,TV,United Kingdom,1,17,0.8333333333333334,89,35,6,6,5,5.5,1,0,0,0,0,0,0,0,0,0,0,9
Snowflake Mountain: Season 1,TV,United States,1,88,0.5555555555555556,91,46,36,32,20,5.5,1,0,0,0,0,0,0,0,0,0,0,8
Snowpiercer: Season 3,TV,France,2,10,0.6666666666666666,71,86,3,5,2,6.9,1,1,0,0,1,0,0,0,0,0,0,9
Something Borrowed,Films,United States,2,7,0.25,91,46,4,2,1,5.8,0,1,0,0,0,0,1,1,0,0,0,5
Somos.: Season 1,TV,Mexico,3,104,1.1428571428571428,30,82,21,59,24,7.1,0,1,0,0,0,0,0,0,0,1,0,2
Sonic the Hedgehog,Films,Brazil,5,62,4.5,38,76,4,40,18,6.5,0,0,0,0,1,1,1,0,0,0,0,2
Sonic the Hedgehog,Films,Mexico,9,63,2.25,30,82,4,50,9,6.5,0,0,0,0,1,1,1,0,0,0,0,1
Sonic the Hedgehog,Films,United Kingdom,8,175,7.555555555555555,89,35,9,98,68,6.5,0,0,0,0,1,1,1,0,0,0,0,1
Space Force: Season 2,TV,United Kingdom,1,14,3.5,89,35,2,5,7,6.7,1,0,0,0,0,0,1,0,0,0,0,9
Space Force: Season 2,TV,United States,1,295,2.1842105263157894,91,46,38,172,83,6.7,1,0,0,0,0,0,1,0,0,0,0,9
Spider-Man,Films,Brazil,1,1469,1.5975609756097562,38,76,164,1043,262,7.4,1,0,0,0,1,1,0,0,0,0,0,10
Spider-Man,Films,France,1,405,3.375,71,86,32,265,108,7.4,1,0,0,0,1,1,0,0,0,0,0,9
Spider-Man,Films,Mexico,1,1604,2.111111111111111,30,82,135,1184,285,7.4,1,0,0,0,1,1,0,0,0,0,0,10
Spider-Man,Films,United Kingdom,2,1290,4.154545454545454,89,35,110,723,457,7.4,1,0,0,0,1,1,0,0,0,0,0,3
Spider-Man 2,Films,United Kingdom,1,23,3.75,89,35,4,4,15,7.4,1,0,0,0,1,1,0,0,0,0,0,6
Spider-Man 3,Films,Mexico,2,12,1,30,82,1,10,1,6.3,1,0,0,0,1,1,0,0,0,0,0,6
Spider-Man 3,Films,United Kingdom,2,10,0.3333333333333333,89,35,6,2,2,6.3,1,0,0,0,1,1,0,0,0,0,0,3
Spider-Man: Homecoming,Films,United Kingdom,3,16,6,89,35,1,9,6,7.4,1,0,0,0,1,1,0,0,0,0,0,2
Spider-Man: Into the Spider-Verse,Films,Mexico,3,16,4,30,82,1,11,4,8.4,1,0,0,0,1,1,0,0,0,0,1,1
Spiderhead,Films,Brazil,2,10,1.5,38,76,2,5,3,5.4,0,1,0,0,1,0,0,0,0,1,0,3
Spiderhead,Films,United Kingdom,3,16,1.3333333333333333,89,35,3,9,4,5.4,0,1,0,0,1,0,0,0,0,1,0,2
Spiderhead,Films,United States,3,91,2.111111111111111,91,46,18,35,38,5.4,0,1,0,0,1,0,0,0,0,1,0,2
Split,Films,United Kingdom,2,23,3.5,89,35,2,14,7,7.3,0,0,1,0,0,0,0,0,1,0,0,8
Squid Game: Season 1,TV,Brazil,10,282,0.7183098591549296,38,76,71,160,51,8,1,1,0,1,1,0,0,0,0,0,0,1
Squid Game: Season 1,TV,France,10,397,0.7083333333333334,71,86,96,233,68,8,1,1,0,1,1,0,0,0,0,0,0,1
Squid Game: Season 1,TV,Japan,18,82,0.6666666666666666,46,92,12,62,8,8,1,1,0,1,1,0,0,0,0,0,0,1
Squid Game: Season 1,TV,Mexico,11,198,1.037037037037037,30,82,27,143,28,8,1,1,0,1,1,0,0,0,0,0,0,1
Squid Game: Season 1,TV,United Kingdom,10,1471,1.0655270655270654,89,35,351,746,374,8,1,1,0,1,1,0,0,0,0,0,0,1
Squid Game: Season 1,TV,United States,11,4335,0.8713503649635036,91,46,1096,2257,955,8,1,1,0,1,1,0,0,0,0,0,0,1
St. Vincent,Films,United States,2,66,5,91,46,3,48,15,7.2,0,1,0,0,0,0,1,0,0,0,0,3
Stay Close: Limited Series,TV,Brazil,2,4,1,38,76,1,2,1,6.9,0,1,0,1,0,0,0,0,0,1,0,6
Stay Close: Limited Series,TV,United Kingdom,5,237,1.746031746031746,89,35,63,64,110,6.9,0,1,0,1,0,0,0,0,0,1,0,1
Stay Close: Limited Series,TV,United States,4,87,1.5,91,46,20,37,30,6.9,0,1,0,1,0,0,0,0,0,1,0,2
Step Brothers,Films,United States,1,89,2.2857142857142856,91,46,7,62,16,6.9,0,0,0,0,0,0,1,0,0,0,0,7
Stranger Things,TV,Brazil,5,3837,0.6104114189756508,38,76,1191,1919,727,8.7,0,1,1,0,0,0,0,0,0,0,0,2
Stranger Things,TV,France,6,364,1.7164179104477613,71,86,67,182,115,8.7,0,1,1,0,0,0,0,0,0,0,0,2
Stranger Things,TV,Japan,3,71,1.3333333333333333,46,92,6,57,8,8.7,0,1,1,0,0,0,0,0,0,0,0,4
Stranger Things,TV,Mexico,6,820,1.3493150684931507,30,82,146,477,197,8.7,0,1,1,0,0,0,0,0,0,0,0,3
Stranger Things,TV,United Kingdom,6,1814,1.7551020408163265,89,35,343,869,602,8.7,0,1,1,0,0,0,0,0,0,0,0,2
Stranger Things,TV,United States,6,5000,0.9368088467614534,91,46,1266,2533,1186,8.7,0,1,1,0,0,0,0,0,0,0,0,3
Stranger Things 2,TV,Brazil,6,3839,0.610738255033557,38,76,1192,1919,728,8.7,0,1,1,0,0,0,0,0,0,0,0,3
Stranger Things 2,TV,France,5,364,1.7272727272727273,71,86,66,184,114,8.7,0,1,1,0,0,0,0,0,0,0,0,4
Stranger Things 2,TV,Japan,2,71,1.3333333333333333,46,92,6,57,8,8.7,0,1,1,0,0,0,0,0,0,0,0,9
Stranger Things 2,TV,Mexico,5,820,1.3424657534246576,30,82,146,478,196,8.7,0,1,1,0,0,0,0,0,0,0,0,5
Stranger Things 2,TV,United Kingdom,6,1814,1.763157894736842,89,35,342,869,603,8.7,0,1,1,0,0,0,0,0,0,0,0,3
Stranger Things 2,TV,United States,6,5000,0.9368088467614534,91,46,1266,2532,1186,8.7,0,1,1,0,0,0,0,0,0,0,0,4
Stranger Things 3,TV,Brazil,6,3837,0.606694560669456,38,76,1195,1917,725,8.7,0,1,1,0,0,0,0,0,0,0,0,4
Stranger Things 3,TV,France,6,364,1.7272727272727273,71,86,66,184,114,8.7,0,1,1,0,0,0,0,0,0,0,0,5
Stranger Things 3,TV,Mexico,5,820,1.3493150684931507,30,82,146,477,197,8.7,0,1,1,0,0,0,0,0,0,0,0,6
Stranger Things 3,TV,United Kingdom,6,1814,1.763157894736842,89,35,342,869,603,8.7,0,1,1,0,0,0,0,0,0,0,0,4
Stranger Things 3,TV,United States,6,5000,0.9375987361769352,91,46,1266,2532,1187,8.7,0,1,1,0,0,0,0,0,0,0,0,4
Stranger Things 4,TV,Brazil,6,3837,0.6088777219430486,38,76,1194,1916,727,8.7,0,1,1,0,0,0,0,0,0,0,0,1
Stranger Things 4,TV,France,6,364,1.7272727272727273,71,86,66,184,114,8.7,0,1,1,0,0,0,0,0,0,0,0,1
Stranger Things 4,TV,Japan,6,71,1.3333333333333333,46,92,6,57,8,8.7,0,1,1,0,0,0,0,0,0,0,0,1
Stranger Things 4,TV,Mexico,6,820,1.3493150684931507,30,82,146,477,197,8.7,0,1,1,0,0,0,0,0,0,0,0,1
Stranger Things 4,TV,United Kingdom,6,1814,1.763157894736842,89,35,342,869,603,8.7,0,1,1,0,0,0,0,0,0,0,0,1
Stranger Things 4,TV,United States,6,5000,0.9375494071146245,91,46,1265,2530,1186,8.7,0,1,1,0,0,0,0,0,0,0,0,1
Suicide Squad,Films,Japan,3,6,1,46,92,1,4,1,5.9,0,0,0,0,1,1,0,0,0,0,0,3
Suicide Squad,Films,United Kingdom,5,219,2.037037037037037,89,35,27,137,55,5.9,0,0,0,0,1,1,0,0,0,0,0,1
Superstore: Season 6,TV,United Kingdom,2,51,2.6,89,35,10,15,26,7.8,1,0,0,0,0,0,1,0,0,0,0,5
Sweet Girl,Films,Mexico,2,9,3,30,82,1,5,3,5.5,0,1,0,0,1,0,0,0,1,0,0,1
Sweet Girl,Films,United Kingdom,3,17,3.5,89,35,2,8,7,5.5,0,1,0,0,1,0,0,0,1,0,0,1
Sweet Girl,Films,United States,3,174,4.5,91,46,18,75,81,5.5,0,1,0,0,1,0,0,0,1,0,0,1
Sweet Magnolias: Season 1,TV,United States,3,131,2.12,91,46,25,52,53,7.3,1,1,0,0,0,0,0,1,0,0,0,7
Sweet Magnolias: Season 2,TV,Brazil,1,19,0.5,38,76,6,10,3,7.3,1,1,0,0,0,0,0,1,0,0,0,6
Sweet Magnolias: Season 2,TV,United Kingdom,3,8,1.3333333333333333,89,35,3,1,4,7.3,1,1,0,0,0,0,0,1,0,0,0,3
Sweet Magnolias: Season 2,TV,United States,5,131,2.12,91,46,25,52,53,7.3,1,1,0,0,0,0,0,1,0,0,0,2
Sweet Tooth: Season 1,TV,Brazil,1,40,5.5,38,76,2,27,11,7.8,1,1,0,0,1,1,0,0,0,0,0,7
Sweet Tooth: Season 1,TV,United Kingdom,1,116,22.5,89,35,2,69,45,7.8,1,1,0,0,1,1,0,0,0,0,0,4
Sweet Tooth: Season 1,TV,United States,1,620,12.208333333333334,91,46,24,299,293,7.8,1,1,0,0,1,1,0,0,0,0,0,8
Switch,Films,Japan,1,631,5,46,92,1,625,5,2.2,0,0,0,0,1,1,0,0,0,1,0,8
Taboo: Season 1,TV,Brazil,1,12,0.5,38,76,4,6,2,8.3,0,1,0,1,0,0,0,0,1,0,0,1
Taboo: Season 1,TV,United Kingdom,3,72,2.7142857142857144,89,35,7,46,19,8.3,0,1,0,1,0,0,0,0,1,0,0,5
Tall Girl 2,Films,Brazil,2,7,4,38,76,1,2,4,4.7,1,1,0,0,0,0,1,0,0,0,0,3
Tall Girl 2,Films,United States,2,6,4,91,46,1,1,4,4.7,1,1,0,0,0,0,1,0,0,0,0,4
Teenage Mutant Ninja Turtles: Season 1,TV,United States,1,449,5.666666666666667,91,46,18,325,102,7.9,1,0,0,0,1,1,0,0,0,0,1,10
Texas Chainsaw Massacre,Films,Brazil,2,21,0.4,38,76,10,7,4,4.7,0,0,1,0,0,0,0,0,1,1,0,1
Texas Chainsaw Massacre,Films,France,2,9,1,71,86,2,5,2,4.7,0,0,1,0,0,0,0,0,1,1,0,7
Texas Chainsaw Massacre,Films,Mexico,2,26,0.5,30,82,6,17,3,4.7,0,0,1,0,0,0,0,0,1,1,0,3
Texas Chainsaw Massacre,Films,United Kingdom,2,93,0.42105263157894735,89,35,38,39,16,4.7,0,0,1,0,0,0,0,0,1,1,0,2
Texas Chainsaw Massacre,Films,United States,2,584,0.32489451476793246,91,46,237,270,77,4.7,0,0,1,0,0,0,0,0,1,1,0,1
That's My Boy,Films,United States,1,164,20.25,91,46,4,79,81,5.5,0,0,0,0,0,0,1,0,0,0,0,9
The 100: Season 7,TV,Brazil,2,162,0.76,38,76,50,74,38,7.6,1,1,0,1,0,0,0,0,0,0,0,4
The 100: Season 7,TV,Mexico,2,6,4,30,82,1,1,4,7.6,1,1,0,1,0,0,0,0,0,0,0,5
The Adam Project,Films,Brazil,4,17,11,38,76,1,5,11,6.7,0,0,0,0,1,1,1,0,0,0,0,1
The Adam Project,Films,Japan,3,4,2,46,92,1,1,2,6.7,0,0,0,0,1,1,1,0,0,0,0,1
The Adam Project,Films,Mexico,4,26,2.6,30,82,5,8,13,6.7,0,0,0,0,1,1,1,0,0,0,0,1
The Adam Project,Films,United Kingdom,8,96,15.25,89,35,4,31,61,6.7,0,0,0,0,1,1,1,0,0,0,0,1
The Adam Project,Films,United States,8,446,10.2,91,46,25,159,255,6.7,0,0,0,0,1,1,1,0,0,0,0,1
The Addams Family,Films,United Kingdom,3,30,7.5,89,35,2,13,15,5.8,0,0,0,0,0,0,1,0,0,0,1,4
The Amazing Spider-Man,Films,United States,3,119,3,91,46,9,82,27,6.9,1,0,0,0,1,1,0,0,0,0,0,1
The Amazing Spider-Man 2,Films,Mexico,1,3,1,30,82,1,1,1,6.6,1,0,0,0,1,1,0,0,0,0,0,8
The Amazing Spider-Man 2,Films,United Kingdom,3,8,1.5,89,35,2,3,3,6.6,1,0,0,0,1,1,0,0,0,0,0,4
The Best of Enemies,Films,United States,1,13,7,91,46,1,5,7,7.3,0,1,0,0,0,0,0,0,0,0,0,8
The Blacklist: Season 8,TV,Brazil,2,166,1.375,38,76,16,128,22,8,1,1,0,1,0,0,0,0,0,1,0,5
The Blacklist: Season 8,TV,United States,2,328,0.5035971223021583,91,46,139,117,70,8,1,1,0,1,0,0,0,0,0,1,0,5
The Blind Side,Films,United Kingdom,1,6,5,89,35,1,0,5,7.6,0,1,0,0,0,0,0,0,0,0,0,7
The Blind Side,Films,United States,4,38,4,91,46,5,13,20,7.6,0,1,0,0,0,0,0,0,0,0,0,1
The Bubble,Films,United Kingdom,2,26,3.25,89,35,4,9,13,4.7,0,0,0,0,0,0,1,0,0,0,0,6
The Bubble,Films,United States,2,66,2.0833333333333335,91,46,12,29,25,4.7,0,0,0,0,0,0,1,0,0,0,0,5
The Call,Films,United States,1,37,4,91,46,2,27,8,7.1,0,0,1,1,0,0,0,0,0,1,0,1
The Chair: Season 1,TV,United Kingdom,1,41,3.3333333333333335,89,35,6,15,20,7.2,0,1,0,0,0,0,1,0,0,0,0,4
The Chair: Season 1,TV,United States,1,188,1.9473684210526316,91,46,38,76,74,7.2,0,1,0,0,0,0,1,0,0,0,0,9
The Chestnut Man: Season 1,TV,United Kingdom,3,27,18,89,35,1,8,18,7.7,1,1,0,1,0,0,0,0,0,1,0,7
The Circle: Season 3,TV,United States,4,850,0.7111801242236024,91,46,322,299,229,7.3,1,0,0,0,0,0,0,0,0,0,0,4
The Circle: Season 4,TV,United Kingdom,1,32,0.8461538461538461,89,35,13,8,11,7.3,1,0,0,0,0,0,0,0,0,0,0,8
The Circle: Season 4,TV,United States,4,850,0.7133956386292835,91,46,321,299,229,7.3,1,0,0,0,0,0,0,0,0,0,0,3
The Cook of Castamar: Season 1,TV,United States,2,11,0.4,91,46,5,4,2,7.4,0,1,0,0,0,0,0,1,0,0,0,8
The Cuphead Show!: Season 1,TV,United Kingdom,1,6,1,89,35,2,2,2,7.4,1,0,0,0,1,1,0,0,0,0,1,10
The Cuphead Show!: Season 1,TV,United States,2,29,6.5,91,46,2,14,13,7.4,1,0,0,0,1,1,0,0,0,0,1,7
The Deceived: Series 1,TV,United Kingdom,1,4,3,89,35,1,0,3,5.9,0,1,0,1,0,0,0,0,1,0,0,4
The DUFF,Films,United States,2,5,2,91,46,1,2,2,6.4,0,0,0,0,0,0,1,1,0,0,0,4
The Five Juanas: Season 1,TV,United States,2,12,0.5,91,46,2,9,1,6.9,1,1,0,0,0,0,0,0,0,0,0,6
The Flash: Season 6,TV,France,3,44,0.875,71,86,8,29,7,7.5,1,1,0,0,1,1,0,0,0,0,0,5
The Flash: Season 7,TV,Brazil,1,245,0.8823529411764706,38,76,34,181,30,7.5,1,1,0,0,1,1,0,0,0,0,0,6
The Flash: Season 7,TV,United States,2,1714,1.0268948655256724,91,46,409,863,420,7.5,1,1,0,0,1,1,0,0,0,0,0,9
The Gentlemen,Films,United Kingdom,4,24,7.5,89,35,2,7,15,7.8,0,0,0,0,1,0,1,0,0,1,0,1
The Gentlemen,Films,United States,1,14,3.5,91,46,2,5,7,7.8,0,0,0,0,1,0,1,0,0,1,0,1
The God Committee,Films,United States,1,8,1.5,91,46,2,3,3,5.8,0,1,0,0,0,0,0,0,0,0,0,10
The Good Doctor: Season 1,TV,France,4,12,7,71,86,1,4,7,8.1,1,1,0,0,0,0,0,0,0,0,0,2
The Good Doctor: Season 2,TV,France,2,12,7,71,86,1,4,7,8.1,1,1,0,0,0,0,0,0,0,0,0,8
The Green Mile,Films,United States,1,19,2.3333333333333335,91,46,3,9,7,8.6,0,1,0,0,0,0,0,0,0,1,0,9
The Guilty,Films,Mexico,2,9,3,30,82,1,5,3,6.3,0,1,0,0,0,0,0,0,1,1,0,1
The Guilty,Films,United Kingdom,3,36,1.3333333333333333,89,35,9,15,12,6.3,0,1,0,0,0,0,0,0,1,1,0,1
The Guilty,Films,United States,3,191,1.2272727272727273,91,46,44,92,54,6.3,0,1,0,0,0,0,0,0,1,1,0,1
The Hangover,Films,United States,2,33,3.5,91,46,2,24,7,7.7,1,0,0,0,0,0,1,0,0,0,0,5
The Harder They Fall,Films,Brazil,3,28,6.5,38,76,2,13,13,6.6,0,1,0,0,1,0,0,0,0,0,0,2
The Harder They Fall,Films,France,2,10,6,71,86,1,3,6,6.6,0,1,0,0,1,0,0,0,0,0,0,2
The Harder They Fall,Films,United Kingdom,3,100,5.3,89,35,10,37,53,6.6,0,1,0,0,1,0,0,0,0,0,0,1
The Harder They Fall,Films,United States,4,1342,3.3735632183908044,91,46,174,560,587,6.6,0,1,0,0,1,0,0,0,0,0,0,1
The Holiday,Films,United Kingdom,3,106,1.121212121212121,89,35,33,36,37,6.9,0,0,0,0,0,0,1,1,0,0,0,6
The Holiday,Films,United States,6,33,6,91,46,3,12,18,6.9,0,0,0,0,0,0,1,1,0,0,0,7
The Hunt,Films,United Kingdom,3,13,2.5,89,35,2,6,5,6.5,0,0,1,0,1,0,0,0,1,0,0,2
The Ice Road,Films,United States,2,13,2,91,46,2,7,4,5.6,0,0,0,0,1,1,0,0,1,0,0,1
The In Between,Films,Brazil,4,7,0.5,38,76,2,4,1,5.9,0,1,0,0,0,0,0,1,0,0,0,1
The In Between,Films,United Kingdom,3,5,1,89,35,1,3,1,5.9,0,1,0,0,0,0,0,1,0,0,0,2
The Invisible Man,Films,United Kingdom,3,12,2,89,35,1,9,2,7.1,0,1,1,1,0,0,0,0,0,0,0,2
The Island,Films,United Kingdom,1,18,8,89,35,1,9,8,6.8,0,0,0,0,1,0,0,0,1,0,0,9
The Karate Kid,Films,United States,2,55,28,91,46,1,26,28,6.2,0,1,0,0,1,0,0,0,0,0,0,7
The King's Affection: Season 1,TV,Brazil,1,26,1.25,38,76,4,17,5,7.9,1,1,0,0,0,0,0,1,0,0,0,10
The Kissing Booth 3,Films,Brazil,2,17,2.3333333333333335,38,76,3,7,7,4.8,1,0,0,0,0,0,1,1,0,0,0,1
The Kissing Booth 3,Films,France,3,10,0.75,71,86,4,3,3,4.8,1,0,0,0,0,0,1,1,0,0,0,1
The Kissing Booth 3,Films,Mexico,2,10,0.5,30,82,4,4,2,4.8,1,0,0,0,0,0,1,1,0,0,0,1
The Kissing Booth 3,Films,United Kingdom,2,9,0.4,89,35,5,2,2,4.8,1,0,0,0,0,0,1,1,0,0,0,1
The Kissing Booth 3,Films,United States,2,40,0.8888888888888888,91,46,9,23,8,4.8,1,0,0,0,0,0,1,1,0,0,0,1
The Last Kingdom: Season 1,TV,United States,1,177,1.9230769230769231,91,46,39,61,75,8.5,1,1,0,0,1,0,0,0,0,0,0,9
The Last Kingdom: Season 5,TV,Brazil,4,62,1.75,38,76,12,29,21,8.5,1,1,0,0,1,0,0,0,0,0,0,2
The Last Kingdom: Season 5,TV,United Kingdom,5,70,3.5555555555555554,89,35,9,29,32,8.5,1,1,0,0,1,0,0,0,0,0,0,2
The Last Kingdom: Season 5,TV,United States,4,177,1.9230769230769231,91,46,39,61,75,8.5,1,1,0,0,1,0,0,0,0,0,0,2
The Lincoln Lawyer: Season 1,TV,United States,5,106,5.333333333333333,91,46,9,49,48,7.7,1,1,0,1,0,0,0,0,0,1,0,1
The Losers,Films,United States,2,11,0.75,91,46,4,4,3,6.2,0,0,0,0,1,1,1,0,0,0,0,3
The Lost Daughter,Films,Brazil,2,22,6,38,76,2,8,12,6.7,0,1,0,0,0,0,0,0,0,0,0,3
The Lost Daughter,Films,Mexico,2,24,1.75,30,82,4,13,7,6.7,0,1,0,0,0,0,0,0,0,0,0,4
The Lost Daughter,Films,United Kingdom,3,51,1.7692307692307692,89,35,13,15,23,6.7,0,1,0,0,0,0,0,0,0,0,0,3
The Lost Daughter,Films,United States,2,134,2.6363636363636362,91,46,22,54,58,6.7,0,1,0,0,0,0,0,0,0,0,0,2
The Loud House Movie,Films,United States,2,101,52,91,46,1,48,52,6.1,0,0,0,0,0,1,1,0,0,0,1,4
The Magnificent Seven,Films,United Kingdom,3,5,1,89,35,1,3,1,6.8,0,0,0,0,1,1,0,0,0,0,0,2
The Man from Toronto,Films,United Kingdom,2,6,2,89,35,1,3,2,5.8,0,0,0,0,1,1,1,0,0,0,0,1
The Man from Toronto,Films,United States,2,44,3.6666666666666665,91,46,6,16,22,5.8,0,0,0,0,1,1,1,0,0,0,0,2
The Matrix,Films,United Kingdom,1,216,3.8823529411764706,89,35,17,133,66,8.7,0,0,0,0,1,0,0,0,0,0,0,4
The Missing: Season 1,TV,United Kingdom,4,10,1,89,35,2,6,2,8.2,1,1,0,1,0,0,0,0,0,1,0,5
The Missing: Season 2,TV,United Kingdom,2,10,1,89,35,2,6,2,8.2,1,1,0,1,0,0,0,0,0,1,0,9
The Mist,Films,United States,2,28,0.6,91,46,10,12,6,7.1,0,0,1,0,0,0,0,0,1,0,0,3
The Mitchells vs. The Machines,Films,United States,1,84,6.571428571428571,91,46,7,31,46,7.6,0,0,0,0,0,1,1,0,0,0,1,9
The Old Ways,Films,Mexico,2,6,4,30,82,1,1,4,5.4,0,1,1,0,0,0,0,0,0,0,0,1
The Old Ways,Films,United States,1,13,0.25,91,46,4,8,1,5.4,0,1,1,0,0,0,0,0,0,0,0,8
The Other Guys,Films,United States,1,27,5,91,46,2,15,10,6.6,0,0,0,0,1,0,1,0,0,1,0,7
The Paedophile Hunter,Films,United Kingdom,1,3,1,89,35,1,1,1,6.7,0,0,0,0,0,0,0,0,0,0,0,8
The Power of the Dog,Films,Brazil,2,79,8.4,38,76,5,32,42,6.8,0,1,0,0,0,0,0,1,0,0,0,2
The Power of the Dog,Films,France,2,30,1.6666666666666667,71,86,6,14,10,6.8,0,1,0,0,0,0,0,1,0,0,0,3
The Power of the Dog,Films,Mexico,1,71,3.625,30,82,8,34,29,6.8,0,1,0,0,0,0,0,1,0,0,0,3
The Power of the Dog,Films,United Kingdom,2,102,2.625,89,35,16,44,42,6.8,0,1,0,0,0,0,0,1,0,0,0,7
The Power of the Dog,Films,United States,2,300,6.142857142857143,91,46,21,150,129,6.8,0,1,0,0,0,0,0,1,0,0,0,1
The Queen of Flow: Season 2,TV,United States,7,7,1.5,91,46,2,2,3,7.7,1,1,0,0,0,0,0,0,0,0,0,3
The Royals: Season 1,TV,United Kingdom,1,23,2,89,35,5,8,10,7.4,1,1,0,0,0,0,0,0,0,0,0,10
The Secret: Season 1,TV,United Kingdom,1,29,7,89,35,2,13,14,7.2,0,1,0,0,0,0,0,0,1,0,0,8
The Serpent: Limited Series,TV,United Kingdom,2,10,0.6,89,35,5,2,3,7.6,0,1,0,0,0,0,0,0,1,1,0,5
The Seven Deadly Sins: Dragon's Judgement,TV,United Kingdom,1,2,1,89,35,1,0,1,7.9,0,0,0,0,1,1,0,0,0,0,1,5
The Seven Deadly Sins: Dragon's Judgement,TV,United States,1,13,0.3333333333333333,91,46,6,5,2,7.9,0,0,0,0,1,1,0,0,0,0,1,5
The Shack,Films,United States,4,18,2.3333333333333335,91,46,3,8,7,6.2,0,1,0,0,0,0,0,0,0,0,0,2
The Silent Sea: Season 1,TV,Brazil,1,21,1.4,38,76,5,9,7,6.9,1,1,0,1,0,1,0,0,0,0,0,8
The Silent Sea: Season 1,TV,France,1,8,4,71,86,1,3,4,6.9,1,1,0,1,0,1,0,0,0,0,0,5
The Silent Sea: Season 1,TV,United Kingdom,1,25,1.375,89,35,8,6,11,6.9,1,1,0,1,0,1,0,0,0,0,0,7
The Silent Sea: Season 1,TV,United States,1,40,1.1818181818181819,91,46,11,16,13,6.9,1,1,0,1,0,1,0,0,0,0,0,5
The Sinner: Season 4: Percy,TV,Brazil,1,75,1.3571428571428572,38,76,14,42,19,7.9,1,1,0,1,0,0,0,0,0,1,0,9
The Sinner: Season 4: Percy,TV,Mexico,1,10,1,30,82,2,6,2,7.9,1,1,0,1,0,0,0,0,0,1,0,7
The Sinner: Season 4: Percy,TV,United Kingdom,4,25,1.4,89,35,5,13,7,7.9,1,1,0,1,0,0,0,0,0,1,0,2
The Sound of Magic: Season 1,TV,Mexico,1,5,0.5,30,82,2,2,1,7.6,0,1,0,0,0,0,0,0,0,0,0,7
The Staircase: Season 1,TV,United Kingdom,1,67,1.0526315789473684,89,35,19,28,20,7.8,1,1,0,0,0,0,0,0,0,1,0,9
The Swarm,Films,Brazil,2,4,1,38,76,1,2,1,5.3,0,1,1,0,0,0,0,0,0,0,0,5
The Tinder Swindler,Films,France,4,3,1,71,86,1,1,1,7.1,0,0,0,0,0,0,0,0,0,1,0,1
The Tinder Swindler,Films,Mexico,3,17,0.14285714285714285,30,82,7,9,1,7.1,0,0,0,0,0,0,0,0,0,1,0,1
The Tinder Swindler,Films,United Kingdom,5,86,0.34146341463414637,89,35,41,31,14,7.1,0,0,0,0,0,0,0,0,0,1,0,1
The Tinder Swindler,Films,United States,4,191,0.2840909090909091,91,46,88,78,25,7.1,0,0,0,0,0,0,0,0,0,1,0,1
The Town,Films,United States,2,199,11.571428571428571,91,46,7,111,81,7.5,0,1,0,0,0,0,0,0,1,1,0,5
The Trip,Films,United States,1,32,6.5,91,46,2,17,13,6.9,0,0,1,0,1,0,1,0,0,0,0,6
The Ultimatum: Marry or Move On: Season 1,TV,United Kingdom,3,5,1,89,35,2,1,2,5.5,1,0,0,0,0,0,0,0,0,0,0,3
The Umbrella Academy: Season 1,TV,Brazil,2,234,1.0833333333333333,38,76,60,109,65,7.9,1,0,0,0,1,1,1,0,0,0,0,6
The Umbrella Academy: Season 1,TV,France,2,12,1,71,86,3,6,3,7.9,1,0,0,0,1,1,1,0,0,0,0,4
The Umbrella Academy: Season 1,TV,Mexico,1,63,1.2,30,82,5,52,6,7.9,1,0,0,0,1,1,1,0,0,0,0,10
The Umbrella Academy: Season 1,TV,United Kingdom,2,44,4.5,89,35,4,22,18,7.9,1,0,0,0,1,1,1,0,0,0,0,7
The Umbrella Academy: Season 1,TV,United States,2,289,1.1,91,46,70,142,77,7.9,1,0,0,0,1,1,1,0,0,0,0,6
The Umbrella Academy: Season 2,TV,United Kingdom,1,44,4.5,89,35,4,22,18,7.9,1,0,0,0,1,1,1,0,0,0,0,10
The Umbrella Academy: Season 3,TV,Brazil,2,234,1.1,38,76,60,108,66,7.9,1,0,0,0,1,1,1,0,0,0,0,1
The Umbrella Academy: Season 3,TV,France,2,12,1,71,86,3,6,3,7.9,1,0,0,0,1,1,1,0,0,0,0,1
The Umbrella Academy: Season 3,TV,Mexico,2,63,1.2,30,82,5,52,6,7.9,1,0,0,0,1,1,1,0,0,0,0,1
The Umbrella Academy: Season 3,TV,United Kingdom,2,44,4.5,89,35,4,22,18,7.9,1,0,0,0,1,1,1,0,0,0,0,1
The Umbrella Academy: Season 3,TV,United States,2,289,1.0857142857142856,91,46,70,142,76,7.9,1,0,0,0,1,1,1,0,0,0,0,1
The Unforgivable,Films,Brazil,3,19,1.75,38,76,4,8,7,7.1,0,1,0,0,0,0,0,0,0,1,0,1
The Unforgivable,Films,Mexico,4,7,4,30,82,1,2,4,7.1,0,1,0,0,0,0,0,0,0,1,0,1
The Unforgivable,Films,United States,4,157,1.1627906976744187,91,46,43,64,50,7.1,0,1,0,0,0,0,0,0,0,1,0,1
The Vault,Films,United States,4,41,8,91,46,2,23,16,6.4,0,0,0,0,1,1,0,0,1,0,0,1
The Walking Dead: Season 10,TV,France,4,95,3.3846153846153846,71,86,13,38,44,8.1,1,1,1,0,0,0,0,0,1,0,0,6
The Walking Dead: Season 10,TV,United States,2,2161,0.8009950248756219,91,46,603,1054,483,8.1,1,1,1,0,0,0,0,0,1,0,0,4
The Weekend Away,Films,United Kingdom,3,10,0.5,89,35,4,4,2,5.6,0,1,0,1,0,0,0,0,0,1,0,1
The Weekend Away,Films,United States,2,35,0.7692307692307693,91,46,13,12,10,5.6,0,1,0,1,0,0,0,0,0,1,0,3
The Witcher: Nightmare of the Wolf,Films,Brazil,1,9,3,38,76,1,5,3,7.2,1,0,0,0,1,1,0,0,0,0,1,9
The Witcher: Nightmare of the Wolf,Films,France,1,4,2,71,86,1,1,2,7.2,1,0,0,0,1,1,0,0,0,0,1,8
The Witcher: Nightmare of the Wolf,Films,United States,1,20,3,91,46,2,12,6,7.2,1,0,0,0,1,1,0,0,0,0,1,7
The Witcher: Season 1,TV,Brazil,3,426,1.8125,38,76,64,246,116,8.1,1,1,0,0,1,1,0,0,0,0,0,4
The Witcher: Season 1,TV,France,5,119,4.6,71,86,10,63,46,8.1,1,1,0,0,1,1,0,0,0,0,0,3
The Witcher: Season 1,TV,Mexico,3,82,1.8571428571428572,30,82,14,42,26,8.1,1,1,0,0,1,1,0,0,0,0,0,5
The Witcher: Season 1,TV,United Kingdom,5,262,4.2592592592592595,89,35,27,120,115,8.1,1,1,0,0,1,1,0,0,0,0,0,2
The Witcher: Season 1,TV,United States,5,823,2.5315315315315314,91,46,111,423,281,8.1,1,1,0,0,1,1,0,0,0,0,0,2
The Witcher: Season 2,TV,Brazil,5,426,1.8125,38,76,64,246,116,8.1,1,1,0,0,1,1,0,0,0,0,0,1
The Witcher: Season 2,TV,France,6,119,4.6,71,86,10,63,46,8.1,1,1,0,0,1,1,0,0,0,0,0,1
The Witcher: Season 2,TV,Mexico,5,82,1.8571428571428572,30,82,14,42,26,8.1,1,1,0,0,1,1,0,0,0,0,0,1
The Witcher: Season 2,TV,United Kingdom,5,262,4.2592592592592595,89,35,27,120,115,8.1,1,1,0,0,1,1,0,0,0,0,0,1
The Witcher: Season 2,TV,United States,6,823,2.5315315315315314,91,46,111,423,281,8.1,1,1,0,0,1,1,0,0,0,0,0,1
The Woman in the House Across the Street from the Girl in the Window: Season 1,TV,United Kingdom,4,20,0.8,89,35,5,11,4,6.4,0,1,0,0,0,0,1,0,0,1,0,2
The Woman in the House Across the Street from the Girl in the Window: Season 1,TV,United States,3,150,0.6727272727272727,91,46,55,57,37,6.4,0,1,0,0,0,0,1,0,0,1,0,2
There's Someone Inside Your House,Films,Brazil,1,5,2,38,76,1,2,2,4.8,0,0,1,1,0,0,0,0,1,0,0,3
There's Someone Inside Your House,Films,United Kingdom,1,4,1,89,35,1,2,1,4.8,0,0,1,1,0,0,0,0,1,0,0,5
There's Someone Inside Your House,Films,United States,1,45,1.1818181818181819,91,46,11,21,13,4.8,0,0,1,1,0,0,0,0,1,0,0,3
Thirty-Nine: Season 1,TV,Japan,11,2,1,46,92,1,0,1,7.3,1,1,0,0,0,1,1,0,0,0,0,2
This Is the End,Films,France,1,7,3,71,86,1,3,3,6.6,0,0,0,0,0,0,1,0,0,0,0,10
Tides,Films,United States,1,39,4.333333333333333,91,46,3,23,13,5.4,0,0,0,0,1,1,0,0,0,0,0,3
Tiger King 2,TV,United Kingdom,2,60,0.6111111111111112,89,35,18,31,11,7.5,0,0,0,0,0,0,0,0,0,1,0,1
Tiger King 2,TV,United States,2,314,0.7466666666666667,91,46,75,183,56,7.5,0,0,0,0,0,0,0,0,0,1,0,1
Till Death,Films,United States,1,189,0.27,91,46,100,61,27,5.8,0,0,0,0,0,0,0,0,1,0,0,10
Titanic,Films,United States,6,398,1.2615384615384615,91,46,65,251,82,7.9,0,1,0,0,0,0,0,1,0,0,0,2
Titans: Season 1,TV,France,1,20,4,71,86,2,10,8,7.6,1,0,0,0,1,1,0,0,0,1,0,10
Titans: Season 3,TV,Brazil,3,130,0.7073170731707317,38,76,41,60,29,7.6,1,0,0,0,1,1,0,0,0,1,0,3
Titans: Season 3,TV,France,3,20,4,71,86,2,10,8,7.6,1,0,0,0,1,1,0,0,0,1,0,3
Titans: Season 3,TV,Mexico,2,287,1.0892857142857142,30,82,56,170,61,7.6,1,0,0,0,1,1,0,0,0,1,0,4
Titans: Season 3,TV,United Kingdom,3,228,1.15,89,35,60,99,69,7.6,1,0,0,0,1,1,0,0,0,1,0,2
Todos queremos a alguien,Films,Mexico,1,4,1,30,82,1,2,1,6.4,0,0,0,0,0,0,1,1,0,0,0,4
Tomb Raider,Films,United Kingdom,2,237,3.590909090909091,89,35,22,136,79,6.3,0,0,0,0,1,1,0,0,0,0,0,3
Too Hot to Handle: Brazil: Season 1,TV,Brazil,3,7,0.3333333333333333,38,76,3,3,1,5.4,1,0,0,0,0,0,0,1,0,0,0,3
Too Hot to Handle: Season 2,TV,Brazil,1,7,3,38,76,1,3,3,4.7,1,0,0,0,0,0,0,1,0,0,0,8
Too Hot to Handle: Season 2,TV,France,2,5,0.5,71,86,2,2,1,4.7,1,0,0,0,0,0,0,1,0,0,0,4
Too Hot to Handle: Season 2,TV,United Kingdom,3,74,0.5217391304347826,89,35,23,39,12,4.7,1,0,0,0,0,0,0,1,0,0,0,1
Too Hot to Handle: Season 2,TV,United States,2,215,0.4939759036144578,91,46,83,91,41,4.7,1,0,0,0,0,0,0,1,0,0,0,4
Too Hot to Handle: Season 3,TV,France,1,5,0.5,71,86,2,2,1,4.7,1,0,0,0,0,0,0,1,0,0,0,7
Too Hot to Handle: Season 3,TV,United Kingdom,2,74,0.5217391304347826,89,35,23,39,12,4.7,1,0,0,0,0,0,0,1,0,0,0,5
Too Hot to Handle: Season 3,TV,United States,2,215,0.5060240963855421,91,46,83,90,42,4.7,1,0,0,0,0,0,0,1,0,0,0,4
Top Boy: Season 1,TV,United Kingdom,4,133,1.6428571428571428,89,35,28,59,46,8.4,1,1,0,0,0,0,0,0,1,1,0,3
Top Boy: Season 2,TV,United Kingdom,5,133,1.6428571428571428,89,35,28,59,46,8.4,1,1,0,0,0,0,0,0,1,1,0,1
Top Boy: Season 2,TV,United States,1,126,0.6818181818181818,91,46,44,52,30,8.4,1,1,0,0,0,0,0,0,1,1,0,10
Top Gun,Films,United States,2,2607,6.362573099415204,91,46,171,1345,1088,6.9,1,1,0,0,1,0,0,0,0,0,0,4
Toscana,Films,Brazil,2,20,1.5,38,76,2,15,3,5.7,0,1,0,0,0,0,0,1,0,0,0,5
Toscana,Films,United States,1,30,8,91,46,1,21,8,5.7,0,1,0,0,0,0,0,1,0,0,0,8
Toy Boy: Season 1,TV,Brazil,1,71,0.6086956521739131,38,76,23,34,14,6.5,1,0,0,0,1,1,0,0,0,1,0,8
Toy Boy: Season 2,TV,Brazil,2,71,0.6086956521739131,38,76,23,34,14,6.5,1,0,0,0,1,1,0,0,0,1,0,4
Trollhunters: Rise of the Titans,Films,Mexico,1,3,2,30,82,1,0,2,6.6,1,0,0,0,1,1,0,0,0,0,1,3
Trollhunters: Rise of the Titans,Films,United Kingdom,1,3,1,89,35,1,1,1,6.6,1,0,0,0,1,1,0,0,0,0,1,9
Trollhunters: Rise of the Titans,Films,United States,1,16,0.75,91,46,8,2,6,6.6,1,0,0,0,1,1,0,0,0,0,1,8
Trolls,Films,Brazil,1,8,1,38,76,2,4,2,6.4,0,0,0,0,0,1,1,0,0,0,1,9
True Story: Limited Series,TV,Brazil,1,27,0.5,38,76,6,18,3,7.4,0,1,0,0,0,0,0,0,1,1,0,4
True Story: Limited Series,TV,France,1,76,0.4444444444444444,71,86,18,50,8,7.4,0,1,0,0,0,0,0,0,1,1,0,7
True Story: Limited Series,TV,United Kingdom,3,575,1.0113636363636365,89,35,88,398,89,7.4,0,1,0,0,0,0,0,0,1,1,0,2
True Story: Limited Series,TV,United States,3,3543,1.3294117647058823,91,46,510,2348,678,7.4,0,1,0,0,0,0,0,0,1,1,0,1
Turbo,Films,Mexico,1,36,0.75,30,82,4,29,3,6.4,0,0,0,0,0,1,1,0,0,0,1,8
Twenty Five Twenty One: Season 1,TV,Mexico,1,16,3,30,82,3,4,9,8.6,0,1,0,0,0,0,0,1,0,0,0,8
Twentysomethings: Austin: Season 1,TV,United States,1,73,0.4473684210526316,91,46,38,18,17,6.2,0,0,0,0,0,0,0,0,0,0,0,7
Twilight,Films,France,2,31,4.5,71,86,2,20,9,5.3,0,1,0,0,0,0,0,1,0,0,0,2
Twilight,Films,United States,3,590,1.8860759493670887,91,46,79,362,149,5.3,0,1,0,0,0,0,0,1,0,0,0,1
U.S. Marshals,Films,United States,2,25,0.2727272727272727,91,46,11,11,3,6.5,0,0,0,0,1,0,0,0,1,1,0,2
Underworld,Films,United Kingdom,1,27,2.5,89,35,2,20,5,7,0,0,0,0,1,0,0,0,1,0,0,9
Unfaithful,Films,United Kingdom,1,3,0.5,89,35,2,0,1,6.7,0,1,0,0,0,0,0,1,1,0,0,10
Untold: Malice at the Palace,Films,United States,2,52,0.8823529411764706,91,46,17,20,15,7.5,0,0,0,0,0,0,0,0,0,1,0,7
Us,Films,France,2,225,0.20634920634920634,71,86,63,149,13,6.8,0,0,1,1,0,0,0,0,1,0,0,5
Us,Films,Japan,1,48,0.2,46,92,5,42,1,6.8,0,0,1,1,0,0,0,0,1,0,0,7
Valeria: Season 2,TV,Brazil,1,15,1,38,76,3,9,3,6.5,1,1,0,0,0,1,1,0,0,0,0,8
Valeria: Season 2,TV,France,3,4,2,71,86,1,1,2,6.5,1,1,0,0,0,1,1,0,0,0,0,4
Van Helsing: Season 5,TV,Brazil,1,28,0.45454545454545453,38,76,11,12,5,6.2,1,1,0,0,1,0,0,0,0,0,0,9
Van Helsing: Season 5,TV,United Kingdom,1,16,1,89,35,4,8,4,6.2,1,1,0,0,1,0,0,0,0,0,0,6
Vendetta,Films,United Kingdom,1,20,1.75,89,35,4,9,7,4.7,0,1,0,0,1,0,0,0,0,0,0,5
Venom,Films,Brazil,4,308,3.0555555555555554,38,76,18,235,55,6.6,0,0,0,0,1,1,0,0,0,0,0,1
Venom,Films,France,3,62,2.3333333333333335,71,86,6,42,14,6.6,0,0,0,0,1,1,0,0,0,0,0,2
Venom,Films,Mexico,4,301,1.7333333333333334,30,82,30,219,52,6.6,0,0,0,0,1,1,0,0,0,0,0,1
Vikings: Valhalla: Season 1,TV,Brazil,3,70,0.8888888888888888,38,76,18,36,16,7.3,1,1,0,0,1,1,0,0,0,0,0,1
Vikings: Valhalla: Season 1,TV,France,4,11,2,71,86,1,8,2,7.3,1,1,0,0,1,1,0,0,0,0,0,1
Vikings: Valhalla: Season 1,TV,Mexico,3,25,1.75,30,82,4,14,7,7.3,1,1,0,0,1,1,0,0,0,0,0,2
Vikings: Valhalla: Season 1,TV,United Kingdom,3,33,9.5,89,35,2,12,19,7.3,1,1,0,0,1,1,0,0,0,0,0,1
Vikings: Valhalla: Season 1,TV,United States,3,78,1.8461538461538463,91,46,13,41,24,7.3,1,1,0,0,1,1,0,0,0,0,0,2
Villain,Films,United Kingdom,2,32,1.7142857142857142,89,35,7,13,12,5.9,0,1,0,0,1,0,0,0,0,1,0,2
Virgin River: Season 1,TV,United Kingdom,1,40,2,89,35,10,10,20,7.4,1,1,0,0,0,0,0,1,0,0,0,7
Virgin River: Season 1,TV,United States,2,189,0.7142857142857143,91,46,70,69,50,7.4,1,1,0,0,0,0,0,1,0,0,0,8
Virgin River: Season 2,TV,United States,1,189,0.7142857142857143,91,46,70,69,50,7.4,1,1,0,0,0,0,0,1,0,0,0,10
Virgin River: Season 3,TV,Brazil,4,85,1.7777777777777777,38,76,18,35,32,7.4,1,1,0,0,0,0,0,1,0,0,0,3
Virgin River: Season 3,TV,France,4,4,2,71,86,1,1,2,7.4,1,1,0,0,0,0,0,1,0,0,0,2
Virgin River: Season 3,TV,Mexico,2,4,0.5,30,82,2,1,1,7.4,1,1,0,0,0,0,0,1,0,0,0,5
Virgin River: Season 3,TV,United Kingdom,6,40,2,89,35,10,10,20,7.4,1,1,0,0,0,0,0,1,0,0,0,1
Virgin River: Season 3,TV,United States,5,189,0.7142857142857143,91,46,70,69,50,7.4,1,1,0,0,0,0,0,1,0,0,0,1
Vivo,Films,Brazil,3,283,0.3235294117647059,38,76,102,148,33,6.7,0,0,0,0,0,1,1,0,0,0,1,2
Vivo,Films,France,2,12,2,71,86,1,9,2,6.7,0,0,0,0,0,1,1,0,0,0,1,2
Vivo,Films,Mexico,4,89,17,30,82,1,71,17,6.7,0,0,0,0,0,1,1,0,0,0,1,2
Vivo,Films,United Kingdom,4,17,2.3333333333333335,89,35,3,7,7,6.7,0,0,0,0,0,1,1,0,0,0,1,2
Vivo,Films,United States,9,120,7.571428571428571,91,46,7,60,53,6.7,0,0,0,0,0,1,1,0,0,0,1,2
War of the Worlds,Films,United States,1,67,0.8421052631578947,91,46,19,32,16,6.5,0,0,0,0,1,1,0,0,0,0,0,6
Warcraft,Films,Brazil,2,50,5.5,38,76,2,37,11,6.7,0,0,0,0,1,1,0,0,0,0,0,3
Warrior,Films,United States,1,875,3.6206896551724137,91,46,87,472,315,8.2,0,1,0,0,1,0,0,0,0,0,0,10
Welcome to Eden: Season 1,TV,Brazil,3,3,1,38,76,1,1,1,5.5,1,1,0,0,1,0,0,0,0,0,0,1
Welcome to Eden: Season 1,TV,United States,1,19,1.2,91,46,5,8,6,5.5,1,1,0,0,1,0,0,0,0,0,0,3
Who Killed Sara?: Season 3,TV,United States,1,81,0.3333333333333333,91,46,39,29,13,6.4,1,1,0,1,0,0,0,0,0,1,0,4
Widows,Films,United Kingdom,1,16,4,89,35,2,6,8,6.8,0,1,0,0,0,0,0,0,1,1,0,3
Wild Card,Films,United States,1,541,1.948051948051948,91,46,77,314,150,5.6,0,1,0,0,1,0,0,0,0,1,0,8
Wind River,Films,United States,3,14,1.5,91,46,4,4,6,7.7,0,1,0,1,0,0,0,0,0,1,0,7
Windfall,Films,United Kingdom,2,16,0.14285714285714285,89,35,7,8,1,5.7,0,1,0,0,0,0,0,0,1,1,0,4
Windfall,Films,United States,2,37,1.5714285714285714,91,46,7,19,11,5.7,0,1,0,0,0,0,0,0,1,1,0,6
Workin' Moms: Season 6,TV,United Kingdom,2,12,2,89,35,3,3,6,7.8,1,1,0,0,0,0,1,0,0,0,0,4
Workin' Moms: Season 6,TV,United States,2,52,1.3333333333333333,91,46,15,17,20,7.8,1,1,0,0,0,0,1,0,0,0,0,5
World Trade Center,Films,France,1,68,0.2,71,86,30,32,6,6,0,1,0,0,0,0,0,0,1,0,0,9
World Trade Center,Films,United Kingdom,2,52,0.3333333333333333,89,35,12,36,4,6,0,1,0,0,0,0,0,0,1,0,0,6
Worst Roommate Ever: Season 1,TV,United Kingdom,2,18,0.75,89,35,8,4,6,7.1,0,0,0,0,0,0,0,0,1,1,0,3
Worst Roommate Ever: Season 1,TV,United States,3,153,0.6617647058823529,91,46,68,39,45,7.1,0,0,0,0,0,0,0,0,1,1,0,1
Worth,Films,France,1,3,1,71,86,1,1,1,6.8,0,1,0,0,0,0,0,0,0,0,0,7
Worth,Films,United Kingdom,1,37,13,89,35,1,23,13,6.8,0,1,0,0,0,0,0,0,0,0,0,3
Worth,Films,United States,1,176,1.6896551724137931,91,46,29,98,49,6.8,0,1,0,0,0,0,0,0,0,0,0,2
Wrong Turn,Films,United Kingdom,2,16,0.5,89,35,8,4,4,6.1,0,0,1,0,0,0,0,0,1,0,0,5
Ya veremos,Films,Mexico,2,3,2,30,82,1,0,2,5.8,0,1,0,0,0,0,0,0,0,0,0,2
Yara,Films,Brazil,2,8,0.6666666666666666,38,76,3,3,2,6.3,0,1,0,0,0,0,0,0,1,1,0,6
Yara,Films,United Kingdom,1,4,1,89,35,1,2,1,6.3,0,1,0,0,0,0,0,0,1,1,0,9
Yesterday,Films,Mexico,1,41,4.333333333333333,30,82,3,25,13,6.8,0,0,0,0,0,0,1,0,0,0,0,10
"Yo soy Betty, la fea: Season 1",TV,Mexico,53,28,1.6,30,82,5,15,8,8.3,1,1,0,0,0,0,1,1,0,0,0,1
You Don't Know Me: Season 1,TV,United Kingdom,1,78,2.3684210526315788,89,35,19,14,45,6.8,0,1,0,0,0,0,0,0,0,1,0,7
You: Season 1,TV,Brazil,1,227,0.85,38,76,60,116,51,7.7,1,1,0,0,0,0,0,1,0,1,0,7
You: Season 1,TV,France,2,61,2.375,71,86,8,34,19,7.7,1,1,0,0,0,0,0,1,0,1,0,9
You: Season 1,TV,Mexico,1,136,1.5833333333333333,30,82,12,105,19,7.7,1,1,0,0,0,0,0,1,0,1,0,7
You: Season 1,TV,United Kingdom,3,462,2.4,89,35,65,241,156,7.7,1,1,0,0,0,0,0,1,0,1,0,4
You: Season 1,TV,United States,3,2689,1.2057142857142857,91,46,525,1525,633,7.7,1,1,0,0,0,0,0,1,0,1,0,5
You: Season 2,TV,Brazil,1,227,0.8666666666666667,38,76,60,115,52,7.7,1,1,0,0,0,0,0,1,0,1,0,10
You: Season 2,TV,United Kingdom,4,462,2.4,89,35,65,241,156,7.7,1,1,0,0,0,0,0,1,0,1,0,6
You: Season 2,TV,United States,2,2689,1.2057142857142857,91,46,525,1525,633,7.7,1,1,0,0,0,0,0,1,0,1,0,7
You: Season 3,TV,Brazil,5,227,0.85,38,76,60,116,51,7.7,1,1,0,0,0,0,0,1,0,1,0,1
You: Season 3,TV,France,7,61,2.375,71,86,8,34,19,7.7,1,1,0,0,0,0,0,1,0,1,0,1
You: Season 3,TV,Mexico,5,136,1.5833333333333333,30,82,12,105,19,7.7,1,1,0,0,0,0,0,1,0,1,0,1
You: Season 3,TV,United Kingdom,6,462,2.4,89,35,65,241,156,7.7,1,1,0,0,0,0,0,1,0,1,0,1
You: Season 3,TV,United States,6,2689,1.2080152671755726,91,46,524,1525,633,7.7,1,1,0,0,0,0,0,1,0,1,0,1
