video_title,neg_sentiment,neu_sentiment,pos_sentiment,country_name
#sexeducation,0,1,0,Brazil
365 Days,7,124,14,Brazil
365 Days: This Day,47,95,20,Brazil
7 Prisoners,1,4,0,Brazil
A Boy Called Christmas,0,1,1,Brazil
A Castle For Christmas,1,3,1,Brazil
A Classic Horror Story,3,2,1,Brazil
Ã Fada!,1,2,2,Brazil
A Perfect Enemy,1,0,1,Brazil
A Perfect Pairing,3,18,6,Brazil
A Quiet Place,0,3,3,Brazil
Afterlife of the Party,0,3,2,Brazil
Aftermath,0,0,1,Brazil
All of Us Are Dead: Season 1,73,68,34,Brazil
AlRawabi School for Girls: Season 1,6,13,7,Brazil
Anatomy of a Scandal: Limited Series,0,7,4,Brazil
Arcane: Season 1,182,411,268,Brazil
Archive 81: Season 1,1,9,5,Brazil
Army of the Dead,2,4,4,Brazil
Army of Thieves,2,8,6,Brazil
As Aventuras de Poliana: Season 1,2,2,0,Brazil
Atypical: Season 4,21,33,32,Brazil
Back to 15: Season 1,0,0,2,Brazil
Bartkowiak,0,1,1,Brazil
Beauty and the Beast,0,4,3,Brazil
Beckett,1,4,1,Brazil
Black Island,1,1,0,Brazil
Blindspot: Season 1,13,10,11,Brazil
Blindspot: Season 5,13,10,11,Brazil
Blood Red Sky,2,3,3,Brazil
Body Cam,0,5,0,Brazil
Boruto: Naruto Next Generations: Season 1,3,8,7,Brazil
Boruto: Naruto Next Generations: Season 2,3,8,7,Brazil
Bridgerton: Season 1,167,407,182,Brazil
Bridgerton: Season 2,165,407,184,Brazil
Brightburn,1,0,1,Brazil
Brooklyn Nine-Nine: Season 7,4,7,7,Brazil
Brotherhood: Season 1,1,29,19,Brazil
Brotherhood: Season 2,1,29,19,Brazil
Bruised,1,3,2,Brazil
Bumblebee,2,12,2,Brazil
Business Proposal: Season 1,14,50,32,Brazil
CafÃ© con aroma de mujer: Season 1,13,16,12,Brazil
CÃºmplices de um Resgate: Season 1,2,2,0,Brazil
Captain Nova,1,0,0,Brazil
Carinha de Anjo: Season 1,29,987,65,Brazil
Carrossel,38,194,19,Brazil
Centauro,4,215,0,Brazil
Chiquititas,16,161,11,Brazil
Choose or Die,1,2,0,Brazil
Cleveland Abduction,0,1,0,Brazil
Clickbait: Limited Series,33,22,18,Brazil
Cobra Kai: Season 4,39,136,66,Brazil
Control Z: Season 2,45,96,22,Brazil
Cowboy Bebop: Season 1,17,55,42,Brazil
Crawl,0,2,0,Brazil
Dangerous,1,8,2,Brazil
Deep Impact,0,1,1,Brazil
Don't Look Up,155,297,147,Brazil
Downsizing,0,0,1,Brazil
Dynasty: Season 4,35,21,18,Brazil
Elite: Season 4,131,222,67,Brazil
Elite: Season 5,131,222,67,Brazil
Elize Matsunaga: Once Upon a Crime: Season 1,2,2,1,Brazil
Elves: Season 1,0,1,0,Brazil
Emily in Paris: Season 2,41,88,53,Brazil
Enough,2,2,2,Brazil
Escape Room,5,11,2,Brazil
Extinct,0,1,0,Brazil
Faster,0,2,0,Brazil
Fatherhood,0,4,2,Brazil
Fever Dream,0,2,0,Brazil
First Kill,31,51,27,Brazil
First Kill: Season 1,31,51,27,Brazil
For Life: Season 1,19,37,21,Brazil
For Life: Season 2,19,37,21,Brazil
Fracture,1,0,0,Brazil
Friendzone,1,4,2,Brazil
Furioza,2,0,0,Brazil
Gemini Man,1,0,0,Brazil
Glamour Girls,1,1,1,Brazil
Good Girls: Season 4,37,40,49,Brazil
Gran Torino,0,1,1,Brazil
Great White,0,1,0,Brazil
Grey's Anatomy: Season 17,501,515,228,Brazil
He's All That,1,5,6,Brazil
Heartland: Season 15,0,5,0,Brazil
Heartstopper: Season 1,182,560,411,Brazil
Hellbound: Season 1,19,12,8,Brazil
Hometown Cha-Cha-Cha: Season 1,33,83,37,Brazil
Hotel Transylvania 2,0,0,1,Brazil
How to Sell Drugs Online (Fast): Season 3,0,1,1,Brazil
Hustle,0,4,1,Brazil
Hypnotic,3,6,3,Brazil
Ilhados,3,2,1,Brazil
In From the Cold: Season 1,0,1,0,Brazil
Interceptor,5,5,7,Brazil
IntervenÃ§Ã£o,2,4,0,Brazil
Intimacy: Season 1,0,5,3,Brazil
Intrusion,2,3,2,Brazil
Invasion,22,16,2,Brazil
Inventing Anna: Limited Series,16,30,22,Brazil
Is It Cake?: Season 1,3,7,3,Brazil
Jack Reacher,2,1,1,Brazil
Kate,2,9,5,Brazil
Kingdom: Ashin of the North,1,3,1,Brazil
Kung Fu Panda 3,0,2,0,Brazil
Last Christmas,1,3,2,Brazil
Lost in Space: Season 1,4,7,4,Brazil
Lost in Space: Season 3,4,7,4,Brazil
Love Hard,1,4,7,Brazil
Love Is Blind: Brazil: Season 1,8,3,6,Brazil
Love Tactics,0,1,2,Brazil
Lucifer: Season 5,27,59,24,Brazil
Lucifer: Season 6,27,59,24,Brazil
Lulli,2,62,157,Brazil
Lupin: Part 2,3,15,5,Brazil
Maid: Limited Series,34,30,23,Brazil
Maldivas: Season 1,58,118,97,Brazil
Maya and the Three: Limited Series,0,3,2,Brazil
Men in Black: International,0,1,0,Brazil
Metal Lords,2,27,16,Brazil
Midnight Mass: Limited Series,48,52,30,Brazil
Mine: Season 1,1,6,7,Brazil
Money Heist: Part 1,2,26,1,Brazil
Money Heist: Part 4,2,26,1,Brazil
Money Heist: Part 5,2,26,1,Brazil
Mother/Android,1,2,0,Brazil
Munich â The Edge of War,0,0,1,Brazil
My Name: Season 1,16,28,25,Brazil
Never Have I Ever: Season 2,15,11,4,Brazil
Night Teeth,0,1,0,Brazil
No One Gets Out Alive,0,1,1,Brazil
Noah,3,284,24,Brazil
Non-Stop,0,5,2,Brazil
One of Us Is Lying: Season 1,8,5,2,Brazil
ONE PIECE: Sky Island: Skypiea,70,443,124,Brazil
One-Punch Man: Season 2,1,90,7,Brazil
Open Your Eyes: Season 1,0,9,1,Brazil
Operation Mincemeat,0,1,0,Brazil
Outer Banks: Season 1,42,44,32,Brazil
Outer Banks: Season 2,43,44,32,Brazil
Ozark: Season 4,44,63,51,Brazil
Pacific Rim,1,0,3,Brazil
PAW Patrol: Season 4,1,1,1,Brazil
PAW Patrol: Season 6,1,1,1,Brazil
Peaky Blinders: Season 6,54,189,66,Brazil
Photocopier,0,1,0,Brazil
PIECES OF HER: Season 1,1,4,0,Brazil
Prey,2,6,0,Brazil
Raising Dion: Season 2,2,5,0,Brazil
Rebelde: Season 1,146,526,243,Brazil
Red Notice,2,13,17,Brazil
Redemption,0,1,0,Brazil
Redemption Day,0,1,0,Brazil
Resort to Love,1,1,0,Brazil
Restless,1,7,0,Brazil
Riverdale: Season 5,360,529,224,Brazil
Rurouni Kenshin: The Beginning,0,2,1,Brazil
SAS: Rise of the Black Swan,0,1,0,Brazil
Seal Team,4,2,0,Brazil
Security,5,42,9,Brazil
Senior Year,0,1,4,Brazil
Sex Education: Season 1,155,297,175,Brazil
Sex Education: Season 3,155,296,176,Brazil
Sex/Life: Season 1,42,54,17,Brazil
Sharkdog: Season 1,0,2,0,Brazil
Silverton Siege,0,0,1,Brazil
Sintonia: Season 2,48,53,39,Brazil
Skylines,1,0,0,Brazil
Sonic the Hedgehog,4,40,18,Brazil
Spider-Man,164,1043,262,Brazil
Spider-Man 3,0,10,0,Brazil
Spider-Man: Homecoming,0,8,0,Brazil
Spider-Man: Into the Spider-Verse,0,5,2,Brazil
Spiderhead,2,5,3,Brazil
Squid Game: Season 1,71,160,51,Brazil
Stay Close: Limited Series,1,2,1,Brazil
Stranger Things,1191,1919,727,Brazil
Stranger Things 2,1192,1919,728,Brazil
Stranger Things 3,1195,1917,725,Brazil
Stranger Things 4,1194,1916,727,Brazil
Summer Heat: Season 1,0,1,0,Brazil
Superfly,0,1,1,Brazil
Sweet Girl,0,3,2,Brazil
Sweet Magnolias: Season 2,6,10,3,Brazil
Sweet Tooth: Season 1,2,27,11,Brazil
TÃ´ Ryca,1,7,4,Brazil
Taboo: Season 1,4,6,2,Brazil
Tall Girl 2,1,2,4,Brazil
Texas Chainsaw Massacre,10,7,4,Brazil
The 100: Season 7,50,74,38,Brazil
The Adam Project,1,5,11,Brazil
The Blacklist: Season 8,16,128,22,Brazil
The Chestnut Man: Season 1,0,3,1,Brazil
The Clovehitch Killer,0,1,0,Brazil
THE CRAZIES,0,1,0,Brazil
The Dead Don't Die,1,0,0,Brazil
The Equalizer 2,0,0,1,Brazil
The Father Who Moves Mountains,0,1,1,Brazil
The Flash: Season 7,34,181,30,Brazil
The Guilty,0,3,3,Brazil
The Harder They Fall,2,13,13,Brazil
The In Between,2,4,1,Brazil
The Intruder,0,1,0,Brazil
The King's Affection: Season 1,4,17,5,Brazil
The Kissing Booth 3,3,7,7,Brazil
The Last Kingdom: Season 5,12,29,21,Brazil
The Last Letter From Your Lover,0,4,2,Brazil
The Lincoln Lawyer: Season 1,2,1,0,Brazil
The Lost Daughter,2,8,12,Brazil
The Mask,0,4,0,Brazil
The Pirates: The Last Royal Treasure,0,1,0,Brazil
The Possession of Hannah Grace,0,0,1,Brazil
The Power of the Dog,5,32,42,Brazil
The Princess Switch 3: Romancing the Star,0,1,0,Brazil
The Royal Treatment,0,0,1,Brazil
The Salvation,0,1,0,Brazil
The Seven Deadly Sins: Dragon's Judgement,1,5,0,Brazil
The Silent Sea: Season 1,5,9,7,Brazil
The Sinner: Season 4: Percy,14,42,19,Brazil
The Starling,0,1,0,Brazil
The Swarm,1,2,1,Brazil
The Tinder Swindler,4,9,0,Brazil
The Trip,0,2,1,Brazil
The Umbrella Academy: Season 1,60,109,65,Brazil
The Umbrella Academy: Season 3,60,108,66,Brazil
The Unforgivable,4,8,7,Brazil
The Wasteland,0,1,0,Brazil
The Weekend Away,0,2,0,Brazil
The Whole Truth,0,1,0,Brazil
The Witcher: Nightmare of the Wolf,1,5,3,Brazil
The Witcher: Season 1,64,246,116,Brazil
The Witcher: Season 2,64,246,116,Brazil
There's Someone Inside Your House,1,2,2,Brazil
Titans: Season 3,41,60,29,Brazil
Too Hot to Handle: Brazil: Season 1,3,3,1,Brazil
Too Hot to Handle: Season 2,1,3,3,Brazil
Toscana,2,15,3,Brazil
Toy Boy: Season 1,23,34,14,Brazil
Toy Boy: Season 2,23,34,14,Brazil
Trollhunters: Rise of the Titans,0,1,0,Brazil
Trolls,2,4,2,Brazil
Troy,0,7,1,Brazil
True Story: Limited Series,6,18,3,Brazil
Trust,0,21,6,Brazil
Two,0,6,2,Brazil
Valeria: Season 2,3,9,3,Brazil
Van Helsing: Season 5,11,12,5,Brazil
Venom,18,235,55,Brazil
Vikings: Valhalla: Season 1,18,36,16,Brazil
Virgin River: Season 3,18,35,32,Brazil
Vivo,102,148,33,Brazil
Warcraft,2,37,11,Brazil
Welcome to Eden: Season 1,1,1,1,Brazil
What Men Want,1,0,0,Brazil
Yakuza Princess,0,1,0,Brazil
Yara,3,3,2,Brazil
You: Season 1,60,116,51,Brazil
You: Season 2,60,115,52,Brazil
You: Season 3,60,116,51,Brazil
14 Peaks: Nothing Is Impossible,1,0,0,France
365 Days,0,4,0,France
365 Days: This Day,2,3,1,France
A Castle For Christmas,0,1,0,France
A Star Is Born,5,26,15,France
Afterlife of the Party,0,0,1,France
Aftermath,0,1,2,France
Alice in Borderland: Season 1,1,6,4,France
All of Us Are Dead: Season 1,5,10,7,France
Alpha,7,32,8,France
AlRawabi School for Girls: Season 1,2,2,1,France
Anatomy of a Scandal: Limited Series,0,2,3,France
AngÃ¨le,9,33,20,France
Aquaman,0,6,1,France
Arcane: Season 1,30,69,71,France
Archive 81: Season 1,7,12,7,France
Army of the Dead,1,2,1,France
Army of Thieves,2,5,2,France
As the Crow Flies: Season 1,1,0,0,France
Atypical: Season 4,4,6,4,France
Baki Hanma: Season 1,0,1,0,France
Barbecue,3,70,15,France
Baywatch,0,7,3,France
Beckett,3,7,2,France
Bigbug,3,7,3,France
BlacKkKlansman,1,0,2,France
Blasted,0,1,0,France
Blended,0,1,0,France
Blood Red Sky,2,1,1,France
Brazen,1,1,0,France
Bridgerton: Season 1,9,39,12,France
Bridgerton: Season 2,9,39,12,France
Brightburn,0,1,0,France
Britney Vs Spears,4,5,1,France
Bubble,3,7,5,France
Budapest,2,22,3,France
Carbon,8,19,4,France
Christmas Flow: Season 1,0,14,5,France
Clark: Limited Series,0,1,2,France
Clickbait: Limited Series,1,5,4,France
Cobra Kai: Season 4,3,18,9,France
Collision,0,1,1,France
Cowboy Bebop: Season 1,6,13,6,France
Deliver Us from Evil,0,0,1,France
"Demon Slayer: Kimetsu no Yaiba: Tanjiro Kamado, Unwavering Resolve Arc",0,2,1,France
Don't Look Up,132,228,94,France
Downton Abbey: Series 1,7,18,11,France
Downton Abbey: Series 2,7,17,12,France
Dynasty: Season 4,3,9,6,France
Elite: Season 1,17,26,9,France
Elite: Season 4,17,26,9,France
Elite: Season 5,17,26,9,France
Elves: Season 1,1,3,0,France
Emily in Paris: Season 2,23,139,35,France
Entre Amis,1,18,2,France
Escape Room,0,1,4,France
Family Business: Season 3,8,9,9,France
Fatherhood,4,3,2,France
First Kill: Season 1,0,5,4,France
Fistful of Vengeance,0,1,0,France
Friendzone,0,5,1,France
Furioza,0,1,0,France
Game Night,0,1,1,France
Glamour Girls,0,4,1,France
Good Girls: Season 4,3,4,4,France
Halloween,57,521,171,France
Hanna,1,0,0,France
He's All That,1,0,3,France
Heartstopper: Season 1,25,202,123,France
Heat,4,24,5,France
Hellbound: Season 1,4,4,2,France
Hollow Man,0,2,1,France
Home Team,0,3,3,France
How to Sell Drugs Online (Fast): Season 3,0,1,0,France
Hustle,1,5,5,France
Hypnotic,0,1,0,France
In From the Cold: Season 1,0,1,0,France
Interceptor,2,2,2,France
Intimacy: Season 1,0,13,0,France
Intrusion,1,1,1,France
Inventing Anna: Limited Series,2,8,5,France
Jack Reacher,1,2,1,France
Jurassic World: Fallen Kingdom,1,5,1,France
Justice League,4,10,4,France
Kate,0,5,9,France
Kingdom: Ashin of the North,1,0,1,France
Kitz: Season 1,1,1,1,France
Let's Dance,1,17,10,France
Lionheart,0,0,1,France
Lockout,0,1,0,France
LOL,31,214,34,France
Lolo,0,1,0,France
Lost in Space: Season 1,1,5,0,France
Lost in Space: Season 2,1,5,0,France
Lost in Space: Season 3,1,5,0,France
Love Hard,0,3,7,France
Lucifer: Season 5,6,225,113,France
Lucifer: Season 6,6,225,113,France
Lupin: Part 2,6,18,12,France
Maid: Limited Series,0,3,1,France
Man on Fire,0,1,2,France
Manifest: Season 1,17,72,95,France
Metal Lords,0,1,0,France
Midnight Mass: Limited Series,5,7,3,France
Money Heist: Part 1,1,6,0,France
Money Heist: Part 4,1,6,0,France
Money Heist: Part 5,1,6,0,France
Mortel: Season 2,3,3,3,France
Mother/Android,1,0,0,France
Mr. Robot: Season 1,5,16,10,France
My Name: Season 1,1,4,3,France
Narcos: Mexico: Season 3,2,3,7,France
Never Have I Ever: Season 1,1,2,3,France
Never Have I Ever: Season 2,1,2,3,France
New Amsterdam: Season 1,6,12,8,France
New Amsterdam: Season 2,6,12,8,France
Neymar: The Perfect Chaos: Limited Series,0,0,1,France
Night Teeth,0,1,0,France
Noah,1,2,1,France
On My Block: Season 4,12,2,1,France
One of Us Is Lying: Season 1,2,0,0,France
Outer Banks: Season 1,9,5,4,France
Outer Banks: Season 2,9,5,4,France
Outlander: Season 6,77,86,81,France
Outlaws,1,0,0,France
Ozark: Season 1,6,10,13,France
Ozark: Season 4,6,10,13,France
PAW Patrol: Season 3,2,6,4,France
PAW Patrol: Season 5,2,6,4,France
Peaky Blinders: Season 1,7,54,23,France
Peaky Blinders: Season 6,7,54,23,France
PIECES OF HER: Season 1,0,1,1,France
PokÃ©mon Detective Pikachu,1,2,0,France
Prey,2,4,0,France
Problemos,1,3,1,France
Queen of the South: Season 1,0,0,1,France
Queen of the South: Season 5,0,0,1,France
Rampage,1,5,2,France
Red Notice,3,10,9,France
Restless,1,0,0,France
Room,0,9,4,France
S.W.A.T.: Season 1,13,39,17,France
S.W.A.T.: Season 2,13,39,17,France
SAS: Rise of the Black Swan,0,0,3,France
Savage Beauty: Season 1,1,0,0,France
Schumacher,4,11,7,France
Security,17,36,11,France
Senior Year,0,0,6,France
Sex Education: Season 1,22,32,24,France
Sex Education: Season 2,22,32,24,France
Sex Education: Season 3,22,32,24,France
Sex/Life: Season 1,15,15,1,France
ShÃ©hÃ©razade,1,1,2,France
SHAMAN KING: Season 1,0,10,3,France
Shazam!,0,6,5,France
Silverton Siege,0,1,0,France
Sky Rojo: Season 2,1,1,4,France
Skyscraper,1,7,1,France
Slender Man,2,0,0,France
Snowpiercer: Season 3,3,5,2,France
Sous le mÃªme toit,0,1,1,France
Spider-Man,32,265,108,France
Spider-Man 3,0,2,0,France
Spider-Man: Homecoming,0,2,0,France
Spider-Man: Into the Spider-Verse,0,5,1,France
Spiderhead,0,2,0,France
Squid Game: Season 1,96,233,68,France
Stay Close: Limited Series,0,0,2,France
Stealth,1,2,0,France
Stranger Things,67,182,115,France
Stranger Things 2,66,184,114,France
Stranger Things 3,66,184,114,France
Stranger Things 4,66,184,114,France
Summer Heat: Season 1,0,1,0,France
Surviving Summer: Season 1,0,0,1,France
Sweet Girl,0,0,1,France
Sweet Tooth: Season 1,0,4,2,France
Tall Girl 2,0,1,0,France
Texas Chainsaw Massacre,2,5,2,France
The Adam Project,0,1,1,France
The Amazing Spider-Man,0,12,3,France
The Amazing Spider-Man 2,0,1,1,France
The Blacklist: Season 7,0,3,0,France
The Bubble,1,0,0,France
The Dead Don't Die,0,2,1,France
The Flash: Season 6,8,29,7,France
The Game,0,3,1,France
The Good Doctor: Season 1,1,4,7,France
The Good Doctor: Season 2,1,4,7,France
The Guilty,0,3,6,France
The Harder They Fall,1,3,6,France
The In Between,0,0,1,France
The Kissing Booth 3,4,3,3,France
The Last Kingdom: Season 1,0,6,7,France
The Last Kingdom: Season 5,0,6,7,France
The Lost Daughter,0,1,2,France
The Magnificent Seven,0,1,0,France
The Mist,0,4,0,France
The Nun,1,2,0,France
The Patriot,0,1,0,France
The Power of the Dog,6,14,10,France
The Privilege,1,0,0,France
The Punisher,2,5,0,France
The Royals: Season 1,0,1,2,France
The Seven Deadly Sins: Dragon's Judgement,0,1,0,France
The Silent Sea: Season 1,1,3,4,France
The Sinner: Season 3: Jamie,2,2,0,France
The Tinder Swindler,1,1,1,France
The Umbrella Academy: Season 1,3,6,3,France
The Umbrella Academy: Season 3,3,6,3,France
The Walking Dead: Season 10,13,38,44,France
The Wasteland,1,0,0,France
The Witcher: Nightmare of the Wolf,1,1,2,France
The Witcher: Season 1,10,63,46,France
The Witcher: Season 2,10,63,46,France
This Is the End,1,3,3,France
Titans: Season 1,2,10,8,France
Titans: Season 3,2,10,8,France
Tomb Raider,0,13,7,France
Too Hot to Handle: Season 2,2,2,1,France
Too Hot to Handle: Season 3,2,2,1,France
Top Boy: Season 1,0,4,5,France
Top Boy: Season 2,0,4,5,France
Toscana,0,4,1,France
Toy Boy: Season 1,0,2,1,France
Toy Boy: Season 2,0,2,1,France
Transporter 3,0,0,1,France
Trollhunters: Rise of the Titans,0,0,1,France
True Story: Limited Series,18,50,8,France
Twilight,2,20,9,France
Undercover: Season 3,0,5,1,France
Upgrade,0,5,2,France
Us,63,149,13,France
Valeria: Season 2,1,1,2,France
Venom,6,42,14,France
Vikings: Valhalla: Season 1,1,8,2,France
Virgin River: Season 3,1,1,2,France
Vivo,1,9,2,France
Workin' Moms: Season 6,2,0,0,France
World Trade Center,30,32,6,France
World War Z,0,3,1,France
Worth,1,1,1,France
Yakamoz S-245: Season 1,1,2,0,France
Yara,0,10,2,France
You Don't Know Me: Season 1,0,0,1,France
You: Season 1,8,34,19,France
You: Season 3,8,34,19,France
365 Days: This Day,0,3,0,Japan
All of Us Are Dead: Season 1,1,4,1,Japan
Anna,0,113,0,Japan
Asakusa Kid,1,2,0,Japan
Avalanche: Season 1,1,32,0,Japan
Black and Blue,0,3,0,Japan
Blood Red Sky,0,0,1,Japan
Bloodshot,0,1,0,Japan
Bohemian Rhapsody,0,17,0,Japan
Bridgerton: Season 2,0,9,1,Japan
Bubble,1,35,3,Japan
Business Proposal: Season 1,1,9,4,Japan
Central Intelligence,0,1,0,Japan
Charlie and the Chocolate Factory,0,2,0,Japan
Charlie's Angels,0,2,0,Japan
Clover,0,44,0,Japan
Cowboy Bebop: Season 1,5,30,8,Japan
Crash Landing on You: Season 1,0,1,1,Japan
D.P.: Season 1,0,11,0,Japan
DEATH NOTE: Death Note,1,11,0,Japan
Demon Slayer: Kimetsu no Yaiba: Entertainment District Arc,0,6,1,Japan
Demon Slayer: Kimetsu no Yaiba: Mugen Train Arc,0,6,1,Japan
"Demon Slayer: Kimetsu no Yaiba: Tanjiro Kamado, Unwavering Resolve Arc",0,6,1,Japan
Diner,2,198,3,Japan
Dolittle,0,2,0,Japan
Don't Look Up,6,25,3,Japan
Dune,1,169,5,Japan
Emily in Paris: Season 2,0,4,0,Japan
Encounter,0,11,0,Japan
Escape Room,0,4,0,Japan
Exit,0,492,0,Japan
First Love,0,14,0,Japan
Fishbowl Wives: Season 1,0,1,0,Japan
Flip a Coin -ONE OK ROCK Documentary-,0,1,0,Japan
FullMetal Alchemist,0,8,0,Japan
Furious 7,0,2,0,Japan
Gantz,0,31,0,Japan
Golden Kamuy: Season 3,0,6,0,Japan
GOLGO13: Collection 1,0,3,0,Japan
Greenland,0,1,0,Japan
Guns Akimbo,0,2,0,Japan
He's Expecting: Season 1,0,1,0,Japan
Heat,0,42,2,Japan
Hellbound: Season 1,0,7,0,Japan
Hello World,0,35,1,Japan
Hero,1,176,5,Japan
his,0,44,0,Japan
Hometown Cha-Cha-Cha: Season 1,1,11,3,Japan
Hope,2,178,4,Japan
Hospital Playlist: Season 2,0,0,1,Japan
In Time,0,1,0,Japan
Interceptor,0,4,0,Japan
Inventing Anna: Limited Series,1,2,0,Japan
Iron Man,0,71,0,Japan
Itaewon Class: Season 1,0,1,0,Japan
Jack Reacher,0,1,0,Japan
John Wick,0,7,0,Japan
JoJo's Bizarre Adventure: STONE OCEAN,0,83,6,Japan
Jujutsu Kaisen: Season 1,3,67,4,Japan
Just Like Heaven,0,1,0,Japan
Kasane,0,3,0,Japan
Kate,0,34,0,Japan
Knight and Day,0,2,0,Japan
Lawless Lawyer,0,1,0,Japan
Love Hard,0,1,0,Japan
Love is Blind: Japan: Season 1,3,2,2,Japan
Love Like the Falling Petals,0,6,0,Japan
Ma,0,17,0,Japan
Maid: Limited Series,0,222,0,Japan
Midsommar,0,12,0,Japan
Midway,0,5,0,Japan
Mine: Season 1,0,23,1,Japan
Mirai,0,141,0,Japan
Monster Hunter: Legends of the Guild,1,0,0,Japan
Monster: Season 1,2,146,0,Japan
Mortal Kombat,0,3,2,Japan
Mr. & Mrs. Smith,0,1,0,Japan
My Hero Academia: Season 5,0,35,4,Japan
My Name: Season 1,0,5,0,Japan
"Nevertheless,: Season 1",0,1,0,Japan
Night Teeth,0,1,0,Japan
Oblivion,0,3,0,Japan
One Outs: season 1,0,1,0,Japan
ONE PIECE: Wano Country (Ep.892 - Ep.1000),5,3838,20,Japan
Our Beloved Summer: Season 1,0,2,0,Japan
Overlord,0,3,1,Japan
Peninsula,0,24,1,Japan
Peppermint,0,6,0,Japan
R.I.P.D.,0,1,0,Japan
Ready Player One,0,1,0,Japan
Record of Ragnarok: Season 1,0,1,0,Japan
Red Notice,0,8,2,Japan
Reminiscence,0,7,0,Japan
RESIDENT EVIL: Infinite Darkness: Season 1,1,0,0,Japan
SAS: Rise of the Black Swan,0,0,1,Japan
Secret Garden: Season 1,0,4,1,Japan
Security,1,23,5,Japan
Sekigahara,0,15,0,Japan
Senior Year,0,1,0,Japan
Sex Education: Season 3,1,10,2,Japan
Silent Tokyo,0,1,0,Japan
Silver Spoon,0,3,0,Japan
Sing,0,301,6,Japan
Singleâs Inferno: Season 1,0,1,0,Japan
Sket Dance: Season 1,0,2,0,Japan
Space Jam: A New Legacy,2,3,0,Japan
SPRIGGAN: Season 1,0,3,1,Japan
SPY x FAMILY: Season 1,0,257,7,Japan
Squid Game: Season 1,12,62,8,Japan
STAND BY ME Doraemon 2,0,0,1,Japan
Stealth,0,15,0,Japan
Stranger Things,6,57,8,Japan
Stranger Things 2,6,57,8,Japan
Stranger Things 4,6,57,8,Japan
Suicide Squad,1,4,1,Japan
Summer Wars,0,3,0,Japan
Switch,1,625,5,Japan
Tenet,0,9,1,Japan
The Adam Project,1,1,2,Japan
The Blacklist: Season 8,0,2,0,Japan
The Boy and the Beast,0,2,0,Japan
The Cave,1,0,0,Japan
The Conjuring: The Devil Made Me Do It,0,1,0,Japan
THE FABLE,0,3,0,Japan
The Game,0,5,0,Japan
The Good Doctor: Season 1,0,3,0,Japan
The Guilty,0,1,0,Japan
The Harder They Fall,0,2,2,Japan
The Journalist: Season 1,0,1,0,Japan
The King's Affection: Season 1,0,0,1,Japan
The Man from Toronto,0,2,0,Japan
The Matrix,0,16,0,Japan
The Outsider,0,5,0,Japan
The Platform,0,1,0,Japan
The Promised Neverland: Season 2,0,2,0,Japan
The Punisher,1,1,0,Japan
The Sound of Magic: Season 1,0,1,0,Japan
The Suicide Squad,0,33,1,Japan
The Tinder Swindler,1,0,0,Japan
The Unforgivable,0,2,0,Japan
The Witcher: Season 2,0,9,1,Japan
Thirty-Nine: Season 1,1,0,1,Japan
Those Who Wish Me Dead,0,4,0,Japan
Tokyo Revengers: Season 1,0,71,6,Japan
Tom and Jerry,0,36,1,Japan
Tomorrow: Season 1,0,32,0,Japan
Touch Your Heart,0,1,0,Japan
Twenty Five Twenty One: Season 1,0,4,0,Japan
Under the Stars,0,1,0,Japan
Us,5,42,1,Japan
Vincenzo: Season 1,0,2,0,Japan
Windfall,0,1,0,Japan
Wolf Children,0,1,0,Japan
Wonder Woman 1984,0,2,0,Japan
You: Season 3,0,137,2,Japan
13 Going on 30,0,6,2,Mexico
365 Days: This Day,0,20,4,Mexico
A Boy Called Christmas,0,0,1,Mexico
Afterlife of the Party,0,0,1,Mexico
Aftermath,0,1,0,Mexico
Alice in Borderland: Season 1,1,4,1,Mexico
All of Us Are Dead: Season 1,5,6,2,Mexico
Alpha,3,17,2,Mexico
AlRawabi School for Girls: Season 1,0,2,0,Mexico
Amores perros,3,20,3,Mexico
Anatomy of a Scandal: Limited Series,2,3,0,Mexico
Anna,1,25,8,Mexico
Arcane: Season 1,18,67,44,Mexico
Archive 81: Season 1,1,13,3,Mexico
Army of the Dead,6,59,4,Mexico
Army of Thieves,1,4,0,Mexico
Beauty and the Beast,1,7,16,Mexico
Beckett,0,2,1,Mexico
Bedazzled,0,3,0,Mexico
Belzebuth,1,1,4,Mexico
Blood Red Sky,1,4,2,Mexico
Bohemian Rhapsody,0,6,4,Mexico
Boruto: Naruto Next Generations: Season 1,0,2,0,Mexico
Bride Wars,0,2,0,Mexico
Bridgerton: Season 1,8,29,14,Mexico
Bridgerton: Season 2,8,29,14,Mexico
Brightburn,0,0,2,Mexico
Bruised,0,3,1,Mexico
Business Proposal: Season 1,0,6,1,Mexico
CafÃ© con aroma de mujer: Season 1,6,44,10,Mexico
Choose or Die,0,0,1,Mexico
Clickbait: Limited Series,8,10,8,Mexico
Cobra Kai: Season 4,18,117,41,Mexico
Collision,0,1,0,Mexico
Compadres,1,23,8,Mexico
Control Z: Season 1,13,22,7,Mexico
Control Z: Season 2,13,22,7,Mexico
Crawl,0,0,1,Mexico
Dangerous,7,20,0,Mexico
Daughter From Another Mother: Season 1,0,0,1,Mexico
Daughter From Another Mother: Season 2,0,0,1,Mexico
Deep Impact,0,1,0,Mexico
Don't Kill Me,1,0,0,Mexico
Don't Look Up,88,157,90,Mexico
Dora and the Lost City of Gold,0,1,0,Mexico
Dynasty: Season 4,5,8,2,Mexico
El Chema: Season 1,1,0,0,Mexico
El infierno,6,2,1,Mexico
Elite: Season 4,17,72,18,Mexico
Elite: Season 5,17,72,18,Mexico
Elves: Season 1,0,0,3,Mexico
Emily in Paris: Season 2,7,29,16,Mexico
Enough,2,4,1,Mexico
Escape Room,0,1,0,Mexico
Everything Will Be Fine: Season 1,0,1,1,Mexico
Extinct,2,3,0,Mexico
Falling Into Your Smile: Season 1,0,2,4,Mexico
Falsa identidad: Season 1,0,1,1,Mexico
Falsa identidad: Season 2,0,1,1,Mexico
Faster,0,7,3,Mexico
Fatale,0,0,1,Mexico
Fatherhood,0,4,7,Mexico
First Kill,0,2,1,Mexico
First Kill: Season 1,0,2,1,Mexico
Five Feet Apart,1,0,1,Mexico
For Life: Season 1,0,3,1,Mexico
Forecasting Love and Weather: Season 1,0,1,0,Mexico
Fracture,1,4,0,Mexico
Friendzone,4,8,2,Mexico
Furioza,1,0,2,Mexico
Gangubai Kathiawadi,0,0,1,Mexico
Gemini Man,0,0,1,Mexico
Ghost Ship,1,0,0,Mexico
Good Girls: Season 4,2,5,2,Mexico
Gran Torino,1,0,3,Mexico
Grey's Anatomy: Season 17,53,108,24,Mexico
Halftime,8,21,6,Mexico
He's All That,0,2,2,Mexico
Heartstopper: Season 1,46,444,127,Mexico
Heat,2,28,5,Mexico
Heavenly Bites: Mexico: Season 1,1,0,0,Mexico
Hellbound: Season 1,1,4,2,Mexico
Home Team,0,4,2,Mexico
Homefront,0,1,0,Mexico
Hometown Cha-Cha-Cha: Season 1,1,3,5,Mexico
Hustle,2,16,10,Mexico
I Am Georgina: Season 1,1,0,0,Mexico
In Time,0,1,0,Mexico
Interceptor,1,2,2,Mexico
Intrusion,5,64,4,Mexico
Invasion,14,16,4,Mexico
Inventing Anna: Limited Series,8,5,4,Mexico
Is It Cake?: Season 1,1,2,1,Mexico
Jack Reacher,0,1,1,Mexico
Jurassic World Camp Cretaceous: Season 4,0,1,0,Mexico
Just Go With It,0,1,0,Mexico
Juvenile Justice: Season 1,0,0,1,Mexico
Kate,0,4,2,Mexico
Kingdom: Ashin of the North,3,1,0,Mexico
Knives Out,0,2,3,Mexico
La ley de Herodes,1,3,1,Mexico
La Reina del Sur: Season 2,0,4,0,Mexico
Lost in Space: Season 3,0,3,2,Mexico
Love Hard,0,3,2,Mexico
Lucifer: Season 6,3,24,9,Mexico
Ma,2,13,8,Mexico
Maid: Limited Series,6,21,10,Mexico
"Malverde, el santo patrÃ³n: Season 1",2,54,16,Mexico
Man on Fire,1,0,2,Mexico
Maya and the Three: Limited Series,0,10,4,Mexico
Memoirs of a Geisha,0,1,0,Mexico
Metal Lords,3,9,11,Mexico
Midnight Mass: Limited Series,13,24,17,Mexico
Mine: Season 1,1,6,6,Mexico
Money Heist: Part 1,3,10,4,Mexico
Money Heist: Part 5,3,10,4,Mexico
My Little Pony: A New Generation,0,3,3,Mexico
My Name: Season 1,0,3,0,Mexico
Narcos: Mexico: Season 1,18,40,9,Mexico
Narcos: Mexico: Season 2,18,40,9,Mexico
Narcos: Mexico: Season 3,18,40,9,Mexico
Never Back Down,1,47,2,Mexico
Never Have I Ever: Season 2,1,2,2,Mexico
"Nevertheless,: Season 1",2,4,2,Mexico
Nightbooks,0,0,2,Mexico
No One Gets Out Alive,0,2,0,Mexico
No Reservations,0,1,0,Mexico
Non-Stop,0,7,16,Mexico
On My Block: Season 4,1,0,1,Mexico
Once Upon a Time in Hollywood,0,1,0,Mexico
One of Us Is Lying: Season 1,0,1,3,Mexico
One-Punch Man: Season 2,4,30,5,Mexico
Ozark: Season 4,31,51,33,Mexico
Pacific Rim,0,4,0,Mexico
Parallel Mothers,0,2,0,Mexico
PAW Patrol: Season 6,0,20,9,Mexico
Peaky Blinders: Season 6,21,68,25,Mexico
Penguin Bloom,0,1,1,Mexico
Playing with Fire,0,1,0,Mexico
Prayers for the Stolen,1,7,1,Mexico
Prey,1,5,1,Mexico
Rebelde: Season 1,21,54,25,Mexico
Red Notice,2,20,9,Mexico
Redemption,0,1,1,Mexico
Rescued by Ruby,0,1,0,Mexico
Restless,2,1,0,Mexico
Riverdale: Season 5,3,92,6,Mexico
SAS: Rise of the Black Swan,0,0,1,Mexico
SeÃ±ora Acero: Season 1,1,7,0,Mexico
SeÃ±ora Acero: Season 2,1,7,0,Mexico
SeÃ±ora Acero: Season 3,1,7,0,Mexico
Seal Team,0,0,1,Mexico
Senior Year,0,10,3,Mexico
Sex Education: Season 1,17,68,34,Mexico
Sex Education: Season 2,17,67,35,Mexico
Sex Education: Season 3,18,67,34,Mexico
Sex/Life: Season 1,3,15,2,Mexico
Shrek,3,28,5,Mexico
Sin Nombre,0,2,0,Mexico
Single All The Way,3,8,6,Mexico
Slender Man,3,3,0,Mexico
Somos.: Season 1,21,59,24,Mexico
Sonic the Hedgehog,4,50,9,Mexico
Spider-Man,135,1184,285,Mexico
Spider-Man 3,1,10,1,Mexico
Spider-Man: Homecoming,0,6,0,Mexico
Spider-Man: Into the Spider-Verse,1,11,4,Mexico
Spiderhead,1,6,0,Mexico
Squid Game: Season 1,27,143,28,Mexico
Stay Close: Limited Series,0,2,0,Mexico
Stranger Things,146,477,197,Mexico
Stranger Things 2,146,478,196,Mexico
Stranger Things 3,146,477,197,Mexico
Stranger Things 4,146,477,197,Mexico
Sweet Girl,1,5,3,Mexico
Sweet Magnolias: Season 2,0,1,0,Mexico
Taboo: Season 1,0,10,4,Mexico
Tall Girl 2,1,1,0,Mexico
Texas Chainsaw Massacre,6,17,3,Mexico
The 100: Season 7,1,1,4,Mexico
The Adam Project,5,8,13,Mexico
The Addams Family,0,5,0,Mexico
The Amazing Spider-Man 2,1,1,1,Mexico
The Bombardment,0,0,1,Mexico
The Chestnut Man: Season 1,1,0,0,Mexico
The Conductor,0,1,0,Mexico
The Cuphead Show!: Season 1,0,1,1,Mexico
The Guilty,1,5,3,Mexico
The House,0,2,1,Mexico
The Ice Road,0,2,1,Mexico
The In Between,0,2,2,Mexico
The King's Affection: Season 1,0,0,2,Mexico
The Kissing Booth 3,4,4,2,Mexico
The Last Kingdom: Season 5,0,11,3,Mexico
The Last Letter From Your Lover,1,3,0,Mexico
The Last Mercenary,0,1,1,Mexico
The Lincoln Lawyer: Season 1,0,2,1,Mexico
The Lost Daughter,4,13,7,Mexico
The Loud House Movie,3,0,0,Mexico
The Marked Heart: Season 1,0,1,0,Mexico
The Mask,0,1,1,Mexico
The Old Ways,1,1,4,Mexico
The Outpost,0,1,0,Mexico
The Postcard Killings,0,0,1,Mexico
The Power of the Dog,8,34,29,Mexico
The Rite,0,2,0,Mexico
The Royal Treatment,0,3,0,Mexico
The Seven Deadly Sins: Dragon's Judgement,2,2,0,Mexico
The Silent Sea: Season 1,0,2,1,Mexico
The Sinner: Season 4: Percy,2,6,2,Mexico
The Sound of Magic: Season 1,2,2,1,Mexico
The Tinder Swindler,7,9,1,Mexico
The Trip,0,1,0,Mexico
The Umbrella Academy: Season 1,5,52,6,Mexico
The Umbrella Academy: Season 3,5,52,6,Mexico
The Unforgivable,1,2,4,Mexico
The Vault,0,1,0,Mexico
The Weekend Away,0,2,0,Mexico
The Witcher: Season 1,14,42,26,Mexico
The Witcher: Season 2,14,42,26,Mexico
Titans: Season 3,56,170,61,Mexico
Todos queremos a alguien,1,2,1,Mexico
Toscana,0,6,3,Mexico
Toy Boy: Season 1,0,6,1,Mexico
Trollhunters: Rise of the Titans,1,0,2,Mexico
Trolls,6,4,0,Mexico
Troy,0,3,1,Mexico
Turbo,4,29,3,Mexico
Twenty Five Twenty One: Season 1,3,4,9,Mexico
Unfaithful,0,0,1,Mexico
Venom,30,219,52,Mexico
Vikings: Valhalla: Season 1,4,14,7,Mexico
Virgin River: Season 3,2,1,1,Mexico
Vivo,1,71,17,Mexico
Warcraft,1,3,0,Mexico
Welcome to Eden: Season 1,1,0,0,Mexico
Who Killed Sara?: Season 1,0,7,0,Mexico
Who Killed Sara?: Season 3,0,7,0,Mexico
Worst Roommate Ever: Season 1,0,0,2,Mexico
Worth,0,2,0,Mexico
Ya veremos,1,0,2,Mexico
Yara,0,5,1,Mexico
Yesterday,3,25,13,Mexico
"Yo soy Betty, la fea: Season 1",5,15,8,Mexico
You: Season 1,12,105,19,Mexico
You: Season 3,12,105,19,Mexico
13 Minutes,2,3,5,United Kingdom
14 Peaks: Nothing Is Impossible,2,4,36,United Kingdom
17 Again,0,1,0,United Kingdom
3 From Hell,0,2,0,United Kingdom
365 Days,13,111,149,United Kingdom
365 Days: This Day,6,14,2,United Kingdom
6 Underground,0,2,1,United Kingdom
A Castle For Christmas,3,9,8,United Kingdom
A Madea Homecoming,0,2,0,United Kingdom
A Perfect Pairing,1,1,1,United Kingdom
A Time to Kill,0,3,1,United Kingdom
A Violent Man,0,3,6,United Kingdom
Ackley Bridge: Series 3,0,3,2,United Kingdom
After Life: Season 1,112,270,608,United Kingdom
After Life: Season 2,112,271,607,United Kingdom
After Life: Season 3,112,271,607,United Kingdom
Afterlife of the Party,0,1,4,United Kingdom
Aftermath,7,15,5,United Kingdom
Against The Ice,0,1,1,United Kingdom
Alice in Borderland: Season 1,5,15,14,United Kingdom
Alive,1,20,18,United Kingdom
All of Us Are Dead: Season 1,30,28,23,United Kingdom
Anatomy of a Scandal: Limited Series,39,24,34,United Kingdom
Annabelle Comes Home,1,5,0,United Kingdom
Aquaman,10,48,18,United Kingdom
Arcane: Season 1,25,79,79,United Kingdom
Archive 81: Season 1,17,21,22,United Kingdom
Army of Thieves,3,9,17,United Kingdom
Atypical: Season 4,2,11,11,United Kingdom
Back to the Outback,0,1,3,United Kingdom
Bad Boys for Life,1,3,1,United Kingdom
Battleship,0,2,0,United Kingdom
Beckett,2,13,7,United Kingdom
Better Call Saul: Season 6,41,103,86,United Kingdom
Big Mouth: Season 5,3,9,8,United Kingdom
Big Timber: Season 1,0,1,1,United Kingdom
Black and Blue,3,38,13,United Kingdom
Black Crab,0,2,1,United Kingdom
Black Hawk Down,1,0,1,United Kingdom
Blade Runner 2049,0,7,9,United Kingdom
Bling Empire: Season 2,22,8,11,United Kingdom
Blitz,12,32,5,United Kingdom
Blood Red Sky,4,8,7,United Kingdom
Bloodshot,1,0,0,United Kingdom
Blue Story,2,3,0,United Kingdom
Bohemian Rhapsody,3,21,24,United Kingdom
Boiling Point,13,26,68,United Kingdom
Brand New Cherry Flavor: Limited Series,3,17,14,United Kingdom
Brazen,1,3,1,United Kingdom
Bridgerton: Season 1,61,190,138,United Kingdom
Bridgerton: Season 2,61,190,138,United Kingdom
Britney Vs Spears,16,19,5,United Kingdom
Bruised,5,3,7,United Kingdom
Burnt,11,2,5,United Kingdom
Carriers,0,1,0,United Kingdom
Case 39,0,1,0,United Kingdom
Catching Killers: Season 1,1,1,2,United Kingdom
Catching Killers: Season 2,1,1,2,United Kingdom
Chaos,70,86,25,United Kingdom
Chaos Walking,1,4,2,United Kingdom
Charlie's Angels,0,5,9,United Kingdom
Cheer: Season 2,4,17,24,United Kingdom
Chernobyl 1986,0,0,1,United Kingdom
Chicago Fire: Season 1,34,68,31,United Kingdom
Chicago Med: Season 1,5,11,8,United Kingdom
Chicken Run,2,9,3,United Kingdom
Choose or Die,3,3,4,United Kingdom
Clickbait: Limited Series,79,63,46,United Kingdom
Cobra Kai: Season 1,22,138,105,United Kingdom
Cobra Kai: Season 2,22,138,105,United Kingdom
Cobra Kai: Season 3,22,138,105,United Kingdom
Cobra Kai: Season 4,21,138,106,United Kingdom
CoComelon: Season 3,1,10,3,United Kingdom
Constantine,4,8,6,United Kingdom
Cowboy Bebop: Season 1,10,25,32,United Kingdom
Criminal,133,28,8,United Kingdom
Death to 2021,15,17,29,United Kingdom
Django Unchained,1,1,0,United Kingdom
Doctor Sleep,1,3,6,United Kingdom
Dolittle,0,0,1,United Kingdom
Don't Look Up,273,329,321,United Kingdom
Double Jeopardy,1695,94,0,United Kingdom
Downfall: The Case Against Boeing,6,2,2,United Kingdom
Downton Abbey: Series 1,21,75,89,United Kingdom
Downton Abbey: Series 2,21,75,89,United Kingdom
Downton Abbey: Series 3,21,75,89,United Kingdom
Downton Abbey: Series 4,21,75,89,United Kingdom
Dynasty: Season 4,19,22,21,United Kingdom
Emily in Paris: Season 1,16,41,32,United Kingdom
Emily in Paris: Season 2,16,41,32,United Kingdom
Emma.,5,29,49,United Kingdom
Falling for Figaro,1,1,4,United Kingdom
Father Christmas Is Back,1,2,5,United Kingdom
Fatherhood,5,29,47,United Kingdom
Fear of Rain,0,0,2,United Kingdom
First Kill: Season 1,2,8,2,United Kingdom
Fistful of Vengeance,0,1,1,United Kingdom
Formula 1: Drive to Survive: Season 4,0,2,4,United Kingdom
Fracture,7,11,11,United Kingdom
Friends: Season 6,132,1474,2222,United Kingdom
Gangubai Kathiawadi,3,15,8,United Kingdom
Gemini Man,1,4,0,United Kingdom
God's Favorite Idiot: Season 1,0,2,2,United Kingdom
Gods of Egypt,1,2,0,United Kingdom
Gone Baby Gone,0,2,0,United Kingdom
Good Girls: Season 1,12,12,14,United Kingdom
Good Girls: Season 4,12,12,14,United Kingdom
Good on Paper,0,1,0,United Kingdom
Grace and Frankie: Season 7,8,26,27,United Kingdom
Greed,134,120,19,United Kingdom
Grown Ups,2,3,13,United Kingdom
Hairspray,5,31,49,United Kingdom
Halftime,7,47,28,United Kingdom
Hard Cell: Season 1,5,6,16,United Kingdom
Harriet,2,2,4,United Kingdom
He's All That,6,3,12,United Kingdom
Heartstopper: Season 1,105,323,463,United Kingdom
Heist: Season 1,3,4,7,United Kingdom
Hellbound: Season 1,13,16,15,United Kingdom
Home Team,0,3,7,United Kingdom
Homefront,0,1,2,United Kingdom
Hop,3,9,8,United Kingdom
How to Be Single,0,2,0,United Kingdom
Hustle,9,88,49,United Kingdom
Hypnotic,0,27,6,United Kingdom
In From the Cold: Season 1,0,2,4,United Kingdom
In Time,0,1,4,United Kingdom
Inside Job: Part 1,14,24,10,United Kingdom
Interceptor,2,4,6,United Kingdom
Intrusion,1,3,2,United Kingdom
Inventing Anna: Limited Series,42,47,27,United Kingdom
Is It Cake?: Season 1,9,15,11,United Kingdom
It Chapter Two,1,0,0,United Kingdom
Jack Whitehall: Travels with My Father: Season 5,0,2,0,United Kingdom
Jimmy Savile: A British Horror Story: Limited Series,24,4,3,United Kingdom
John Wick: Chapter 2,0,2,0,United Kingdom
Joker,32,144,61,United Kingdom
Jumanji: The Next Level,0,1,0,United Kingdom
Kate,2,41,18,United Kingdom
Keep Sweet: Pray and Obey: Limited Series,15,9,2,United Kingdom
Knuckle,0,0,1,United Kingdom
Kong: Skull Island,0,6,5,United Kingdom
Kung Fu Panda,0,5,0,United Kingdom
L.A.âs Finest: Season 1,1,0,1,United Kingdom
Last Christmas,19,42,28,United Kingdom
Last Man Down,0,0,1,United Kingdom
Legend,348,1299,2302,United Kingdom
Liar: Season 1,313,87,8,United Kingdom
Life After Death with Tyler Henry: Season 1,0,0,1,United Kingdom
Little Women,3,7,9,United Kingdom
Locke & Key: Season 1,0,1,0,United Kingdom
Locke & Key: Season 2,0,1,0,United Kingdom
Lockout,0,2,0,United Kingdom
Lost in Space: Season 1,10,35,29,United Kingdom
Lost in Space: Season 3,10,35,29,United Kingdom
Love Actually,16,81,73,United Kingdom
Love Hard,2,5,12,United Kingdom
Love Is Blind: Season 1,85,95,65,United Kingdom
Love Is Blind: Season 2,85,94,66,United Kingdom
Lucifer: Season 1,21,33,27,United Kingdom
Lucifer: Season 2,21,33,27,United Kingdom
Lucifer: Season 3,21,33,27,United Kingdom
Lucifer: Season 6,21,33,27,United Kingdom
Lupin: Part 2,1,16,12,United Kingdom
Maid: Limited Series,20,40,28,United Kingdom
Man of Steel,8,28,19,United Kingdom
Man on Fire,0,5,7,United Kingdom
Man Vs Bee: Season 1,8,12,24,United Kingdom
Me Before You,0,5,2,United Kingdom
Meet the Fockers,0,1,1,United Kingdom
Meet the Parents,0,2,2,United Kingdom
Midnight in the Switchgrass,0,1,0,United Kingdom
Midnight Mass: Limited Series,52,79,120,United Kingdom
Modern Family: Season 9,0,9,13,United Kingdom
Money Heist: Part 1,66,143,113,United Kingdom
Money Heist: Part 5,66,143,113,United Kingdom
Monsters Inside: The 24 Faces of Billy Milligan: Limited Series,1,0,0,United Kingdom
Mother/Android,2,0,4,United Kingdom
Motherless Brooklyn,1,0,2,United Kingdom
Munich â The Edge of War,2,7,7,United Kingdom
My Best Friend Anne Frank,0,0,1,United Kingdom
My Little Pony: A New Generation,0,0,2,United Kingdom
My Lover My Killer: Season 1,1,0,0,United Kingdom
My Name: Season 1,3,9,6,United Kingdom
My Unorthodox Life: Season 1,4,6,7,United Kingdom
Narcos: Mexico: Season 3,2,13,9,United Kingdom
Nativity!,7,85,91,United Kingdom
Never Have I Ever: Season 1,10,7,13,United Kingdom
Never Have I Ever: Season 2,10,7,13,United Kingdom
Night Teeth,0,5,2,United Kingdom
Nightbooks,0,2,2,United Kingdom
Office Christmas Party,0,3,0,United Kingdom
On My Block: Season 4,2,4,4,United Kingdom
Once Upon a Time in Hollywood,2,6,5,United Kingdom
One for the Money,0,0,1,United Kingdom
One of Us Is Lying: Season 1,2,5,3,United Kingdom
Our Father,21,6,6,United Kingdom
Out of Death,1,2,0,United Kingdom
Outer Banks: Season 1,9,11,4,United Kingdom
Outer Banks: Season 2,8,12,4,United Kingdom
Ozark: Season 1,102,138,138,United Kingdom
Ozark: Season 2,102,137,139,United Kingdom
Ozark: Season 4,102,137,139,United Kingdom
Paddington,68,213,122,United Kingdom
Paddington 2,4,13,18,United Kingdom
Papillon,0,2,7,United Kingdom
Patriots Day,0,2,1,United Kingdom
PAW Patrol: Season 4,6,33,26,United Kingdom
PAW Patrol: Season 6,6,33,26,United Kingdom
Peaky Blinders: Season 1,255,618,446,United Kingdom
Peppa Pig: Season 6,63,113,42,United Kingdom
PIECES OF HER: Season 1,6,3,4,United Kingdom
Piranha,0,2,1,United Kingdom
PokÃ©mon Detective Pikachu,0,1,0,United Kingdom
Pretty Little Liars: Season 1,4,3,3,United Kingdom
Queen of the South: Season 5,4,16,39,United Kingdom
Queer Eye: Season 6,11,22,31,United Kingdom
Raising Dion: Season 1,1,1,1,United Kingdom
Raising Dion: Season 2,1,1,1,United Kingdom
Ransom,0,5,2,United Kingdom
Red Notice,24,47,79,United Kingdom
Rescued by Ruby,0,2,1,United Kingdom
Resort to Love,1,1,0,United Kingdom
Restless,5,3,1,United Kingdom
Return to Space,1,1,8,United Kingdom
Rick and Morty: Season 5,7,56,14,United Kingdom
Ricky Gervais: SuperNature,1,6,4,United Kingdom
Rush Hour,11,252,135,United Kingdom
S.W.A.T.: Season 3,8,54,20,United Kingdom
Safe: Season 1,23,143,155,United Kingdom
Save the Last Dance,0,0,1,United Kingdom
Scary Movie,10,19,4,United Kingdom
Schumacher,17,20,59,United Kingdom
Security,113,478,159,United Kingdom
See for Me,0,2,3,United Kingdom
Selling Sunset: Season 4,172,135,71,United Kingdom
Selling Sunset: Season 5,172,135,71,United Kingdom
Selling Tampa: Season 1,19,27,13,United Kingdom
Senior Year,7,6,15,United Kingdom
Sex Education: Season 1,78,160,186,United Kingdom
Sex Education: Season 2,78,160,186,United Kingdom
Sex Education: Season 3,78,159,187,United Kingdom
Sex/Life: Season 1,14,30,10,United Kingdom
Shazam!,6,18,8,United Kingdom
She's All That,3,4,3,United Kingdom
She's the Man,0,1,2,United Kingdom
Shot Caller,0,0,1,United Kingdom
Sicario,1,1,1,United Kingdom
Silent Hours,2,0,1,United Kingdom
Silverton Siege,0,0,1,United Kingdom
Single All The Way,4,19,36,United Kingdom
Snowflake Mountain: Season 1,6,6,5,United Kingdom
Solomon Kane,0,1,0,United Kingdom
Sonic the Hedgehog,9,98,68,United Kingdom
Sophie: A Murder in West Cork: Limited Series,0,1,0,United Kingdom
Space Force: Season 2,2,5,7,United Kingdom
Spider-Man,110,723,457,United Kingdom
Spider-Man 2,4,4,15,United Kingdom
Spider-Man 3,6,2,2,United Kingdom
Spider-Man: Homecoming,1,9,6,United Kingdom
Spiderhead,3,9,4,United Kingdom
Spiral: From the Book of Saw,0,1,0,United Kingdom
Split,2,14,7,United Kingdom
Squid Game: Season 1,351,746,374,United Kingdom
Stay Close: Limited Series,63,64,110,United Kingdom
Storks,0,4,2,United Kingdom
Stranger Things,343,869,602,United Kingdom
Stranger Things 2,342,869,603,United Kingdom
Stranger Things 3,342,869,603,United Kingdom
Stranger Things 4,342,869,603,United Kingdom
Suicide Squad,27,137,55,United Kingdom
Superstore: Season 6,10,15,26,United Kingdom
Sweet Girl,2,8,7,United Kingdom
Sweet Magnolias: Season 2,3,1,4,United Kingdom
Sweet Tooth: Season 1,2,69,45,United Kingdom
Taboo: Season 1,7,46,19,United Kingdom
Texas Chainsaw Massacre,38,39,16,United Kingdom
The Adam Project,4,31,61,United Kingdom
The Addams Family,2,13,15,United Kingdom
The Amazing Spider-Man,0,11,8,United Kingdom
The Amazing Spider-Man 2,2,3,3,United Kingdom
The Baby-Sitters Club: Season 2,0,0,1,United Kingdom
The Blind Side,1,0,5,United Kingdom
The Bubble,4,9,13,United Kingdom
The Chair: Season 1,6,15,20,United Kingdom
The Chestnut Man: Season 1,1,8,18,United Kingdom
The Christmas Chronicles,1,1,0,United Kingdom
The Circle: Season 4,13,8,11,United Kingdom
The Cook of Castamar: Season 1,0,1,2,United Kingdom
The Cuphead Show!: Season 1,2,2,2,United Kingdom
The Deceived: Series 1,1,0,3,United Kingdom
The Deep End of the Ocean,0,1,0,United Kingdom
The Defeated: Season 1,0,0,3,United Kingdom
The Departed,1,2,0,United Kingdom
The Emoji Movie,0,1,0,United Kingdom
The Forgotten Battle,0,3,4,United Kingdom
The Gentlemen,2,7,15,United Kingdom
The Girl Next Door,0,1,1,United Kingdom
The Girl with the Dragon Tattoo,0,1,0,United Kingdom
The Good Liar,0,1,4,United Kingdom
The Guilty,9,15,12,United Kingdom
The Harder They Fall,10,37,53,United Kingdom
The Holiday,33,36,37,United Kingdom
The Hunt,2,6,5,United Kingdom
The In Between,1,3,1,United Kingdom
The Invisible Man,1,9,2,United Kingdom
The Island,1,9,8,United Kingdom
The Karate Kid,0,7,2,United Kingdom
The King of Staten Island,0,4,1,United Kingdom
The Kissing Booth 3,5,2,2,United Kingdom
The Kitchen,0,2,3,United Kingdom
The Last Kingdom: Season 5,9,29,32,United Kingdom
The Ledge,0,2,0,United Kingdom
The Legend of Tarzan,1,1,0,United Kingdom
The Lego Batman Movie,0,1,1,United Kingdom
The Lincoln Lawyer: Season 1,0,4,18,United Kingdom
The Lost Daughter,13,15,23,United Kingdom
The Magnificent Seven,1,3,1,United Kingdom
The Man from Toronto,1,3,2,United Kingdom
The Matrix,17,133,66,United Kingdom
The Matrix Reloaded,0,1,1,United Kingdom
The Missing: Season 1,2,6,2,United Kingdom
The Missing: Season 2,2,6,2,United Kingdom
The Mule,0,1,0,United Kingdom
The Next Three Days,0,1,0,United Kingdom
The Paedophile Hunter,1,1,1,United Kingdom
The Peacemaker,0,0,1,United Kingdom
The Power of the Dog,16,44,42,United Kingdom
The Puppet Master: Hunting the Ultimate Conman: Season 1,1,0,0,United Kingdom
The Royals: Season 1,5,8,10,United Kingdom
The Salisbury Poisonings: Season 1,0,1,2,United Kingdom
The Secret Life of Pets,0,0,1,United Kingdom
The Secret: Season 1,2,13,14,United Kingdom
The Serpent: Limited Series,5,2,3,United Kingdom
The Seven Deadly Sins: Dragon's Judgement,1,0,1,United Kingdom
The Shack,0,2,1,United Kingdom
The Silencing,0,0,1,United Kingdom
The Silent Sea: Season 1,8,6,11,United Kingdom
The Sinner: Season 4: Percy,5,13,7,United Kingdom
The Staircase: Season 1,19,28,20,United Kingdom
The Starling,0,4,4,United Kingdom
The Stranger: Limited Series,0,1,6,United Kingdom
The Tinder Swindler,41,31,14,United Kingdom
The Ultimatum: Marry or Move On: Season 1,2,1,2,United Kingdom
The Umbrella Academy: Season 1,4,22,18,United Kingdom
The Umbrella Academy: Season 2,4,22,18,United Kingdom
The Umbrella Academy: Season 3,4,22,18,United Kingdom
The Unforgivable,0,12,16,United Kingdom
The Weekend Away,4,4,2,United Kingdom
The Witcher: Nightmare of the Wolf,0,1,2,United Kingdom
The Witcher: Season 1,27,120,115,United Kingdom
The Witcher: Season 2,27,120,115,United Kingdom
The Woman in the House Across the Street from the Girl in the Window: Season 1,5,11,4,United Kingdom
There's Someone Inside Your House,1,2,1,United Kingdom
Through My Window,0,1,0,United Kingdom
Tiger King 2,18,31,11,United Kingdom
Titans: Season 3,60,99,69,United Kingdom
Tomb Raider,22,136,79,United Kingdom
Too Hot to Handle: Season 2,23,39,12,United Kingdom
Too Hot to Handle: Season 3,23,39,12,United Kingdom
Top Boy: Season 1,28,59,46,United Kingdom
Top Boy: Season 2,28,59,46,United Kingdom
Trollhunters: Rise of the Titans,1,1,1,United Kingdom
True Story: Limited Series,88,398,89,United Kingdom
Turning Point: 9/11 and the War on Terror: Season 1,0,5,0,United Kingdom
Underworld,2,20,5,United Kingdom
Unfaithful,2,0,1,United Kingdom
Van Helsing: Season 5,4,8,4,United Kingdom
Vendetta,4,9,7,United Kingdom
Vikings: Valhalla: Season 1,2,12,19,United Kingdom
Villain,7,13,12,United Kingdom
Virgin River: Season 1,10,10,20,United Kingdom
Virgin River: Season 3,10,10,20,United Kingdom
Vivo,3,7,7,United Kingdom
Wanderlust,17,548,260,United Kingdom
Welcome to Eden: Season 1,1,1,0,United Kingdom
What Happens in Vegas,0,0,1,United Kingdom
When Missing Turns to Murder: Season 1,1,0,0,United Kingdom
Widows,2,6,8,United Kingdom
Wild Bill,0,4,1,United Kingdom
Windfall,7,8,1,United Kingdom
Workin' Moms: Season 6,3,3,6,United Kingdom
World Trade Center,12,36,4,United Kingdom
Worst Roommate Ever: Season 1,8,4,6,United Kingdom
Worth,1,23,13,United Kingdom
Wrong Turn,8,4,4,United Kingdom
Yara,1,2,1,United Kingdom
You Don't Know Me: Season 1,19,14,45,United Kingdom
You: Season 1,65,241,156,United Kingdom
You: Season 2,65,241,156,United Kingdom
You: Season 3,65,241,156,United Kingdom
Young Sheldon: : Season 1,0,6,1,United Kingdom
Young Sheldon: : Season 2,0,6,1,United Kingdom
Young Sheldon: : Season 3,0,6,1,United Kingdom
Zombieland: Double Tap,0,1,1,United Kingdom
#SquidGame https://t.co/1AeU8Fwk,0,1,0,United States
14 Peaks: Nothing Is Impossible,0,4,7,United States
21 Bridges,1,4,2,United States
21 Jump Street,3,16,11,United States
365 Days: This Day,20,92,24,United States
60 Days In: Season 6,33,19,8,United States
A Boy Called Christmas,2,12,14,United States
A California Christmas: City Lights,0,3,4,United States
A Castle For Christmas,2,15,19,United States
A Madea Homecoming,13,39,16,United States
A Perfect Pairing,0,2,11,United States
A Walk Among the Tombstones,0,0,1,United States
After We Fell,13,19,22,United States
Afterlife of the Party,1,4,8,United States
Aftermath,31,73,24,United States
Against The Ice,1,2,2,United States
All American: Season 1,637,721,514,United States
All American: Season 2,637,720,514,United States
All American: Season 3,636,721,514,United States
All American: Season 4,637,721,514,United States
All of Us Are Dead: Season 1,106,59,35,United States
Amandla,0,2,1,United States
American Gangster,3,12,10,United States
American Reunion,0,1,0,United States
An Unfinished Life,1,0,1,United States
Anatomy of a Scandal: Limited Series,17,22,21,United States
Anchorman: The Legend of Ron Burgundy,0,1,0,United States
Annabelle: Creation,0,1,1,United States
Apocalypse Now Redux,1,0,0,United States
Arcane: Season 1,139,479,443,United States
Archive 81: Season 1,81,94,61,United States
Army of the Dead,25,186,74,United States
Army of Thieves,6,68,49,United States
Atypical: Season 4,21,61,34,United States
Back to the Outback,3,5,2,United States
Backtrace,1,1,0,United States
Bake Squad: Season 1,4,10,10,United States
Battleship,6,33,11,United States
Beckett,20,272,29,United States
Ben Is Back,2,1,1,United States
Better Call Saul: Season 5,384,674,545,United States
Big Mouth: Season 5,37,68,41,United States
Big Timber: Season 1,1,6,3,United States
Black Crab,2,8,3,United States
Black Island,0,3,1,United States
Blackhat,8,31,11,United States
Blade Runner 2049,23,95,40,United States
Blade: Trinity,4,5,2,United States
Bling Empire: Season 2,96,64,42,United States
Blood Red Sky,17,19,23,United States
Blow,11,68,33,United States
Borrego,1,4,2,United States
Brahms: The Boy II,1,1,2,United States
Brazen,5,16,5,United States
Bridgerton: Season 1,218,645,481,United States
Bridgerton: Season 2,218,647,481,United States
Britney Vs Spears,101,148,60,United States
Bruised,26,44,63,United States
Can You Keep a Secret?,0,4,1,United States
Catch and Release,29,124,73,United States
Catching Killers: Season 2,7,7,4,United States
Charlie and the Chocolate Factory,2,13,6,United States
Cheer: Season 2,40,323,301,United States
Choose or Die,5,10,3,United States
Cleaner,3,23,13,United States
Clickbait: Limited Series,483,456,202,United States
Coach Carter,3,10,7,United States
Cobra Kai: Season 1,164,713,522,United States
Cobra Kai: Season 2,164,713,522,United States
Cobra Kai: Season 3,164,713,522,United States
Cobra Kai: Season 4,164,712,520,United States
CoComelon: Season 1,22,80,35,United States
CoComelon: Season 2,22,80,35,United States
CoComelon: Season 3,22,80,35,United States
CoComelon: Season 4,22,79,36,United States
CoComelon: Season 5,22,80,35,United States
Collision,22,50,7,United States
Countdown,37,501,299,United States
Cowboy Bebop: Season 1,140,432,352,United States
Dark Shadows,31,66,44,United States
Dave Chappelle: The Closer,68,83,50,United States
Death to 2021,39,26,19,United States
Den of Thieves,2,4,2,United States
Despicable Me,36,28,7,United States
Despicable Me 2,1,1,1,United States
Disappearance at Clifton Hill,1,0,1,United States
Don't Look Up,773,1114,770,United States
Downfall: The Case Against Boeing,9,3,1,United States
Dumb and Dumber,47,63,9,United States
Emily in Paris: Season 1,61,142,130,United States
Emily in Paris: Season 2,61,143,128,United States
Extinct,19,30,1,United States
Father Christmas Is Back,2,0,1,United States
Fatherhood,64,450,371,United States
Fear Street Part 3: 1666,1,0,0,United States
First Kill: Season 1,69,134,65,United States
First Sunday,1,41,19,United States
Fistful of Vengeance,2,12,3,United States
Five Feet Apart,2,5,1,United States
Fool's Gold,12,13,7,United States
Forgetting Sarah Marshall,0,7,1,United States
Forrest Gump,9,84,24,United States
Four Brothers,3,5,2,United States
Freedom Writers,1,3,2,United States
Get Organized with The Home Edit: Season 2,0,0,2,United States
Gladiator,20,176,54,United States
God's Favorite Idiot: Season 1,8,8,16,United States
Going in Style,0,1,2,United States
Good Girls: Season 1,63,94,53,United States
Good Girls: Season 4,63,93,53,United States
Good on Paper,0,1,2,United States
Grace and Frankie: Season 7,27,61,74,United States
Green Lantern,23,153,66,United States
Grey's Anatomy: Season 17,789,992,588,United States
Grown Ups,7,12,12,United States
Gunpowder Milkshake,21,79,100,United States
Halftime,56,332,177,United States
Halloween,381,2986,1629,United States
Happy Gilmore,9,37,32,United States
He's All That,23,49,50,United States
Heartland: Season 14,12,390,40,United States
Heist: Season 1,18,28,14,United States
Hellbound: Season 1,56,79,28,United States
Here Comes the Boom,3,17,13,United States
Hit & Run: Season 1,0,1,0,United States
Home,206,3507,1266,United States
Home Team,43,435,188,United States
Hop,3,61,12,United States
How It Ends,3,3,6,United States
Hubie Halloween,0,9,6,United States
Human Resources: Season 1,42,129,61,United States
Hustle,128,1328,819,United States
Hype House: Season 1,3,13,4,United States
Hypnotic,5,39,10,United States
In From the Cold: Season 1,2,6,8,United States
In Good Hands,0,5,6,United States
In the Dark: Season 3,82,62,37,United States
Inside Job: Part 1,20,65,30,United States
Interceptor,6,9,3,United States
Intrusion,11,9,6,United States
Inventing Anna: Limited Series,263,270,183,United States
Iron Chef: Quest for an Iron Legend: Season 1,0,1,1,United States
Is It Cake?: Season 1,21,43,38,United States
It,208,1126,286,United States
Jackass 4.5,0,1,0,United States
Jaws,64,372,186,United States
Journey 2: The Mysterious Island,0,3,0,United States
Jumanji,11,44,22,United States
Jurassic World Camp Cretaceous: Season 4,2,9,7,United States
Just Go With It,1,4,5,United States
Just Like Heaven,1,20,50,United States
Kate,25,55,27,United States
Keep Sweet: Pray and Obey: Limited Series,74,29,9,United States
King Arthur: Legend of the Sword,0,0,1,United States
Kung Fu Panda,1,29,12,United States
Kung Fu Panda 2,0,3,0,United States
Kung Fu Panda 3,0,3,0,United States
Last Man Down,0,3,1,United States
Law Abiding Citizen,3,4,6,United States
Legacies: Season 4,172,280,186,United States
Life,409,2536,2000,United States
Life After Death with Tyler Henry: Season 1,0,1,0,United States
Locke & Key: Season 2,0,2,0,United States
London Has Fallen,2,0,1,United States
Looper,3,30,13,United States
Lost in Space: Season 1,34,79,52,United States
Lost in Space: Season 3,34,79,52,United States
Love Hard,9,47,77,United States
Love Is Blind: Season 1,743,671,553,United States
Love Is Blind: Season 2,744,670,552,United States
Love on the Spectrum U.S.: Season 1,12,24,53,United States
Lucifer: Season 6,45,432,102,United States
Maid: Limited Series,59,112,84,United States
Major Grom: Plague Doctor,0,1,1,United States
Major Payne,2,18,9,United States
Manifest: Season 1,360,1226,870,United States
Manifest: Season 2,360,1227,871,United States
Manifest: Season 3,360,1226,871,United States
Marmaduke,1,6,0,United States
Married at First Sight: Season 10,1744,1539,552,United States
Maya and the Three: Limited Series,4,30,59,United States
Meltdown: Three Mile Island: Limited Series,4,2,0,United States
Midnight Mass: Limited Series,329,357,427,United States
Mission: Impossible,25,88,57,United States
Mission: Impossible - Ghost Protocol,0,2,0,United States
Molly's Game,1,4,2,United States
Money Heist: Part 1,269,431,203,United States
Money Heist: Part 5,269,432,206,United States
Monster-in-Law,3,1,2,United States
Mother's Day,204,1534,3254,United States
Munich â The Edge of War,0,2,2,United States
My Little Pony: A New Generation,2,15,11,United States
My Name: Season 1,4,24,9,United States
Narcos: Mexico: Season 3,27,51,37,United States
Never Have I Ever: Season 2,41,74,76,United States
Night Teeth,6,18,20,United States
Nightbooks,3,9,13,United States
No One Gets Out Alive,10,18,1,United States
Old School,175,1665,599,United States
Oldboy,1,10,3,United States
On My Block: Season 4,229,170,122,United States
Operation Mincemeat,0,9,7,United States
Ouija: Origin of Evil,0,0,1,United States
Our Father,139,90,35,United States
Our Great National Parks: Limited Series,3,6,17,United States
Outer Banks: Season 1,224,439,233,United States
Outer Banks: Season 2,224,439,233,United States
Outlander: Season 5,297,833,768,United States
Ozark: Season 1,806,1013,648,United States
Ozark: Season 2,807,1011,648,United States
Ozark: Season 3,807,1013,649,United States
Ozark: Season 4,805,1013,649,United States
Passing,27,81,49,United States
Peaky Blinders: Season 6,55,172,139,United States
Peter Rabbit 2,2,13,4,United States
PIECES OF HER: Season 1,20,35,21,United States
Poms,1,5,12,United States
Prey,12,79,36,United States
Queen of the South: Season 5,37,61,48,United States
Queer Eye: Season 6,39,80,93,United States
Raising Dion: Season 1,42,57,73,United States
Raising Dion: Season 2,42,57,73,United States
Rambo,11,69,30,United States
Rambo: Last Blood,0,2,4,United States
Red Notice,103,301,272,United States
Replicas,4,16,12,United States
Reprisal,0,3,1,United States
Rescued by Ruby,1,5,5,United States
Resort to Love,4,17,20,United States
Restless,16,21,2,United States
Rise of the Guardians,0,4,4,United States
Riverdale: Season 5,531,765,285,United States
RRR (Hindi),0,1,1,United States
Rurouni Kenshin: The Beginning,0,0,3,United States
Safe House,1,23,46,United States
SAS: Rise of the Black Swan,1,13,11,United States
Scary Movie 4,0,2,0,United States
School of Chocolate: Season 1,16,9,26,United States
School of Rock,5,40,38,United States
Seized,6,12,0,United States
Selling Sunset: Season 4,559,512,265,United States
Selling Sunset: Season 5,559,511,265,United States
Selling Tampa: Season 1,255,284,174,United States
Senior Year,31,350,461,United States
Sex Education: Season 3,125,227,161,United States
Sex/Life: Season 1,127,130,53,United States
Shooter,124,294,72,United States
Shrek,25,109,55,United States
Shrek 2,3,8,3,United States
Shrek Forever After,0,4,0,United States
Silverton Siege,2,2,3,United States
Sing 2,22,203,183,United States
Single All The Way,27,78,131,United States
Snowbound for Christmas,0,0,1,United States
Snowflake Mountain: Season 1,36,32,20,United States
Something Borrowed,4,2,1,United States
Space Force: Season 2,38,172,83,United States
Spiderhead,18,35,38,United States
Squid Game: Season 1,1096,2257,955,United States
St. Vincent,3,48,15,United States
Stay Close: Limited Series,20,37,30,United States
Step Brothers,7,62,16,United States
Stranger Things,1266,2533,1186,United States
Stranger Things 2,1266,2532,1186,United States
Stranger Things 3,1266,2532,1187,United States
Stranger Things 4,1265,2530,1186,United States
Sweet Girl,18,75,81,United States
Sweet Magnolias: Season 1,25,52,53,United States
Sweet Magnolias: Season 2,25,52,53,United States
Sweet Tooth: Season 1,24,299,293,United States
Tall Girl 2,1,1,4,United States
Teenage Mutant Ninja Turtles: Season 1,18,325,102,United States
Terminator 2: Judgment Day,1,2,0,United States
Texas Chainsaw Massacre,237,270,77,United States
That's My Boy,4,79,81,United States
The Adam Project,25,159,255,United States
The Amazing Spider-Man,9,82,27,United States
The Best of Enemies,1,5,7,United States
The Blacklist: Season 8,139,117,70,United States
The Blind Side,5,13,20,United States
The Bubble,12,29,25,United States
The Bureau of Magical Things: Season 1,0,1,0,United States
The Call,2,27,8,United States
The Chair: Season 1,38,76,74,United States
The Christmas Chronicles,0,3,3,United States
The Christmas Chronicles: Part Two,0,1,0,United States
The Circle: Season 3,322,299,229,United States
The Circle: Season 4,321,299,229,United States
The Cook of Castamar: Season 1,5,4,2,United States
The Cuphead Show!: Season 1,2,14,13,United States
The DUFF,1,2,2,United States
The Five Juanas: Season 1,2,9,1,United States
The Flash: Season 7,409,863,420,United States
The Forgotten Battle,0,3,1,United States
The Gentlemen,2,5,7,United States
The God Committee,2,3,3,United States
The Green Mile,3,9,7,United States
The Guilty,44,92,54,United States
The Hangover,2,24,7,United States
The Harder They Fall,174,560,587,United States
The Holiday,3,12,18,United States
The Hurt Locker,0,3,2,United States
The Ice Road,2,7,4,United States
The Karate Kid,1,26,28,United States
The Kissing Booth 3,9,23,8,United States
The Last Kingdom: Season 1,39,61,75,United States
The Last Kingdom: Season 5,39,61,75,United States
The Last Letter From Your Lover,0,6,12,United States
The Last Mercenary,0,6,3,United States
The Lincoln Lawyer: Season 1,9,49,48,United States
The Longest Yard,0,10,4,United States
The Losers,4,4,3,United States
The Lost Daughter,22,54,58,United States
The Loud House Movie,1,48,52,United States
The Lucky One,0,3,2,United States
The Man from Toronto,6,16,22,United States
The Marked Heart: Season 1,0,2,3,United States
The Mist,10,12,6,United States
The Mitchells vs. The Machines,7,31,46,United States
The Mystery of Marilyn Monroe: The Unheard Tapes,1,0,0,United States
The Net,0,4,2,United States
The Old Ways,4,8,1,United States
The Other Guys,2,15,10,United States
The Paper Tigers,0,3,8,United States
The Power of the Dog,21,150,129,United States
The Princess Switch 3: Romancing the Star,0,0,1,United States
The Queen of Flow: Season 2,2,2,3,United States
The Royal Treatment,0,2,6,United States
The Seven Deadly Sins: Dragon's Judgement,6,5,2,United States
The Shack,3,8,7,United States
The Silent Sea: Season 1,11,16,13,United States
The Snitch Cartel: Origins: Season 1,0,1,0,United States
The Starling,0,8,19,United States
The Takedown,0,2,2,United States
The Thundermans: Season 1,0,2,0,United States
The Thundermans: Season 2,0,2,0,United States
The Tinder Swindler,88,78,25,United States
The Town,7,111,81,United States
The Trip,2,17,13,United States
The Twilight Saga: Breaking Dawn: Part 1,0,0,1,United States
The Twilight Saga: Breaking Dawn: Part 2,0,0,1,United States
The Twilight Saga: Eclipse,0,0,1,United States
The Twilight Saga: New Moon,0,0,1,United States
The Ultimatum: Marry or Move On: Season 1,11,8,0,United States
The Umbrella Academy: Season 1,70,142,77,United States
The Umbrella Academy: Season 3,70,142,76,United States
The Unforgivable,43,64,50,United States
The Vault,2,23,16,United States
The Walking Dead: Season 10,603,1054,483,United States
The Water Man,0,0,1,United States
The Weekend Away,13,12,10,United States
The Witcher: Nightmare of the Wolf,2,12,6,United States
The Witcher: Season 1,111,423,281,United States
The Witcher: Season 2,111,423,281,United States
The Woman in the House Across the Street from the Girl in the Window: Season 1,55,57,37,United States
There's Someone Inside Your House,11,21,13,United States
Through My Window,0,4,0,United States
Tides,3,23,13,United States
Tiger King 2,75,183,56,United States
Till Death,100,61,27,United States
Titanic,65,251,82,United States
Too Hot to Handle: Season 2,83,91,41,United States
Too Hot to Handle: Season 3,83,90,42,United States
Top Boy: Season 2,44,52,30,United States
Top Gun,171,1345,1088,United States
Toscana,1,21,8,United States
Trollhunters: Rise of the Titans,8,2,6,United States
True Story: Limited Series,510,2348,678,United States
Twentysomethings: Austin: Season 1,38,18,17,United States
Twilight,79,362,149,United States
U.S. Marshals,11,11,3,United States
Under Suspicion,1,0,0,United States
Untold: Malice at the Palace,17,20,15,United States
Vicky and Her Mystery,0,0,1,United States
Vikings: Valhalla: Season 1,13,41,24,United States
Virgin River: Season 1,70,69,50,United States
Virgin River: Season 2,70,69,50,United States
Virgin River: Season 3,70,69,50,United States
Vivo,7,60,53,United States
War of the Worlds,19,32,16,United States
Warrior,87,472,315,United States
We Die Young,0,1,1,United States
"Web of Make Believe: Death, Lies and the Internet: Season 1",1,0,0,United States
Welcome to Eden: Season 1,5,8,6,United States
White Hot: The Rise & Fall of Abercrombie & Fitch,1,0,0,United States
Who Killed Sara?: Season 3,39,29,13,United States
Wild Card,77,314,150,United States
Wind River,4,4,6,United States
Windfall,7,19,11,United States
Wish Dragon,0,6,4,United States
Without a Paddle,0,0,1,United States
Workin' Moms: Season 6,15,17,20,United States
Worst Roommate Ever: Season 1,68,39,45,United States
Worth,29,98,49,United States
Wrong Side of the Tracks: Season 1,0,3,1,United States
You: Season 1,525,1525,633,United States
You: Season 2,525,1525,633,United States
You: Season 3,524,1525,633,United States
