video_title,show_title,season_title,category
'83,'83,N/A,Films
10 Cloverfield Lane,10 Cloverfield Lane,N/A,Films
"10,000 B.C.","10,000 B.C.",N/A,Films
13 Going on 30,13 Going on 30,N/A,Films
13 Hours: The Secret Soldiers of Benghazi,13 Hours: The Secret Soldiers of Benghazi,N/A,Films
13 Minutes,13 Minutes,N/A,Films
14 Peaks: Nothing Is Impossible,14 Peaks: Nothing Is Impossible,N/A,Films
1408,1408,N/A,Films
17 Again,17 Again,N/A,Films
1917,1917,N/A,Films
21,21,N/A,Films
21 Bridges,21 Bridges,N/A,Films
21 Jump Street,21 Jump Street,N/A,Films
211,211,N/A,Films
3 From Hell,3 From Hell,N/A,Films
3 idiotas,3 idiotas,N/A,Films
300,300,N/A,Films
300: Rise of an Empire,300: Rise of an Empire,N/A,Films
365 Days,365 Days,N/A,Films
365 Days: This Day,365 Days: This Day,N/A,Films
40 Years Young,40 Years Young,N/A,Films
461 Days of Bento,461 Days of Bento,N/A,Films
47 Meters Down: Uncaged,47 Meters Down: Uncaged,N/A,Films
6 Underground,6 Underground,N/A,Films
60 Days In: Season 6,60 Days In,60 Days In: Season 6,TV
7 Prisoners,7 Prisoners,N/A,Films
7 Secretaries: Season 1,7 Secretaries,7 Secretaries: Season 1,TV
90 Minutes in Heaven,90 Minutes in Heaven,N/A,Films
A Boy Called Christmas,A Boy Called Christmas,N/A,Films
A California Christmas: City Lights,A California Christmas: City Lights,N/A,Films
A Castle For Christmas,A Castle For Christmas,N/A,Films
A Classic Horror Story,A Classic Horror Story,N/A,Films
A Dog's Journey,A Dog's Journey,N/A,Films
A Dog's Way Home,A Dog's Way Home,N/A,Films
A Family,A Family,N/A,Films
A Madea Homecoming,A Madea Homecoming,N/A,Films
A Man Apart,A Man Apart,N/A,Films
A Naija Christmas,A Naija Christmas,N/A,Films
A Perfect Enemy,A Perfect Enemy,N/A,Films
A Perfect Fit,A Perfect Fit,N/A,Films
A Perfect Pairing,A Perfect Pairing,N/A,Films
A Quiet Place,A Quiet Place,N/A,Films
A Quiet Place Part II,A Quiet Place Part II,N/A,Films
A Score to Settle,A Score to Settle,N/A,Films
A Star Is Born,A Star Is Born,N/A,Films
A Time to Kill,A Time to Kill,N/A,Films
A Violent Man,A Violent Man,N/A,Films
A Walk Among the Tombstones,A Walk Among the Tombstones,N/A,Films
A Woman With No Filter,A Woman With No Filter,N/A,Films
Abominable,Abominable,N/A,Films
Absolute Power,Absolute Power,N/A,Films
Ackley Bridge: Series 3,Ackley Bridge,Ackley Bridge: Series 3,TV
Addams Family Values,Addams Family Values,N/A,Films
After Life: Season 1,After Life,After Life: Season 1,TV
After Life: Season 2,After Life,After Life: Season 2,TV
After Life: Season 3,After Life,After Life: Season 3,TV
After We Fell,After We Fell,N/A,Films
Afterlife of the Party,Afterlife of the Party,N/A,Films
Aftermath,Aftermath,N/A,Films
Against The Ice,Against The Ice,N/A,Films
AI Amok,AI Amok,N/A,Films
Aileen Wuornos: American Boogeywoman,Aileen Wuornos: American Boogeywoman,N/A,Films
Alchemy of Souls: Part 1,Alchemy of Souls,Alchemy of Souls: Part 1,TV
Alice in Borderland: Season 1,Alice in Borderland,Alice in Borderland: Season 1,TV
Alive,Alive,N/A,Films
All American: Season 1,All American,All American: Season 1,TV
All American: Season 2,All American,All American: Season 2,TV
All American: Season 3,All American,All American: Season 3,TV
All American: Season 4,All American,All American: Season 4,TV
All Hail,All Hail,N/A,Films
All of Us Are Dead: Season 1,All of Us Are Dead,All of Us Are Dead: Season 1,TV
Along Came a Spider,Along Came a Spider,N/A,Films
Along for the Ride,Along for the Ride,N/A,Films
Along with the Gods: The Last 49 Days,Along with the Gods: The Last 49 Days,N/A,Films
Along with the Gods: The Two Worlds,Along with the Gods: The Two Worlds,N/A,Films
Alpha,Alpha,N/A,Films
AlRawabi School for Girls: Season 1,AlRawabi School for Girls,AlRawabi School for Girls: Season 1,TV
Alvin and the Chipmunks: Chipwrecked,Alvin and the Chipmunks: Chipwrecked,N/A,Films
Alvin and the Chipmunks: The Squeakquel,Alvin and the Chipmunks: The Squeakquel,N/A,Films
Amandla,Amandla,N/A,Films
American Assassin,American Assassin,N/A,Films
American Gangster,American Gangster,N/A,Films
American Reunion,American Reunion,N/A,Films
Amores perros,Amores perros,N/A,Films
An Unfinished Life,An Unfinished Life,N/A,Films
Anatomy of a Scandal: Limited Series,Anatomy of a Scandal,Anatomy of a Scandal: Limited Series,TV
Anchorman: The Legend of Ron Burgundy,Anchorman: The Legend of Ron Burgundy,N/A,Films
Angèle,Angèle,N/A,Films
Anna,Anna,N/A,Films
Annabelle Comes Home,Annabelle Comes Home,N/A,Films
Annabelle: Creation,Annabelle: Creation,N/A,Films
Anonymously Yours,Anonymously Yours,N/A,Films
Anything for a Pop Star,Anything for a Pop Star,N/A,Films
Apocalypse Now Redux,Apocalypse Now Redux,N/A,Films
Aquaman,Aquaman,N/A,Films
Arcane: Season 1,Arcane,Arcane: Season 1,TV
Archive 81: Season 1,Archive 81,Archive 81: Season 1,TV
Are We Done Yet?,Are We Done Yet?,N/A,Films
Army of the Dead,Army of the Dead,N/A,Films
Army of Thieves,Army of Thieves,N/A,Films
Arthur and the Invisibles,Arthur and the Invisibles,N/A,Films
"As Above, So Below","As Above, So Below",N/A,Films
As Aventuras de Poliana: Season 1,As Aventuras de Poliana,As Aventuras de Poliana: Season 1,TV
As the Crow Flies: Season 1,As the Crow Flies,As the Crow Flies: Season 1,TV
Asakusa Kid,Asakusa Kid,N/A,Films
Ashes in the Snow,Ashes in the Snow,N/A,Films
Assassination Classroom,Assassination Classroom,N/A,Films
Assassination Classroom: Graduation,Assassination Classroom: Graduation,N/A,Films
Assault on Precinct 13,Assault on Precinct 13,N/A,Films
Atypical: Season 4,Atypical,Atypical: Season 4,TV
Avalanche: Season 1,Avalanche,Avalanche: Season 1,TV
Back to 15: Season 1,Back to 15,Back to 15: Season 1,TV
Back to the Outback,Back to the Outback,N/A,Films
Backtrace,Backtrace,N/A,Films
Bad Boys for Life,Bad Boys for Life,N/A,Films
Bad Vegan: Fame. Fraud. Fugitives.: Limited Series,Bad Vegan: Fame. Fraud. Fugitives.,Bad Vegan: Fame. Fraud. Fugitives.: Limited Series,TV
Bake Squad: Season 1,Bake Squad,Bake Squad: Season 1,TV
Baki Hanma: Season 1,Baki Hanma,Baki Hanma: Season 1,TV
"Banished from the Hero's Party, I Decided to Live a Quiet Life in the Countryside: Season 1","Banished from the Hero's Party, I Decided to Live a Quiet Life in the Countryside","Banished from the Hero's Party, I Decided to Live a Quiet Life in the Countryside: Season 1",TV
Bankrolled,Bankrolled,N/A,Films
Barbecue,Barbecue,N/A,Films
Barbie Big City Big Dreams,Barbie Big City Big Dreams,N/A,Films
Barbie: A Fairy Secret,Barbie: A Fairy Secret,N/A,Films
Barbie: Princess Charm School,Barbie: Princess Charm School,N/A,Films
Bartkowiak,Bartkowiak,N/A,Films
"BASTARD‼ -Heavy Metal, Dark Fantasy-: Season 1","BASTARD‼ -Heavy Metal, Dark Fantasy-","BASTARD‼ -Heavy Metal, Dark Fantasy-: Season 1",TV
Battleship,Battleship,N/A,Films
Baywatch,Baywatch,N/A,Films
Beautiful Gong Shim: Season 1,Beautiful Gong Shim,Beautiful Gong Shim: Season 1,TV
Beauty and the Beast,Beauty and the Beast,N/A,Films
Beckett,Beckett,N/A,Films
Bedazzled,Bedazzled,N/A,Films
Believe Me: The Abduction of Lisa McVey,Believe Me: The Abduction of Lisa McVey,N/A,Films
Belzebuth,Belzebuth,N/A,Films
Ben Is Back,Ben Is Back,N/A,Films
Better Call Saul: Season 5,Better Call Saul,Better Call Saul: Season 5,TV
Better Call Saul: Season 6,Better Call Saul,Better Call Saul: Season 6,TV
Big Mouth: Season 5,Big Mouth,Big Mouth: Season 5,TV
Big Timber: Season 1,Big Timber,Big Timber: Season 1,TV
Bigbug,Bigbug,N/A,Films
Black and Blue,Black and Blue,N/A,Films
Black Crab,Black Crab,N/A,Films
Black Hawk Down,Black Hawk Down,N/A,Films
Black Island,Black Island,N/A,Films
Blackhat,Blackhat,N/A,Films
BlacKkKlansman,BlacKkKlansman,N/A,Films
Blade Runner 2049,Blade Runner 2049,N/A,Films
Blade: Trinity,Blade: Trinity,N/A,Films
Blasted,Blasted,N/A,Films
Blended,Blended,N/A,Films
Blind Witness,Blind Witness,N/A,Films
Blindspot: Season 1,Blindspot,Blindspot: Season 1,TV
Blindspot: Season 5,Blindspot,Blindspot: Season 5,TV
Bling Empire: Season 2,Bling Empire,Bling Empire: Season 2,TV
Blitz,Blitz,N/A,Films
Blockers,Blockers,N/A,Films
Blood & Water: Season 2,Blood & Water,Blood & Water: Season 2,TV
Blood and Money,Blood and Money,N/A,Films
Blood Red Sky,Blood Red Sky,N/A,Films
Bloodshot,Bloodshot,N/A,Films
Blow,Blow,N/A,Films
Blue Story,Blue Story,N/A,Films
"Blue, Painful, Fragile","Blue, Painful, Fragile",N/A,Films
Blumhouse's Fantasy Island,Blumhouse's Fantasy Island,N/A,Films
"Bob Ross: Happy Accidents, Betrayal & Greed","Bob Ross: Happy Accidents, Betrayal & Greed",N/A,Films
Body Cam,Body Cam,N/A,Films
Body of Lies,Body of Lies,N/A,Films
Bohemian Rhapsody,Bohemian Rhapsody,N/A,Films
Boiling Point,Boiling Point,N/A,Films
Bordertown: Mural Murders,Bordertown: Mural Murders,N/A,Films
Borrego,Borrego,N/A,Films
Boruto: Naruto Next Generations: Season 1,Boruto: Naruto Next Generations,Boruto: Naruto Next Generations: Season 1,TV
Boruto: Naruto Next Generations: Season 2,Boruto: Naruto Next Generations,Boruto: Naruto Next Generations: Season 2,TV
Brahms: The Boy II,Brahms: The Boy II,N/A,Films
Brand New Cherry Flavor: Limited Series,Brand New Cherry Flavor,Brand New Cherry Flavor: Limited Series,TV
Brazen,Brazen,N/A,Films
Bride Wars,Bride Wars,N/A,Films
Bridgerton: Season 1,Bridgerton,Bridgerton: Season 1,TV
Bridgerton: Season 2,Bridgerton,Bridgerton: Season 2,TV
Bridget Jones's Baby,Bridget Jones's Baby,N/A,Films
Brightburn,Brightburn,N/A,Films
Britney Vs Spears,Britney Vs Spears,N/A,Films
Brooklyn Nine-Nine: Season 7,Brooklyn Nine-Nine,Brooklyn Nine-Nine: Season 7,TV
Brotherhood: Season 1,Brotherhood,Brotherhood: Season 1,TV
Brotherhood: Season 2,Brotherhood,Brotherhood: Season 2,TV
Brothers in Brothel,Brothers in Brothel,N/A,Films
Bruised,Bruised,N/A,Films
Bubble,Bubble,N/A,Films
Budapest,Budapest,N/A,Films
Bullsh*t The Gameshow: Season 1,Bullsh*t The Gameshow,Bullsh*t The Gameshow: Season 1,TV
Bumblebee,Bumblebee,N/A,Films
Burnt,Burnt,N/A,Films
Business Proposal: Season 1,Business Proposal,Business Proposal: Season 1,TV
Café con aroma de mujer: Season 1,Café con aroma de mujer,Café con aroma de mujer: Season 1,TV
Can You Keep a Secret?,Can You Keep a Secret?,N/A,Films
Captain Nova,Captain Nova,N/A,Films
Car Masters: Rust to Riches: Season 3,Car Masters: Rust to Riches,Car Masters: Rust to Riches: Season 3,TV
Carbon,Carbon,N/A,Films
Carinha de Anjo: Season 1,Carinha de Anjo,Carinha de Anjo: Season 1,TV
Carriers,Carriers,N/A,Films
Carrossel,Carrossel,N/A,TV
Case 39,Case 39,N/A,Films
Catch and Release,Catch and Release,N/A,Films
Catching Killers: Season 1,Catching Killers,Catching Killers: Season 1,TV
Catching Killers: Season 2,Catching Killers,Catching Killers: Season 2,TV
Celebrity Ex on the Beach: Season 1,Celebrity Ex on the Beach,Celebrity Ex on the Beach: Season 1,TV
Centauro,Centauro,N/A,Films
Central Intelligence,Central Intelligence,N/A,Films
Chaos,Chaos,N/A,Films
Chaos Walking,Chaos Walking,N/A,Films
Chappie,Chappie,N/A,Films
Charlie and the Chocolate Factory,Charlie and the Chocolate Factory,N/A,Films
Charlie's Angels,Charlie's Angels,N/A,Films
Charlotte's Web,Charlotte's Web,N/A,Films
Cheer: Season 2,Cheer,Cheer: Season 2,TV
Chernobyl 1986,Chernobyl 1986,N/A,Films
Chicago Fire: Season 1,Chicago Fire,Chicago Fire: Season 1,TV
Chicago Med: Season 1,Chicago Med,Chicago Med: Season 1,TV
Chicken Run,Chicken Run,N/A,Films
Chickenhare and the Hamster of Darkness,Chickenhare and the Hamster of Darkness,N/A,Films
Child of Kamiari Month,Child of Kamiari Month,N/A,Films
Chiquititas,Chiquititas,N/A,TV
Choose or Die,Choose or Die,N/A,Films
Christmas Flow: Season 1,Christmas Flow,Christmas Flow: Season 1,TV
City of Ember,City of Ember,N/A,Films
Clark: Limited Series,Clark,Clark: Limited Series,TV
Clash of the Titans,Clash of the Titans,N/A,Films
Cleaner,Cleaner,N/A,Films
Cleveland Abduction,Cleveland Abduction,N/A,Films
Clickbait: Limited Series,Clickbait,Clickbait: Limited Series,TV
Close Enemies,Close Enemies,N/A,Films
Closed Ward,Closed Ward,N/A,Films
Clover,Clover,N/A,Films
Coach Carter,Coach Carter,N/A,Films
Cobra Kai: Season 1,Cobra Kai,Cobra Kai: Season 1,TV
Cobra Kai: Season 2,Cobra Kai,Cobra Kai: Season 2,TV
Cobra Kai: Season 3,Cobra Kai,Cobra Kai: Season 3,TV
Cobra Kai: Season 4,Cobra Kai,Cobra Kai: Season 4,TV
Cocaine Cowboys: The Kings of Miami: Limited Series,Cocaine Cowboys: The Kings of Miami,Cocaine Cowboys: The Kings of Miami: Limited Series,TV
CoComelon: Season 1,CoComelon,CoComelon: Season 1,TV
CoComelon: Season 2,CoComelon,CoComelon: Season 2,TV
CoComelon: Season 3,CoComelon,CoComelon: Season 3,TV
CoComelon: Season 4,CoComelon,CoComelon: Season 4,TV
CoComelon: Season 5,CoComelon,CoComelon: Season 5,TV
Cold Blood Legacy,Cold Blood Legacy,N/A,Films
Colin in Black & White: Limited Series,Colin in Black & White,Colin in Black & White: Limited Series,TV
Collision,Collision,N/A,Films
Compadres,Compadres,N/A,Films
Confessions of an Invisible Girl,Confessions of an Invisible Girl,N/A,Films
Constantine,Constantine,N/A,Films
Control Z: Season 1,Control Z,Control Z: Season 1,TV
Control Z: Season 2,Control Z,Control Z: Season 2,TV
Conversations with a Killer: The John Wayne Gacy Tapes: Limited Series,Conversations with a Killer: The John Wayne Gacy Tapes,Conversations with a Killer: The John Wayne Gacy Tapes: Limited Series,TV
Countdown,Countdown,N/A,Films
Cowboy Bebop: Season 1,Cowboy Bebop,Cowboy Bebop: Season 1,TV
Cracow Monsters: Season 1,Cracow Monsters,Cracow Monsters: Season 1,TV
Cradle 2 the Grave,Cradle 2 the Grave,N/A,Films
Crash Landing on You: Season 1,Crash Landing on You,Crash Landing on You: Season 1,TV
Crawl,Crawl,N/A,Films
Crayon Shin-chan the Movie: Crash! Rakuga-Kingdom and Almost Four Heroes,Crayon Shin-chan the Movie: Crash! Rakuga-Kingdom and Almost Four Heroes,N/A,Films
Crayon Shin-chan the Movie: Shrouded in Mystery! The Flowers of Tenkasu Academy,Crayon Shin-chan the Movie: Shrouded in Mystery! The Flowers of Tenkasu Academy,N/A,Films
Crime Scene: The Times Square Killer: Limited Series,Crime Scene: The Times Square Killer,Crime Scene: The Times Square Killer: Limited Series,TV
Criminal,Criminal,N/A,Films
Crô em Família,Crô em Família,N/A,Films
Cry Babies Magic Tears: Season 1,Cry Babies Magic Tears,Cry Babies Magic Tears: Season 1,TV
Cúmplices de um Resgate: Season 1,Cúmplices de um Resgate,Cúmplices de um Resgate: Season 1,TV
Cyber Hell: Exposing an Internet Horror,Cyber Hell: Exposing an Internet Horror,N/A,Films
D.P.: Season 1,D.P.,D.P.: Season 1,TV
Daddy's Home 2,Daddy's Home 2,N/A,Films
Dancing on Glass,Dancing on Glass,N/A,Films
Dangerous,Dangerous,N/A,Films
Dark Desire: Season 1,Dark Desire,Dark Desire: Season 1,TV
Dark Desire: Season 2,Dark Desire,Dark Desire: Season 2,TV
Dark Shadows,Dark Shadows,N/A,Films
Daughter From Another Mother: Season 1,Daughter From Another Mother,Daughter From Another Mother: Season 1,TV
Daughter From Another Mother: Season 2,Daughter From Another Mother,Daughter From Another Mother: Season 2,TV
Dave Chappelle: The Closer,Dave Chappelle: The Closer,N/A,TV
David and the Elves,David and the Elves,N/A,Films
Dead Man Down,Dead Man Down,N/A,Films
DEATH NOTE: Death Note,DEATH NOTE,DEATH NOTE: Death Note,TV
Death Race 2,Death Race 2,N/A,Films
Death to 2021,Death to 2021,N/A,Films
Deep Blue Sea 2,Deep Blue Sea 2,N/A,Films
Deep Impact,Deep Impact,N/A,Films
Deliver Us from Evil,Deliver Us from Evil,N/A,Films
Demon Slayer: Kimetsu no Yaiba: Entertainment District Arc,Demon Slayer: Kimetsu no Yaiba,Demon Slayer: Kimetsu no Yaiba: Entertainment District Arc,TV
Demon Slayer: Kimetsu no Yaiba: Mugen Train Arc,Demon Slayer: Kimetsu no Yaiba,Demon Slayer: Kimetsu no Yaiba: Mugen Train Arc,TV
"Demon Slayer: Kimetsu no Yaiba: Tanjiro Kamado, Unwavering Resolve Arc",Demon Slayer: Kimetsu no Yaiba,"Demon Slayer: Kimetsu no Yaiba: Tanjiro Kamado, Unwavering Resolve Arc",TV
Den of Thieves,Den of Thieves,N/A,Films
Despicable Me,Despicable Me,N/A,Films
Despicable Me 2,Despicable Me 2,N/A,Films
"Devotion, a Story of Love and Desire: Season 1","Devotion, a Story of Love and Desire","Devotion, a Story of Love and Desire: Season 1",TV
Diner,Diner,N/A,Films
Disappearance at Clifton Hill,Disappearance at Clifton Hill,N/A,Films
Dive Club: Season 1,Dive Club,Dive Club: Season 1,TV
Django Unchained,Django Unchained,N/A,Films
Doctor John: Season 1,Doctor John,Doctor John: Season 1,TV
Doctor Sleep,Doctor Sleep,N/A,Films
Dolittle,Dolittle,N/A,Films
Don't Kill Me,Don't Kill Me,N/A,Films
Don't Look Up,Don't Look Up,N/A,Films
Dora and the Lost City of Gold,Dora and the Lost City of Gold,N/A,Films
dororo: Season 1,dororo,dororo: Season 1,TV
Double Jeopardy,Double Jeopardy,N/A,Films
Downfall: The Case Against Boeing,Downfall: The Case Against Boeing,N/A,Films
Downsizing,Downsizing,N/A,Films
Downton Abbey: Series 1,Downton Abbey,Downton Abbey: Series 1,TV
Downton Abbey: Series 2,Downton Abbey,Downton Abbey: Series 2,TV
Downton Abbey: Series 3,Downton Abbey,Downton Abbey: Series 3,TV
Downton Abbey: Series 4,Downton Abbey,Downton Abbey: Series 4,TV
Dr. Romantic: Season 1,Dr. Romantic,Dr. Romantic: Season 1,TV
Dr. Seuss' The Cat in the Hat,Dr. Seuss' The Cat in the Hat,N/A,Films
Dr. Seuss' The Grinch,Dr. Seuss' The Grinch,N/A,Films
Dr. White: Season 1,Dr. White,Dr. White: Season 1,TV
Drowning Love,Drowning Love,N/A,Films
Dumb and Dumber,Dumb and Dumber,N/A,Films
Dune,Dune,N/A,Films
Dynasty Warriors,Dynasty Warriors,N/A,Films
Dynasty: Season 4,Dynasty,Dynasty: Season 4,TV
É Fada!,É Fada!,N/A,Films
El Chema: Season 1,El Chema,El Chema: Season 1,TV
El infierno,El infierno,N/A,Films
Elite: Season 1,Elite,Elite: Season 1,TV
Elite: Season 4,Elite,Elite: Season 4,TV
Elite: Season 5,Elite,Elite: Season 5,TV
Elize Matsunaga: Once Upon a Crime: Season 1,Elize Matsunaga: Once Upon a Crime,Elize Matsunaga: Once Upon a Crime: Season 1,TV
Elves: Season 1,Elves,Elves: Season 1,TV
Emily in Paris: Season 1,Emily in Paris,Emily in Paris: Season 1,TV
Emily in Paris: Season 2,Emily in Paris,Emily in Paris: Season 2,TV
Emma.,Emma.,N/A,Films
Encounter,Encounter,N/A,TV
Enforcement,Enforcement,N/A,Films
Enough,Enough,N/A,Films
Entre Amis,Entre Amis,N/A,Films
Escape from Pretoria,Escape from Pretoria,N/A,Films
Escape Room,Escape Room,N/A,Films
Eu Sou Mais Eu,Eu Sou Mais Eu,N/A,Films
Everything Will Be Fine: Season 1,Everything Will Be Fine,Everything Will Be Fine: Season 1,TV
Executive Decision,Executive Decision,N/A,Films
Exit,Exit,N/A,Films
Extinct,Extinct,N/A,Films
Extraordinary You: Season 1,Extraordinary You,Extraordinary You: Season 1,TV
Extreme Job,Extreme Job,N/A,Films
F*ck Love Too,F*ck Love Too,N/A,Films
Falling for Figaro,Falling for Figaro,N/A,Films
Falling Into Your Smile: Season 1,Falling Into Your Smile,Falling Into Your Smile: Season 1,TV
Falsa identidad: Season 1,Falsa identidad,Falsa identidad: Season 1,TV
Falsa identidad: Season 2,Falsa identidad,Falsa identidad: Season 2,TV
Family Business: Season 3,Family Business,Family Business: Season 3,TV
Fantastic Beasts and Where To Find Them,Fantastic Beasts and Where To Find Them,N/A,Films
Fantastic Beasts: The Crimes of Grindelwald,Fantastic Beasts: The Crimes of Grindelwald,N/A,Films
Fast & Furious Presents: Hobbs & Shaw,Fast & Furious Presents: Hobbs & Shaw,N/A,Films
Faster,Faster,N/A,Films
Fatale,Fatale,N/A,Films
Father Christmas Is Back,Father Christmas Is Back,N/A,Films
Fatherhood,Fatherhood,N/A,Films
Fathers & Daughters,Fathers & Daughters,N/A,Films
Fear of Rain,Fear of Rain,N/A,Films
Fear Street Part 1: 1994,Fear Street Part 1: 1994,N/A,Films
Fear Street Part 2: 1978,Fear Street Part 2: 1978,N/A,Films
Fear Street Part 3: 1666,Fear Street Part 3: 1666,N/A,Films
Feria: The Darkest Light: Season 1,Feria: The Darkest Light,Feria: The Darkest Light: Season 1,TV
Fever Dream,Fever Dream,N/A,Films
Final Score,Final Score,N/A,Films
Firedrake the Silver Dragon,Firedrake the Silver Dragon,N/A,Films
First Kill,First Kill,N/A,Films
First Kill: Season 1,First Kill,First Kill: Season 1,TV
First Love,First Love,N/A,Films
First Sunday,First Sunday,N/A,Films
Fishbowl Wives: Season 1,Fishbowl Wives,Fishbowl Wives: Season 1,TV
Fistful of Vengeance,Fistful of Vengeance,N/A,Films
Five Feet Apart,Five Feet Apart,N/A,Films
Flip a Coin -ONE OK ROCK Documentary-,Flip a Coin -ONE OK ROCK Documentary-,N/A,Films
Fool's Gold,Fool's Gold,N/A,Films
For Life: Season 1,For Life,For Life: Season 1,TV
For Life: Season 2,For Life,For Life: Season 2,TV
Forecasting Love and Weather: Season 1,Forecasting Love and Weather,Forecasting Love and Weather: Season 1,TV
Forgetting Sarah Marshall,Forgetting Sarah Marshall,N/A,Films
Formula 1: Drive to Survive: Season 4,Formula 1: Drive to Survive,Formula 1: Drive to Survive: Season 4,TV
Forrest Gump,Forrest Gump,N/A,Films
Forsaken,Forsaken,N/A,Films
Fortuna's Eye,Fortuna's Eye,N/A,Films
Four Brothers,Four Brothers,N/A,Films
Fracture,Fracture,N/A,Films
Freedom Writers,Freedom Writers,N/A,Films
Friends: Season 6,Friends,Friends: Season 6,TV
Friendzone,Friendzone,N/A,Films
FullMetal Alchemist,FullMetal Alchemist,N/A,Films
Furious 7,Furious 7,N/A,Films
Furioza,Furioza,N/A,Films
G.I. Joe: Retaliation,G.I. Joe: Retaliation,N/A,Films
G.I. Joe: The Rise of Cobra,G.I. Joe: The Rise of Cobra,N/A,Films
Gabby's Dollhouse: Season 2,Gabby's Dollhouse,Gabby's Dollhouse: Season 2,TV
Game Night,Game Night,N/A,Films
Ganglands: Season 1,Ganglands,Ganglands: Season 1,TV
Gangubai Kathiawadi,Gangubai Kathiawadi,N/A,Films
Gantz,Gantz,N/A,Films
Gantz II: Perfect Answer,Gantz II: Perfect Answer,N/A,Films
Gemini Man,Gemini Man,N/A,Films
Geostorm,Geostorm,N/A,Films
Get Organized with The Home Edit: Season 2,Get Organized with The Home Edit,Get Organized with The Home Edit: Season 2,TV
Get Rich or Die Tryin',Get Rich or Die Tryin',N/A,Films
Ghost in the Shell: SAC_2045 Sustainable War,Ghost in the Shell: SAC_2045 Sustainable War,N/A,Films
Ghost in the Shell: SAC_2045: Season 2,Ghost in the Shell: SAC_2045,Ghost in the Shell: SAC_2045: Season 2,TV
Ghost Ship,Ghost Ship,N/A,Films
Ginny & Georgia: Season 1,Ginny & Georgia,Ginny & Georgia: Season 1,TV
Gladiator,Gladiator,N/A,Films
Glamour Girls,Glamour Girls,N/A,Films
God's Favorite Idiot: Season 1,God's Favorite Idiot,God's Favorite Idiot: Season 1,TV
Gods of Egypt,Gods of Egypt,N/A,Films
Godzilla: King of the Monsters,Godzilla: King of the Monsters,N/A,Films
Going in Style,Going in Style,N/A,Films
Golden Kamuy: Season 3,Golden Kamuy,Golden Kamuy: Season 3,TV
GOLGO13: Collection 1,GOLGO13,GOLGO13: Collection 1,TV
Gone Baby Gone,Gone Baby Gone,N/A,Films
Gone for Good: Limited Series,Gone for Good,Gone for Good: Limited Series,TV
Good Girls: Season 1,Good Girls,Good Girls: Season 1,TV
Good Girls: Season 4,Good Girls,Good Girls: Season 4,TV
Good on Paper,Good on Paper,N/A,Films
Goosebumps 2: Haunted Halloween,Goosebumps 2: Haunted Halloween,N/A,Films
Grace and Frankie: Season 7,Grace and Frankie,Grace and Frankie: Season 7,TV
Gran Torino,Gran Torino,N/A,Films
Great White,Great White,N/A,Films
Greed,Greed,N/A,Films
Green Lantern,Green Lantern,N/A,Films
Green Mothers' Club: Season 1,Green Mothers' Club,Green Mothers' Club: Season 1,TV
Green Snake,Green Snake,N/A,Films
Greenland,Greenland,N/A,Films
Grey's Anatomy: Season 17,Grey's Anatomy,Grey's Anatomy: Season 17,TV
Gridiron Gang,Gridiron Gang,N/A,Films
Grown Ups,Grown Ups,N/A,Films
Grown Ups 2,Grown Ups 2,N/A,Films
Grudge,Grudge,N/A,Films
Grumpy Christmas,Grumpy Christmas,N/A,Films
Gunpowder Milkshake,Gunpowder Milkshake,N/A,Films
Guns Akimbo,Guns Akimbo,N/A,Films
Hachi: A Dog's Tale,Hachi: A Dog's Tale,N/A,Films
Hairspray,Hairspray,N/A,Films
Halftime,Halftime,N/A,Films
Halloween,Halloween,N/A,Films
Hanna,Hanna,N/A,Films
Happy Death Day,Happy Death Day,N/A,Films
Happy Death Day 2U,Happy Death Day 2U,N/A,Films
Happy Gilmore,Happy Gilmore,N/A,Films
Hard Cell: Season 1,Hard Cell,Hard Cell: Season 1,TV
Hard Target 2,Hard Target 2,N/A,Films
Harriet,Harriet,N/A,Films
He's All That,He's All That,N/A,Films
He's Expecting: Season 1,He's Expecting,He's Expecting: Season 1,TV
Heart Parade,Heart Parade,N/A,Films
Heartland: Season 14,Heartland,Heartland: Season 14,TV
Heartland: Season 15,Heartland,Heartland: Season 15,TV
Heartstopper: Season 1,Heartstopper,Heartstopper: Season 1,TV
Heat,Heat,N/A,Films
Heavenly Bites: Mexico: Season 1,Heavenly Bites: Mexico,Heavenly Bites: Mexico: Season 1,TV
Heirs to the Land: Season 1,Heirs to the Land,Heirs to the Land: Season 1,TV
Heist: Season 1,Heist,Heist: Season 1,TV
Hell on the Border,Hell on the Border,N/A,Films
Hellbound: Season 1,Hellbound,Hellbound: Season 1,TV
Hello World,Hello World,N/A,Films
Her Private Life: Season 1,Her Private Life,Her Private Life: Season 1,TV
Here Comes the Boom,Here Comes the Boom,N/A,Films
Hero,Hero,N/A,Films
Hero (2015),Hero (2015),N/A,Films
Hey Handsome!!,Hey Handsome!!,N/A,TV
his,his,N/A,Films
Hit & Run: Season 1,Hit & Run,Hit & Run: Season 1,TV
Hit Me Anyone One More Time!,Hit Me Anyone One More Time!,N/A,Films
Hold Tight: Limited Series,Hold Tight,Hold Tight: Limited Series,TV
Hollow Man,Hollow Man,N/A,Films
Home,Home,N/A,Films
Home Team,Home Team,N/A,Films
Homefront,Homefront,N/A,Films
Hometown Cha-Cha-Cha: Season 1,Hometown Cha-Cha-Cha,Hometown Cha-Cha-Cha: Season 1,TV
Homme Fatale,Homme Fatale,N/A,Films
Honeymoon with My Mother,Honeymoon with My Mother,N/A,Films
Hop,Hop,N/A,Films
Hope,Hope,N/A,Films
Horsemen,Horsemen,N/A,Films
Hospital Playlist: Season 2,Hospital Playlist,Hospital Playlist: Season 2,TV
Hotel Transylvania 2,Hotel Transylvania 2,N/A,Films
Hotel Transylvania 3: Summer Vacation,Hotel Transylvania 3: Summer Vacation,N/A,Films
How I Became a Superhero,How I Became a Superhero,N/A,Films
How I Fell in Love with a Gangster,How I Fell in Love with a Gangster,N/A,Films
How It Ends,How It Ends,N/A,Films
How the Grinch Stole Christmas,How the Grinch Stole Christmas,N/A,Films
How to Be Single,How to Be Single,N/A,Films
How to Become the Worst Student at School,How to Become the Worst Student at School,N/A,Films
How to Eliminate My Teacher: Season 1,How to Eliminate My Teacher,How to Eliminate My Teacher: Season 1,TV
How to Sell Drugs Online (Fast): Season 3,How to Sell Drugs Online (Fast),How to Sell Drugs Online (Fast): Season 3,TV
How to Train Your Dragon: The Hidden World,How to Train Your Dragon: The Hidden World,N/A,Films
Hubie Halloween,Hubie Halloween,N/A,Films
Human Resources: Season 1,Human Resources,Human Resources: Season 1,TV
Hunter Killer,Hunter Killer,N/A,Films
Hunter X Hunter (2011): Season 5,Hunter X Hunter (2011),Hunter X Hunter (2011): Season 5,TV
Hustle,Hustle,N/A,Films
Hype House: Season 1,Hype House,Hype House: Season 1,TV
Hypnotic,Hypnotic,N/A,Films
I Am Georgina: Season 1,I Am Georgina,I Am Georgina: Season 1,TV
I Don't Know How She Does It,I Don't Know How She Does It,N/A,Films
I Don't Know Whether to Slit My Wrists or Leave Them Long,I Don't Know Whether to Slit My Wrists or Leave Them Long,N/A,Films
I Now Pronounce You Chuck and Larry,I Now Pronounce You Chuck and Larry,N/A,Films
I Swear It Wasn't Me,I Swear It Wasn't Me,N/A,Films
ID2: Shadwell Army,ID2: Shadwell Army,N/A,Films
Identity Thief,Identity Thief,N/A,Films
Ilhados,Ilhados,N/A,Films
In for a Murder,In for a Murder,N/A,Films
In From the Cold: Season 1,In From the Cold,In From the Cold: Season 1,TV
In Good Hands,In Good Hands,N/A,Films
In the Dark: Season 3,In the Dark,In the Dark: Season 3,TV
In This Corner (and Other Corners) of the World,In This Corner (and Other Corners) of the World,N/A,Films
In Time,In Time,N/A,Films
Inside Job: Part 1,Inside Job,Inside Job: Part 1,TV
Interceptor,Interceptor,N/A,Films
Intervenção,Intervenção,N/A,Films
Intimacy: Season 1,Intimacy,Intimacy: Season 1,TV
Into the Wind,Into the Wind,N/A,Films
Intolerance,Intolerance,N/A,Films
Intrusion,Intrusion,N/A,Films
Invasion,Invasion,N/A,Films
Inventing Anna: Limited Series,Inventing Anna,Inventing Anna: Limited Series,TV
Iron Chef: Quest for an Iron Legend: Season 1,Iron Chef: Quest for an Iron Legend,Iron Chef: Quest for an Iron Legend: Season 1,TV
Iron Man,Iron Man,N/A,Films
Is It Cake?: Season 1,Is It Cake?,Is It Cake?: Season 1,TV
It,It,N/A,Films
It Chapter Two,It Chapter Two,N/A,Films
It Comes,It Comes,N/A,Films
It’s Your Fault That My Heart Beats,It’s Your Fault That My Heart Beats,N/A,Films
Itaewon Class: Season 1,Itaewon Class,Itaewon Class: Season 1,TV
Iwane: Sword of Serenity,Iwane: Sword of Serenity,N/A,Films
Jack Reacher,Jack Reacher,N/A,Films
Jack Reacher: Never Go Back,Jack Reacher: Never Go Back,N/A,Films
Jack Whitehall: Travels with My Father: Season 5,Jack Whitehall: Travels with My Father,Jack Whitehall: Travels with My Father: Season 5,TV
Jackass 4.5,Jackass 4.5,N/A,Films
JAPAN SINKS: People of Hope: Season 1,JAPAN SINKS: People of Hope,JAPAN SINKS: People of Hope: Season 1,TV
Jarhead 2: Field of Fire,Jarhead 2: Field of Fire,N/A,Films
Jason Bourne,Jason Bourne,N/A,Films
Jaws,Jaws,N/A,Films
jeen-yuhs: A Kanye Trilogy,jeen-yuhs: A Kanye Trilogy,N/A,TV
Jenni Rivera: Mariposa de Barrio: Season 1,Jenni Rivera: Mariposa de Barrio,Jenni Rivera: Mariposa de Barrio: Season 1,TV
Jimmy Neutron: Boy Genius,Jimmy Neutron: Boy Genius,N/A,Films
Jimmy Savile: A British Horror Story: Limited Series,Jimmy Savile: A British Horror Story,Jimmy Savile: A British Horror Story: Limited Series,TV
John of God: The Crimes of a Spiritual Healer: Season 1,John of God: The Crimes of a Spiritual Healer,John of God: The Crimes of a Spiritual Healer: Season 1,TV
John Wick,John Wick,N/A,Films
John Wick: Chapter 2,John Wick: Chapter 2,N/A,Films
John Wick: Chapter 3 - Parabellum,John Wick: Chapter 3 - Parabellum,N/A,Films
Johnny Hallyday: Beyond Rock: Season 1,Johnny Hallyday: Beyond Rock,Johnny Hallyday: Beyond Rock: Season 1,TV
JoJo's Bizarre Adventure: STONE OCEAN,JoJo's Bizarre Adventure,JoJo's Bizarre Adventure: STONE OCEAN,TV
Joker,Joker,N/A,Films
Journey 2: The Mysterious Island,Journey 2: The Mysterious Island,N/A,Films
Jujutsu Kaisen: Season 1,Jujutsu Kaisen,Jujutsu Kaisen: Season 1,TV
Jumanji,Jumanji,N/A,Films
Jumanji: The Next Level,Jumanji: The Next Level,N/A,Films
Jumanji: Welcome to the Jungle,Jumanji: Welcome to the Jungle,N/A,Films
Jurassic World Camp Cretaceous: Season 4,Jurassic World Camp Cretaceous,Jurassic World Camp Cretaceous: Season 4,TV
Jurassic World: Fallen Kingdom,Jurassic World: Fallen Kingdom,N/A,Films
Just Go With It,Just Go With It,N/A,Films
Just Like Heaven,Just Like Heaven,N/A,Films
Just Short of Perfect,Just Short of Perfect,N/A,Films
Justice League,Justice League,N/A,Films
Juvenile Justice: Season 1,Juvenile Justice,Juvenile Justice: Season 1,TV
K-19: The Widowmaker,K-19: The Widowmaker,N/A,Films
Kaguya-sama: Love Is War,Kaguya-sama: Love Is War,N/A,Films
Kasane,Kasane,N/A,Films
Kate,Kate,N/A,Films
Keep Sweet: Pray and Obey: Limited Series,Keep Sweet: Pray and Obey,Keep Sweet: Pray and Obey: Limited Series,TV
Kiba: The Fangs of Fiction,Kiba: The Fangs of Fiction,N/A,Films
King Arthur: Legend of the Sword,King Arthur: Legend of the Sword,N/A,Films
Kingdom: Ashin of the North,Kingdom: Ashin of the North,N/A,Films
"Kiss Him, Not Me","Kiss Him, Not Me",N/A,Films
Kitz: Season 1,Kitz,Kitz: Season 1,TV
Knight and Day,Knight and Day,N/A,Films
Knives Out,Knives Out,N/A,Films
Knuckle,Knuckle,N/A,Films
Kong: Skull Island,Kong: Skull Island,N/A,Films
Kotaro Lives Alone: Season 1,Kotaro Lives Alone,Kotaro Lives Alone: Season 1,TV
Kung Fu Hustle,Kung Fu Hustle,N/A,Films
Kung Fu Panda,Kung Fu Panda,N/A,Films
Kung Fu Panda 2,Kung Fu Panda 2,N/A,Films
Kung Fu Panda 3,Kung Fu Panda 3,N/A,Films
Kuroko's Basketball: Last Game,Kuroko's Basketball: Last Game,N/A,Films
Kuroko's Basketball: Season 1,Kuroko's Basketball,Kuroko's Basketball: Season 1,TV
L.A.’s Finest: Season 1,L.A.’s Finest,L.A.’s Finest: Season 1,TV
La bella y las bestias: Season 1,La bella y las bestias,La bella y las bestias: Season 1,TV
La ley de Herodes,La ley de Herodes,N/A,Films
La leyenda de la Nahuala,La leyenda de la Nahuala,N/A,Films
La leyenda del Charro Negro,La leyenda del Charro Negro,N/A,Films
La Reina del Sur: Season 2,La Reina del Sur,La Reina del Sur: Season 2,TV
Lakeview Terrace,Lakeview Terrace,N/A,Films
Laplace's Witch,Laplace's Witch,N/A,Films
Last Christmas,Last Christmas,N/A,Films
Last Knights,Last Knights,N/A,Films
Last Letter,Last Letter,N/A,Films
Last Man Down,Last Man Down,N/A,Films
Last One Standing: Season 1,Last One Standing,Last One Standing: Season 1,TV
Law Abiding Citizen,Law Abiding Citizen,N/A,Films
Lawless Lawyer,Lawless Lawyer,N/A,TV
Legacies: Season 4,Legacies,Legacies: Season 4,TV
Legend,Legend,N/A,Films
Leon's Heart,Leon's Heart,N/A,Films
Les déguns,Les déguns,N/A,Films
Let's Dance,Let's Dance,N/A,Films
Liar × Liar,Liar × Liar,N/A,Films
Liar: Season 1,Liar,Liar: Season 1,TV
Lies and Deceit: Season 1,Lies and Deceit,Lies and Deceit: Season 1,TV
Life,Life,N/A,Films
Life After Death with Tyler Henry: Season 1,Life After Death with Tyler Henry,Life After Death with Tyler Henry: Season 1,TV
Lionheart,Lionheart,N/A,Films
Little Women,Little Women,N/A,Films
Loca por el trabajo,Loca por el trabajo,N/A,Films
Locke & Key: Season 1,Locke & Key,Locke & Key: Season 1,TV
Locke & Key: Season 2,Locke & Key,Locke & Key: Season 2,TV
Lockout,Lockout,N/A,Films
LOL,LOL,N/A,Films
Lolo,Lolo,N/A,Films
London Has Fallen,London Has Fallen,N/A,Films
Looking for Teddy,Looking for Teddy,N/A,Films
Looper,Looper,N/A,Films
Lord of War,Lord of War,N/A,Films
Lords of Scam,Lords of Scam,N/A,Films
Losing It,Losing It,N/A,Films
Lost in Space: Season 1,Lost in Space,Lost in Space: Season 1,TV
Lost in Space: Season 2,Lost in Space,Lost in Space: Season 2,TV
Lost in Space: Season 3,Lost in Space,Lost in Space: Season 3,TV
Lost Paradise,Lost Paradise,N/A,Films
Love (ft. Marriage and Divorce): Season 2,Love (ft. Marriage and Divorce),Love (ft. Marriage and Divorce): Season 2,TV
Love (ft. Marriage and Divorce): Season 3,Love (ft. Marriage and Divorce),Love (ft. Marriage and Divorce): Season 3,TV
Love & Gelato,Love & Gelato,N/A,Films
Love Actually,Love Actually,N/A,Films
Love and Leashes,Love and Leashes,N/A,Films
Love Hard,Love Hard,N/A,Films
Love Is Blind: Brazil: Season 1,Love Is Blind: Brazil,Love Is Blind: Brazil: Season 1,TV
Love is Blind: Japan: Season 1,Love is Blind: Japan,Love is Blind: Japan: Season 1,TV
Love Is Blind: Season 1,Love Is Blind,Love Is Blind: Season 1,TV
Love Is Blind: Season 2,Love Is Blind,Love Is Blind: Season 2,TV
Love Like the Falling Petals,Love Like the Falling Petals,N/A,Films
"Love Me, Love Me Not","Love Me, Love Me Not",N/A,Films
Love of My Loves,Love of My Loves,N/A,Films
Love on the Spectrum U.S.: Season 1,Love on the Spectrum U.S.,Love on the Spectrum U.S.: Season 1,TV
Love Tactics,Love Tactics,N/A,Films
Luccas Neto em: O Mapa do Tesouro 2,Luccas Neto em: O Mapa do Tesouro 2,N/A,Films
Luccas Neto em: O Plano dos Vilões,Luccas Neto em: O Plano dos Vilões,N/A,Films
Luccas Neto in: The Magical Hotel 2,Luccas Neto in: The Magical Hotel 2,N/A,Films
Lucifer: Season 1,Lucifer,Lucifer: Season 1,TV
Lucifer: Season 2,Lucifer,Lucifer: Season 2,TV
Lucifer: Season 3,Lucifer,Lucifer: Season 3,TV
Lucifer: Season 5,Lucifer,Lucifer: Season 5,TV
Lucifer: Season 6,Lucifer,Lucifer: Season 6,TV
Luis Miguel - The Series: Season 3,Luis Miguel - The Series,Luis Miguel - The Series: Season 3,TV
Lulli,Lulli,N/A,Films
Lupin: Part 2,Lupin,Lupin: Part 2,TV
Ma,Ma,N/A,Films
Madagascar: Escape 2 Africa,Madagascar: Escape 2 Africa,N/A,Films
Mahjong Legend Akagi: The Genius Who Descended Into the Darkness: Season 1,Mahjong Legend Akagi: The Genius Who Descended Into the Darkness,Mahjong Legend Akagi: The Genius Who Descended Into the Darkness: Season 1,TV
Maid: Limited Series,Maid,Maid: Limited Series,TV
Major Grom: Plague Doctor,Major Grom: Plague Doctor,N/A,Films
Major Payne,Major Payne,N/A,Films
Maldivas: Season 1,Maldivas,Maldivas: Season 1,TV
"Malverde, el santo patrón: Season 1","Malverde, el santo patrón","Malverde, el santo patrón: Season 1",TV
Man of God,Man of God,N/A,Films
Man of Steel,Man of Steel,N/A,Films
Man of Tai Chi,Man of Tai Chi,N/A,Films
Man on Fire,Man on Fire,N/A,Films
Man Vs Bee: Season 1,Man Vs Bee,Man Vs Bee: Season 1,TV
Manifest: Season 1,Manifest,Manifest: Season 1,TV
Manifest: Season 2,Manifest,Manifest: Season 2,TV
Manifest: Season 3,Manifest,Manifest: Season 3,TV
Mariah Carey's All I Want for Christmas Is You,Mariah Carey's All I Want for Christmas Is You,N/A,Films
Marmaduke,Marmaduke,N/A,Films
Married at First Sight: Season 10,Married at First Sight,Married at First Sight: Season 10,TV
"Mary, Queen of Scots","Mary, Queen of Scots",N/A,Films
Masked Ward,Masked Ward,N/A,Films
Masquerade Hotel,Masquerade Hotel,N/A,Films
Maverix: Season 1,Maverix,Maverix: Season 1,TV
Maya and the Three: Limited Series,Maya and the Three,Maya and the Three: Limited Series,TV
Me Before You,Me Before You,N/A,Films
Meet the Fockers,Meet the Fockers,N/A,Films
Meet the Parents,Meet the Parents,N/A,Films
"Meet, Marry, Murder: Season 1","Meet, Marry, Murder","Meet, Marry, Murder: Season 1",TV
Meltdown: Three Mile Island: Limited Series,Meltdown: Three Mile Island,Meltdown: Three Mile Island: Limited Series,TV
Memoirs of a Geisha,Memoirs of a Geisha,N/A,Films
Memories of a Murderer: The Nilsen Tapes,Memories of a Murderer: The Nilsen Tapes,N/A,Films
Men in Black: International,Men in Black: International,N/A,Films
Meskina,Meskina,N/A,Films
Metal Lords,Metal Lords,N/A,Films
Midnight in the Switchgrass,Midnight in the Switchgrass,N/A,Films
Midnight Mass: Limited Series,Midnight Mass,Midnight Mass: Limited Series,TV
Midsommar,Midsommar,N/A,Films
Midsommar: The Director's Cut,Midsommar: The Director's Cut,N/A,Films
Midway,Midway,N/A,Films
Mine: Season 1,Mine,Mine: Season 1,TV
Minnal Murali,Minnal Murali,N/A,Films
Mio's Cookbook,Mio's Cookbook,N/A,Films
Mirai,Mirai,N/A,Films
Miss Bala,Miss Bala,N/A,Films
Mission: Impossible,Mission: Impossible,N/A,Films
Mission: Impossible - Ghost Protocol,Mission: Impossible - Ghost Protocol,N/A,Films
Mission: Impossible III,Mission: Impossible III,N/A,Films
Mobile Suit Gundam Hathaway,Mobile Suit Gundam Hathaway,N/A,Films
Modern Family: Season 9,Modern Family,Modern Family: Season 9,TV
Molly's Game,Molly's Game,N/A,Films
Money Heist: Korea - Joint Economic Area: Season 1,Money Heist: Korea - Joint Economic Area,Money Heist: Korea - Joint Economic Area: Season 1,TV
Money Heist: Part 1,Money Heist,Money Heist: Part 1,TV
Money Heist: Part 4,Money Heist,Money Heist: Part 4,TV
Money Heist: Part 5,Money Heist,Money Heist: Part 5,TV
Monster Hunter: Legends of the Guild,Monster Hunter: Legends of the Guild,N/A,Films
Monster-in-Law,Monster-in-Law,N/A,Films
Monster: Season 1,Monster,Monster: Season 1,TV
Monsters Inside: The 24 Faces of Billy Milligan: Limited Series,Monsters Inside: The 24 Faces of Billy Milligan,Monsters Inside: The 24 Faces of Billy Milligan: Limited Series,TV
More the Merrier,More the Merrier,N/A,Films
Mortal Engines,Mortal Engines,N/A,Films
Mortal Kombat,Mortal Kombat,N/A,Films
Mortel: Season 2,Mortel,Mortel: Season 2,TV
Mother's Day,Mother's Day,N/A,Films
Mother/Android,Mother/Android,N/A,Films
Motherless Brooklyn,Motherless Brooklyn,N/A,Films
Mr. & Mrs. Smith,Mr. & Mrs. Smith,N/A,Films
Mr. Deeds,Mr. Deeds,N/A,Films
Mr. Peabody & Sherman,Mr. Peabody & Sherman,N/A,Films
Mr. Robot: Season 1,Mr. Robot,Mr. Robot: Season 1,TV
Munich – The Edge of War,Munich – The Edge of War,N/A,Films
Murders at the House of Death,Murders at the House of Death,N/A,Films
Mushoku Tensei: Jobless Reincarnation: Season 1,Mushoku Tensei: Jobless Reincarnation,Mushoku Tensei: Jobless Reincarnation: Season 1,TV
My Best Friend Anne Frank,My Best Friend Anne Frank,N/A,Films
My Blood & Bones in a flowing Galaxy,My Blood & Bones in a flowing Galaxy,N/A,Films
"My Brother, My Sister","My Brother, My Sister",N/A,Films
My Country: The New Age: Season 1,My Country: The New Age,My Country: The New Age: Season 1,TV
My Dear Exes: Season 1,My Dear Exes,My Dear Exes: Season 1,TV
My Father's Violin,My Father's Violin,N/A,Films
My First Client,My First Client,N/A,Films
My Hero Academia: Heroes Rising,My Hero Academia: Heroes Rising,N/A,Films
My Hero Academia: Season 5,My Hero Academia,My Hero Academia: Season 5,TV
My ID is Gangnam Beauty: Season 1,My ID is Gangnam Beauty,My ID is Gangnam Beauty: Season 1,TV
My Liberation Notes: Season 1,My Liberation Notes,My Liberation Notes: Season 1,TV
My Little Pony: A New Generation,My Little Pony: A New Generation,N/A,Films
My Love Story!!: Season 1,My Love Story!!,My Love Story!!: Season 1,TV
My Lover My Killer: Season 1,My Lover My Killer,My Lover My Killer: Season 1,TV
My Name: Season 1,My Name,My Name: Season 1,TV
My Sassy Girl: Season 1,My Sassy Girl,My Sassy Girl: Season 1,TV
My Spy,My Spy,N/A,Films
My Unorthodox Life: Season 1,My Unorthodox Life,My Unorthodox Life: Season 1,TV
Narcos: Mexico: Season 1,Narcos: Mexico,Narcos: Mexico: Season 1,TV
Narcos: Mexico: Season 2,Narcos: Mexico,Narcos: Mexico: Season 2,TV
Narcos: Mexico: Season 3,Narcos: Mexico,Narcos: Mexico: Season 3,TV
Nativity!,Nativity!,N/A,Films
Never Back Down,Never Back Down,N/A,Films
Never Grow Old,Never Grow Old,N/A,Films
Never Have I Ever: Season 1,Never Have I Ever,Never Have I Ever: Season 1,TV
Never Have I Ever: Season 2,Never Have I Ever,Never Have I Ever: Season 2,TV
"Nevertheless,: Season 1","Nevertheless,","Nevertheless,: Season 1",TV
New Amsterdam: Season 1,New Amsterdam,New Amsterdam: Season 1,TV
New Amsterdam: Season 2,New Amsterdam,New Amsterdam: Season 2,TV
"Newly Rich, Newly Poor: Season 1","Newly Rich, Newly Poor","Newly Rich, Newly Poor: Season 1",TV
Neymar: The Perfect Chaos: Limited Series,Neymar: The Perfect Chaos,Neymar: The Perfect Chaos: Limited Series,TV
Night School,Night School,N/A,Films
Night Teeth,Night Teeth,N/A,Films
Nightbooks,Nightbooks,N/A,Films
No One Gets Out Alive,No One Gets Out Alive,N/A,Films
No Reservations,No Reservations,N/A,Films
Noah,Noah,N/A,Films
Nobody Sleeps in the Woods Tonight 2,Nobody Sleeps in the Woods Tonight 2,N/A,Films
Non-Stop,Non-Stop,N/A,Films
O Candidato Honesto 2,O Candidato Honesto 2,N/A,Films
Oblivion,Oblivion,N/A,Films
Ocean's 8,Ocean's 8,N/A,Films
Office Christmas Party,Office Christmas Party,N/A,Films
Old School,Old School,N/A,Films
Oldboy,Oldboy,N/A,Films
On My Block: Season 4,On My Block,On My Block: Season 4,TV
Once Upon a Time in Hollywood,Once Upon a Time in Hollywood,N/A,Films
One for the Money,One for the Money,N/A,Films
One in a Hundred Thousand,One in a Hundred Thousand,N/A,Films
One Night,One Night,N/A,Films
One of Us Is Lying: Season 1,One of Us Is Lying,One of Us Is Lying: Season 1,TV
One Outs: season 1,One Outs,One Outs: season 1,TV
One Piece Film: Strong World,One Piece Film: Strong World,N/A,Films
ONE PIECE: Sky Island: Skypiea,ONE PIECE,ONE PIECE: Sky Island: Skypiea,TV
ONE PIECE: Wano Country (Ep.892 - Ep.1000),ONE PIECE,ONE PIECE: Wano Country (Ep.892 - Ep.1000),TV
One-Punch Man: Season 2,One-Punch Man,One-Punch Man: Season 2,TV
Only Mine,Only Mine,N/A,Films
Open Your Eyes: Season 1,Open Your Eyes,Open Your Eyes: Season 1,TV
Operation Mincemeat,Operation Mincemeat,N/A,Films
Ouija: Origin of Evil,Ouija: Origin of Evil,N/A,Films
Our Beloved Summer: Season 1,Our Beloved Summer,Our Beloved Summer: Season 1,TV
Our Blues: Season 1,Our Blues,Our Blues: Season 1,TV
Our Father,Our Father,N/A,Films
Our Great National Parks: Limited Series,Our Great National Parks,Our Great National Parks: Limited Series,TV
Out of Death,Out of Death,N/A,Films
Out of my league,Out of my league,N/A,Films
Outer Banks: Season 1,Outer Banks,Outer Banks: Season 1,TV
Outer Banks: Season 2,Outer Banks,Outer Banks: Season 2,TV
Outlander: Season 5,Outlander,Outlander: Season 5,TV
Outlander: Season 6,Outlander,Outlander: Season 6,TV
Outlaws,Outlaws,N/A,Films
Overlord,Overlord,N/A,Films
Ozark: Season 1,Ozark,Ozark: Season 1,TV
Ozark: Season 2,Ozark,Ozark: Season 2,TV
Ozark: Season 3,Ozark,Ozark: Season 3,TV
Ozark: Season 4,Ozark,Ozark: Season 4,TV
Pacific Rim,Pacific Rim,N/A,Films
Paddington,Paddington,N/A,Films
Paddington 2,Paddington 2,N/A,Films
Pain & Gain,Pain & Gain,N/A,Films
Papillon,Papillon,N/A,Films
Paradise Beach,Paradise Beach,N/A,Films
Parallel Mothers,Parallel Mothers,N/A,Films
Parallel Roads,Parallel Roads,N/A,Films
Parasite in Love,Parasite in Love,N/A,Films
Parasyte: The Maxim: Season 1,Parasyte: The Maxim,Parasyte: The Maxim: Season 1,TV
Passing,Passing,N/A,Films
Patriots Day,Patriots Day,N/A,Films
PAW Patrol: Season 3,PAW Patrol,PAW Patrol: Season 3,TV
PAW Patrol: Season 4,PAW Patrol,PAW Patrol: Season 4,TV
PAW Patrol: Season 5,PAW Patrol,PAW Patrol: Season 5,TV
PAW Patrol: Season 6,PAW Patrol,PAW Patrol: Season 6,TV
Paw Patrol: The Movie,Paw Patrol: The Movie,N/A,Films
Peaky Blinders: Season 1,Peaky Blinders,Peaky Blinders: Season 1,TV
Peaky Blinders: Season 6,Peaky Blinders,Peaky Blinders: Season 6,TV
Pedal to Metal: Season 1,Pedal to Metal,Pedal to Metal: Season 1,TV
Penguin Bloom,Penguin Bloom,N/A,Films
Peninsula,Peninsula,N/A,Films
Peppa Pig: Season 6,Peppa Pig,Peppa Pig: Season 6,TV
Peppermint,Peppermint,N/A,Films
Peter Rabbit,Peter Rabbit,N/A,Films
Peter Rabbit 2,Peter Rabbit 2,N/A,Films
Photocopier,Photocopier,N/A,Films
PIECES OF HER: Season 1,PIECES OF HER,PIECES OF HER: Season 1,TV
Piranha,Piranha,N/A,Films
Playing with Fire,Playing with Fire,N/A,Films
Pokémon Detective Pikachu,Pokémon Detective Pikachu,N/A,Films
Pokémon Journeys: The Series: Season 1,Pokémon Journeys: The Series,Pokémon Journeys: The Series: Season 1,TV
Pokémon the Movie: Secrets of the Jungle,Pokémon the Movie: Secrets of the Jungle,N/A,Films
Poms,Poms,N/A,Films
Prayers for the Stolen,Prayers for the Stolen,N/A,Films
Precious Cargo,Precious Cargo,N/A,Films
Pretty Guardian Sailor Moon Eternal The Movie,Pretty Guardian Sailor Moon Eternal The Movie,Pretty Guardian Sailor Moon Eternal The Movie: Part 1 / Part 2,Films
Pretty Little Liars: Season 1,Pretty Little Liars,Pretty Little Liars: Season 1,TV
Prey,Prey,N/A,Films
Princess Sarah: Season 1,Princess Sarah,Princess Sarah: Season 1,TV
Problemos,Problemos,N/A,Films
Public Enemies,Public Enemies,N/A,Films
Queen of the South: Season 1,Queen of the South,Queen of the South: Season 1,TV
Queen of the South: Season 5,Queen of the South,Queen of the South: Season 5,TV
Queer Eye: Season 6,Queer Eye,Queer Eye: Season 6,TV
R.I.P.D.,R.I.P.D.,N/A,Films
Raising Dion: Season 1,Raising Dion,Raising Dion: Season 1,TV
Raising Dion: Season 2,Raising Dion,Raising Dion: Season 2,TV
Rambo,Rambo,N/A,Films
Rambo: Last Blood,Rambo: Last Blood,N/A,Films
Rampage,Rampage,N/A,Films
Ransom,Ransom,N/A,Films
Ready Player One,Ready Player One,N/A,Films
Reasonable Doubt: A Tale of Two Kidnappings: Limited Series,Reasonable Doubt: A Tale of Two Kidnappings,Reasonable Doubt: A Tale of Two Kidnappings: Limited Series,TV
Rebelde: Season 1,Rebelde,Rebelde: Season 1,TV
Record of Ragnarok: Season 1,Record of Ragnarok,Record of Ragnarok: Season 1,TV
RED 2,RED 2,N/A,Films
Red Notice,Red Notice,N/A,Films
Red Riding Hood,Red Riding Hood,N/A,Films
Redemption,Redemption,N/A,Films
Redemption Day,Redemption Day,N/A,Films
Reminiscence,Reminiscence,N/A,Films
Replicas,Replicas,N/A,Films
Reprisal,Reprisal,N/A,Films
Rescued by Ruby,Rescued by Ruby,N/A,Films
RESIDENT EVIL: Infinite Darkness: Season 1,RESIDENT EVIL: Infinite Darkness,RESIDENT EVIL: Infinite Darkness: Season 1,TV
Resident Evil: The Final Chapter,Resident Evil: The Final Chapter,N/A,Films
Resort to Love,Resort to Love,N/A,Films
Restless,Restless,N/A,Films
Retfærdighedens ryttere,Retfærdighedens ryttere,N/A,Films
Rettou Seiha (Tentative): Season 1,Rettou Seiha (Tentative),Rettou Seiha (Tentative): Season 1,TV
Return to Space,Return to Space,N/A,Films
Rhythm + Flow France: Season 1,Rhythm + Flow France,Rhythm + Flow France: Season 1,TV
Richie Rich,Richie Rich,N/A,Films
Rick and Morty: Season 5,Rick and Morty,Rick and Morty: Season 5,TV
Ricky Gervais: SuperNature,Ricky Gervais: SuperNature,N/A,TV
Ride Along 2,Ride Along 2,N/A,Films
Rise of the Footsoldier 3: The Pat Tate Story,Rise of the Footsoldier 3: The Pat Tate Story,N/A,Films
Rise of the Footsoldier: Marbella,Rise of the Footsoldier: Marbella,N/A,Films
Rise of the Guardians,Rise of the Guardians,N/A,Films
Risen,Risen,N/A,Films
Riverdale: Season 5,Riverdale,Riverdale: Season 5,TV
Riverdance: The Animated Adventure,Riverdance: The Animated Adventure,N/A,Films
Robin Hood: Prince of Thieves,Robin Hood: Prince of Thieves,N/A,Films
Romeo Must Die,Romeo Must Die,N/A,Films
Room,Room,N/A,Films
RRR (Hindi),RRR (Hindi),N/A,Films
Rurouni Kenshin: Origins,Rurouni Kenshin: Origins,N/A,Films
Rurouni Kenshin: The Beginning,Rurouni Kenshin: The Beginning,N/A,Films
Rurouni Kenshin: The Final,Rurouni Kenshin: The Final,N/A,Films
Rush Hour,Rush Hour,N/A,Films
Russell Howard: Lubricant: Limited Series,Russell Howard: Lubricant,Russell Howard: Lubricant: Limited Series,TV
Rust Creek,Rust Creek,N/A,Films
S.W.A.T.: Firefight,S.W.A.T.: Firefight,N/A,Films
S.W.A.T.: Season 1,S.W.A.T.,S.W.A.T.: Season 1,TV
S.W.A.T.: Season 2,S.W.A.T.,S.W.A.T.: Season 2,TV
S.W.A.T.: Season 3,S.W.A.T.,S.W.A.T.: Season 3,TV
Safe House,Safe House,N/A,Films
Safe: Season 1,Safe,Safe: Season 1,TV
Same Kind of Different as Me,Same Kind of Different as Me,N/A,Films
SAS: Rise of the Black Swan,SAS: Rise of the Black Swan,N/A,Films
Savage Beauty: Season 1,Savage Beauty,Savage Beauty: Season 1,TV
Save the Last Dance,Save the Last Dance,N/A,Films
Scary Movie,Scary Movie,N/A,Films
Scary Movie 4,Scary Movie 4,N/A,Films
School of Chocolate: Season 1,School of Chocolate,School of Chocolate: Season 1,TV
School of Rock,School of Rock,N/A,Films
Schumacher,Schumacher,N/A,Films
Seal Team,Seal Team,N/A,Films
Search WWW,Search WWW,N/A,TV
Secret Garden: Season 1,Secret Garden,Secret Garden: Season 1,TV
Secret in Their Eyes,Secret in Their Eyes,N/A,Films
Security,Security,N/A,Films
See for Me,See for Me,N/A,Films
Seiji Oda,Seiji Oda,Seiji Oda: Season 1,Films
Seized,Seized,N/A,Films
Sekigahara,Sekigahara,N/A,Films
Selling Sunset: Season 4,Selling Sunset,Selling Sunset: Season 4,TV
Selling Sunset: Season 5,Selling Sunset,Selling Sunset: Season 5,TV
Selling Tampa: Season 1,Selling Tampa,Selling Tampa: Season 1,TV
Senior Year,Senior Year,N/A,Films
Señora Acero: Season 1,Señora Acero,Señora Acero: Season 1,TV
Señora Acero: Season 2,Señora Acero,Señora Acero: Season 2,TV
Señora Acero: Season 3,Señora Acero,Señora Acero: Season 3,TV
Seventh Son,Seventh Son,N/A,Films
Sex Education: Season 1,Sex Education,Sex Education: Season 1,TV
Sex Education: Season 2,Sex Education,Sex Education: Season 2,TV
Sex Education: Season 3,Sex Education,Sex Education: Season 3,TV
Sex/Life: Season 1,Sex/Life,Sex/Life: Season 1,TV
SHAMAN KING: Season 1,SHAMAN KING,SHAMAN KING: Season 1,TV
Shameless (U.S.): Season 11,Shameless (U.S.),Shameless (U.S.): Season 11,TV
Sharkdog: Season 1,Sharkdog,Sharkdog: Season 1,TV
Shazam!,Shazam!,N/A,Films
She was pretty: Season 1,She was pretty,She was pretty: Season 1,TV
She's All That,She's All That,N/A,Films
She's the Man,She's the Man,N/A,Films
Shéhérazade,Shéhérazade,N/A,Films
Sherlock Holmes: A Game of Shadows,Sherlock Holmes: A Game of Shadows,N/A,Films
Shooter,Shooter,N/A,Films
Shot Caller,Shot Caller,N/A,Films
Shrek,Shrek,N/A,Films
Shrek 2,Shrek 2,N/A,Films
Shrek Forever After,Shrek Forever After,N/A,Films
Sicario,Sicario,N/A,Films
Silent Hours,Silent Hours,N/A,Films
Silent Tokyo,Silent Tokyo,N/A,Films
Silver Skates,Silver Skates,N/A,Films
Silver Spoon,Silver Spoon,N/A,Films
Silverton Siege,Silverton Siege,N/A,Films
Sin Nombre,Sin Nombre,N/A,Films
Sing,Sing,N/A,Films
Sing 2,Sing 2,N/A,Films
Single All The Way,Single All The Way,N/A,Films
Single’s Inferno: Season 1,Single’s Inferno,Single’s Inferno: Season 1,TV
Sintonia: Season 2,Sintonia,Sintonia: Season 2,TV
Sket Dance: Season 1,Sket Dance,Sket Dance: Season 1,TV
Sky Rojo: Season 2,Sky Rojo,Sky Rojo: Season 2,TV
Skylines,Skylines,N/A,Films
Skyscraper,Skyscraper,N/A,Films
Slender Man,Slender Man,N/A,Films
Smallfoot,Smallfoot,N/A,Films
Smother-in-Law: Season 1,Smother-in-Law,Smother-in-Law: Season 1,TV
Snake Eyes: G.I. Joe Origins,Snake Eyes: G.I. Joe Origins,N/A,Films
Sniper: Assassin's End,Sniper: Assassin's End,N/A,Films
Snowbound for Christmas,Snowbound for Christmas,N/A,Films
Snowflake Mountain: Season 1,Snowflake Mountain,Snowflake Mountain: Season 1,TV
Snowpiercer: Season 3,Snowpiercer,Snowpiercer: Season 3,TV
Solomon Kane,Solomon Kane,N/A,Films
Something Borrowed,Something Borrowed,N/A,Films
Somos.: Season 1,Somos.,Somos.: Season 1,TV
Son of the South,Son of the South,N/A,Films
Sonic the Hedgehog,Sonic the Hedgehog,N/A,Films
Sophie: A Murder in West Cork: Limited Series,Sophie: A Murder in West Cork,Sophie: A Murder in West Cork: Limited Series,TV
Sounds Like Love,Sounds Like Love,N/A,Films
Sous le même toit,Sous le même toit,N/A,Films
SP: The Motion Picture Episode V,SP: The Motion Picture Episode V,N/A,Films
SP: The Motion Picture Episode VI<The Final Episode>,SP: The Motion Picture Episode VI<The Final Episode>,N/A,Films
Space Force: Season 2,Space Force,Space Force: Season 2,TV
Space Jam: A New Legacy,Space Jam: A New Legacy,N/A,Films
Spider-Man,Spider-Man,N/A,Films
Spider-Man 2,Spider-Man 2,N/A,Films
Spider-Man 3,Spider-Man 3,N/A,Films
Spider-Man: Far from Home,Spider-Man: Far from Home,N/A,Films
Spider-Man: Homecoming,Spider-Man: Homecoming,N/A,Films
Spider-Man: Into the Spider-Verse,Spider-Man: Into the Spider-Verse,N/A,Films
Spiderhead,Spiderhead,N/A,Films
Spiral: From the Book of Saw,Spiral: From the Book of Saw,N/A,Films
Spirit Chronicles: Season 1,Spirit Chronicles,Spirit Chronicles: Season 1,TV
Split,Split,N/A,Films
Spoiled Brats,Spoiled Brats,N/A,Films
SPRIGGAN: Season 1,SPRIGGAN,SPRIGGAN: Season 1,TV
SPY x FAMILY: Season 1,SPY x FAMILY,SPY x FAMILY: Season 1,TV
Squid Game: Season 1,Squid Game,Squid Game: Season 1,TV
St. Vincent,St. Vincent,N/A,Films
STAND BY ME Doraemon,STAND BY ME Doraemon,N/A,Films
STAND BY ME Doraemon 2,STAND BY ME Doraemon 2,N/A,Films
Standing Up: Season 1,Standing Up,Standing Up: Season 1,TV
Stay Close: Limited Series,Stay Close,Stay Close: Limited Series,TV
Stealth,Stealth,N/A,Films
Step Brothers,Step Brothers,N/A,Films
Stepmom,Stepmom,N/A,Films
Stigmatized Properties,Stigmatized Properties,N/A,Films
Storks,Storks,N/A,Films
Stranger Things,Stranger Things,N/A,TV
Stranger Things 2,Stranger Things,Stranger Things 2,TV
Stranger Things 3,Stranger Things,Stranger Things 3,TV
Stranger Things 4,Stranger Things,Stranger Things 4,TV
Stuck Together,Stuck Together,N/A,Films
Suicide Squad,Suicide Squad,N/A,Films
Summer Heat: Season 1,Summer Heat,Summer Heat: Season 1,TV
Summer Wars,Summer Wars,N/A,Films
Sunny: Our Hearts Beat Together,Sunny: Our Hearts Beat Together,N/A,Films
Super PupZ: Season 1,Super PupZ,Super PupZ: Season 1,TV
Superfly,Superfly,N/A,Films
Superstore: Season 6,Superstore,Superstore: Season 6,TV
Surviving Summer: Season 1,Surviving Summer,Surviving Summer: Season 1,TV
Sweet Girl,Sweet Girl,N/A,Films
Sweet Magnolias: Season 1,Sweet Magnolias,Sweet Magnolias: Season 1,TV
Sweet Magnolias: Season 2,Sweet Magnolias,Sweet Magnolias: Season 2,TV
Sweet Tooth: Season 1,Sweet Tooth,Sweet Tooth: Season 1,TV
Switch,Switch,N/A,Films
Sword Art Online the Movie: Ordinal Scale,Sword Art Online the Movie: Ordinal Scale,N/A,Films
Taboo: Season 1,Taboo,Taboo: Season 1,TV
Tadeo Jones 2: El secreto del Rey Midas,Tadeo Jones 2: El secreto del Rey Midas,N/A,Films
Taken 3,Taken 3,N/A,Films
Tall Girl 2,Tall Girl 2,N/A,Films
Talladega Nights: The Ballad of Ricky Bobby,Talladega Nights: The Ballad of Ricky Bobby,N/A,Films
Teenage Mutant Ninja Turtles 2,Teenage Mutant Ninja Turtles 2,N/A,Films
Teenage Mutant Ninja Turtles: Season 1,Teenage Mutant Ninja Turtles,Teenage Mutant Ninja Turtles: Season 1,TV
Tenet,Tenet,N/A,Films
Term Life,Term Life,N/A,Films
Terminator 2: Judgment Day,Terminator 2: Judgment Day,N/A,Films
Texas Chainsaw Massacre,Texas Chainsaw Massacre,N/A,Films
That Time I Got Reincarnated as a Slime: Season 2,That Time I Got Reincarnated as a Slime,That Time I Got Reincarnated as a Slime: Season 2,TV
That's My Boy,That's My Boy,N/A,Films
The 100: Season 7,The 100,The 100: Season 7,TV
The 15:17 to Paris,The 15:17 to Paris,N/A,Films
The 2nd,The 2nd,N/A,Films
The 7 Lives of Lea: Limited Series,The 7 Lives of Lea,The 7 Lives of Lea: Limited Series,TV
The 8th Night,The 8th Night,N/A,Films
The Accountant,The Accountant,N/A,Films
The Adam Project,The Adam Project,N/A,Films
The Addams Family,The Addams Family,N/A,Films
The Adventures of Sharkboy and Lavagirl,The Adventures of Sharkboy and Lavagirl,N/A,Films
The Amazing Spider-Man,The Amazing Spider-Man,N/A,Films
The Amazing Spider-Man 2,The Amazing Spider-Man 2,N/A,Films
The Angry Birds Movie 2,The Angry Birds Movie 2,N/A,Films
The Baby-Sitters Club: Season 2,The Baby-Sitters Club,The Baby-Sitters Club: Season 2,TV
The Bad Education Movie,The Bad Education Movie,N/A,Films
The Baytown Outlaws,The Baytown Outlaws,N/A,Films
The Beauty Queen of Jerusalem: Season 1,The Beauty Queen of Jerusalem,The Beauty Queen of Jerusalem: Season 1,TV
The Best of Enemies,The Best of Enemies,N/A,Films
The Blacklist: Season 7,The Blacklist,The Blacklist: Season 7,TV
The Blacklist: Season 8,The Blacklist,The Blacklist: Season 8,TV
The Blind Side,The Blind Side,N/A,Films
The Blood of Wolves,The Blood of Wolves,N/A,Films
The Bombardment,The Bombardment,N/A,Films
The Boss Baby: Back in the Crib: Season 1,The Boss Baby: Back in the Crib,The Boss Baby: Back in the Crib: Season 1,TV
The Boy and the Beast,The Boy and the Beast,N/A,Films
The Bubble,The Bubble,N/A,Films
The Bureau of Magical Things: Season 1,The Bureau of Magical Things,The Bureau of Magical Things: Season 1,TV
The Call,The Call,N/A,Films
The Cave,The Cave,N/A,Films
The Chair: Season 1,The Chair,The Chair: Season 1,TV
The Chestnut Man: Season 1,The Chestnut Man,The Chestnut Man: Season 1,TV
The Christmas Chronicles,The Christmas Chronicles,N/A,Films
The Christmas Chronicles: Part Two,The Christmas Chronicles: Part Two,N/A,Films
The Chronicles of Riddick,The Chronicles of Riddick,N/A,Films
The Cinderella Addiction,The Cinderella Addiction,N/A,Films
The Circle: Season 3,The Circle,The Circle: Season 3,TV
The Circle: Season 4,The Circle,The Circle: Season 4,TV
The Clovehitch Killer,The Clovehitch Killer,N/A,Films
The Conductor,The Conductor,N/A,Films
The Conjuring: The Devil Made Me Do It,The Conjuring: The Devil Made Me Do It,N/A,Films
The Cook of Castamar: Season 1,The Cook of Castamar,The Cook of Castamar: Season 1,TV
The Craft: Legacy,The Craft: Legacy,N/A,Films
The Craigslist Killer,The Craigslist Killer,N/A,Films
THE CRAZIES,THE CRAZIES,N/A,Films
The Creature Cases: Chapter 1,The Creature Cases,The Creature Cases: Chapter 1,TV
The Croods,The Croods,N/A,Films
The Crowned Clown,The Crowned Clown,N/A,TV
The Cuphead Show!: Season 1,The Cuphead Show!,The Cuphead Show!: Season 1,TV
The Curse of La Llorona,The Curse of La Llorona,N/A,Films
The Cursed,The Cursed,N/A,TV
The Dead Don't Die,The Dead Don't Die,N/A,Films
The Deceived: Series 1,The Deceived,The Deceived: Series 1,TV
The Deep End of the Ocean,The Deep End of the Ocean,N/A,Films
The Defeated: Season 1,The Defeated,The Defeated: Season 1,TV
The Departed,The Departed,N/A,Films
The Divine Fury,The Divine Fury,N/A,Films
The Door into Summer,The Door into Summer,N/A,Films
The DUFF,The DUFF,N/A,Films
The Emoji Movie,The Emoji Movie,N/A,Films
The Equalizer,The Equalizer,N/A,Films
The Equalizer 2,The Equalizer 2,N/A,Films
The Expendables 3,The Expendables 3,N/A,Films
THE FABLE,THE FABLE,N/A,Films
THE FABLE: The Killer Who Doesn't Kill,THE FABLE: The Killer Who Doesn't Kill,N/A,Films
The Family That Sings Together: The Camargos: Season 1,The Family That Sings Together: The Camargos,The Family That Sings Together: The Camargos: Season 1,TV
The Father Who Moves Mountains,The Father Who Moves Mountains,N/A,Films
The First Purge,The First Purge,N/A,Films
The Five Juanas: Season 1,The Five Juanas,The Five Juanas: Season 1,TV
The Flash: Season 6,The Flash,The Flash: Season 6,TV
The Flash: Season 7,The Flash,The Flash: Season 7,TV
The Forgotten Battle,The Forgotten Battle,N/A,Films
The Game,The Game,N/A,Films
"The Gangster, The Cop, The Devil","The Gangster, The Cop, The Devil",N/A,Films
The Gateway,The Gateway,N/A,Films
The General's Daughter,The General's Daughter,N/A,Films
The Gentlemen,The Gentlemen,N/A,Films
The Girl from Oslo: Season 1,The Girl from Oslo,The Girl from Oslo: Season 1,TV
The Girl in the Spider's Web,The Girl in the Spider's Web,N/A,Films
The Girl Next Door,The Girl Next Door,N/A,Films
The Girl Who Leapt Through Time,The Girl Who Leapt Through Time,N/A,Films
The Girl with the Dragon Tattoo,The Girl with the Dragon Tattoo,N/A,Films
The God Committee,The God Committee,N/A,Films
The Good Doctor: Season 1,The Good Doctor,The Good Doctor: Season 1,TV
The Good Doctor: Season 2,The Good Doctor,The Good Doctor: Season 2,TV
The Good Liar,The Good Liar,N/A,Films
The Great Raid,The Great Raid,N/A,Films
The Great Robbery of Brazil's Central Bank: Season 1,The Great Robbery of Brazil's Central Bank,The Great Robbery of Brazil's Central Bank: Season 1,TV
The Great War of Archimedes,The Great War of Archimedes,N/A,Films
The Green Mile,The Green Mile,N/A,Films
The Guide to the Perfect Family,The Guide to the Perfect Family,N/A,Films
The Guilty,The Guilty,N/A,Films
The Hangover,The Hangover,N/A,Films
The Hangover: Part III,The Hangover: Part III,N/A,Films
The Harder They Fall,The Harder They Fall,N/A,Films
The Heartbreak Kid,The Heartbreak Kid,N/A,Films
The Hobbit: An Unexpected Journey,The Hobbit: An Unexpected Journey,N/A,Films
The Hobbit: The Battle of the Five Armies,The Hobbit: The Battle of the Five Armies,N/A,Films
The Hobbit: The Desolation of Smaug,The Hobbit: The Desolation of Smaug,N/A,Films
The Holiday,The Holiday,N/A,Films
The Hook Up Plan: Season 3,The Hook Up Plan,The Hook Up Plan: Season 3,TV
The House,The House,N/A,Films
The House of Flowers: The Movie,The House of Flowers: The Movie,N/A,Films
The House with a Clock in Its Walls,The House with a Clock in Its Walls,N/A,Films
The Hunt,The Hunt,N/A,Films
The Huntsman: Winter's War,The Huntsman: Winter's War,N/A,Films
The Hurt Locker,The Hurt Locker,N/A,Films
The Ice Road,The Ice Road,N/A,Films
The In Between,The In Between,N/A,Films
The Informer,The Informer,N/A,Films
The Inhabitant,The Inhabitant,N/A,Films
The Intern,The Intern,N/A,Films
The Interpreter,The Interpreter,N/A,Films
The Intruder,The Intruder,N/A,Films
The Invasion,The Invasion,N/A,Films
The Invisible Man,The Invisible Man,N/A,Films
The Island,The Island,N/A,Films
The Italian Job,The Italian Job,N/A,Films
The Journalist: Season 1,The Journalist,The Journalist: Season 1,TV
The Karate Kid,The Karate Kid,N/A,Films
The Kill Team,The Kill Team,N/A,Films
The King of Staten Island,The King of Staten Island,N/A,Films
The King's Affection: Season 1,The King's Affection,The King's Affection: Season 1,TV
The Kissing Booth 3,The Kissing Booth 3,N/A,Films
The Kitchen,The Kitchen,N/A,Films
The Last House on the Left,The Last House on the Left,N/A,Films
The Last Kingdom: Season 1,The Last Kingdom,The Last Kingdom: Season 1,TV
The Last Kingdom: Season 5,The Last Kingdom,The Last Kingdom: Season 5,TV
The Last Letter From Your Lover,The Last Letter From Your Lover,N/A,Films
The Last Mercenary,The Last Mercenary,N/A,Films
The Ledge,The Ledge,N/A,Films
The Legend of Black Snake,The Legend of Black Snake,N/A,Films
The Legend of Tarzan,The Legend of Tarzan,N/A,Films
The Lego Batman Movie,The Lego Batman Movie,N/A,Films
The LEGO Movie 2: The Second Part,The LEGO Movie 2: The Second Part,N/A,Films
The Lincoln Lawyer: Season 1,The Lincoln Lawyer,The Lincoln Lawyer: Season 1,TV
The Little Things,The Little Things,N/A,Films
The Longest Yard,The Longest Yard,N/A,Films
The Losers,The Losers,N/A,Films
The Lost Daughter,The Lost Daughter,N/A,Films
The Loud House Movie,The Loud House Movie,N/A,Films
The Lovely Bones,The Lovely Bones,N/A,Films
The Lucky One,The Lucky One,N/A,Films
The Magnificent Seven,The Magnificent Seven,N/A,Films
The Man from Toronto,The Man from Toronto,N/A,Films
The Marked Heart: Season 1,The Marked Heart,The Marked Heart: Season 1,TV
The Marksman,The Marksman,N/A,Films
The Mask,The Mask,N/A,Films
The Master Plan,The Master Plan,N/A,Films
The Matrix,The Matrix,N/A,Films
The Matrix Reloaded,The Matrix Reloaded,N/A,Films
The Meg,The Meg,N/A,Films
The Method of Repulsing the Dove,The Method of Repulsing the Dove,N/A,Films
The Missing,The Missing,N/A,Films
The Missing: Season 1,The Missing,The Missing: Season 1,TV
The Missing: Season 2,The Missing,The Missing: Season 2,TV
The Mist,The Mist,N/A,Films
The Mitchells vs. The Machines,The Mitchells vs. The Machines,N/A,Films
The Mule,The Mule,N/A,Films
The Mustang,The Mustang,N/A,Films
The Mystery of Marilyn Monroe: The Unheard Tapes,The Mystery of Marilyn Monroe: The Unheard Tapes,N/A,Films
The Naked Director: Season 1,The Naked Director,The Naked Director: Season 1,TV
The Naked Director: Season 2,The Naked Director,The Naked Director: Season 2,TV
The Negotiation,The Negotiation,N/A,Films
The Net,The Net,N/A,Films
The Next Three Days,The Next Three Days,N/A,Films
The Night Beyond the Tricornered Window,The Night Beyond the Tricornered Window,N/A,Films
The November Man,The November Man,N/A,Films
The Nun,The Nun,N/A,Films
The Old Ways,The Old Ways,N/A,Films
The Other Guys,The Other Guys,N/A,Films
The Outlaws,The Outlaws,N/A,Films
The Outpost,The Outpost,N/A,Films
The Outsider,The Outsider,N/A,Films
The Paedophile Hunter,The Paedophile Hunter,N/A,Films
The Paper Tigers,The Paper Tigers,N/A,Films
The Patriot,The Patriot,N/A,Films
The Peacemaker,The Peacemaker,N/A,Films
The Perfect Family,The Perfect Family,N/A,Films
The Perfect Mother: Season 1,The Perfect Mother,The Perfect Mother: Season 1,TV
The Pirates: The Last Royal Treasure,The Pirates: The Last Royal Treasure,N/A,Films
The Platform,The Platform,N/A,Films
The Possession of Hannah Grace,The Possession of Hannah Grace,N/A,Films
The Postcard Killings,The Postcard Killings,N/A,Films
The Power of the Dog,The Power of the Dog,N/A,Films
The Prince & Me,The Prince & Me,N/A,Films
The Princess Switch 3: Romancing the Star,The Princess Switch 3: Romancing the Star,N/A,Films
The Privilege,The Privilege,N/A,Films
The Promised Neverland: Season 2,The Promised Neverland,The Promised Neverland: Season 2,TV
The Punisher,The Punisher,N/A,Films
The Puppet Master: Hunting the Ultimate Conman: Season 1,The Puppet Master: Hunting the Ultimate Conman,The Puppet Master: Hunting the Ultimate Conman: Season 1,TV
The Queen of Flow: Season 1,The Queen of Flow,The Queen of Flow: Season 1,TV
The Queen of Flow: Season 2,The Queen of Flow,The Queen of Flow: Season 2,TV
The Rhythm Section,The Rhythm Section,N/A,Films
The Rising of the Shield Hero: Season 1,The Rising of the Shield Hero,The Rising of the Shield Hero: Season 1,TV
The Rite,The Rite,N/A,Films
The Room,The Room,N/A,Films
The Royal Treatment,The Royal Treatment,N/A,Films
The Royals: Season 1,The Royals,The Royals: Season 1,TV
The Rundown,The Rundown,N/A,Films
The Salisbury Poisonings: Season 1,The Salisbury Poisonings,The Salisbury Poisonings: Season 1,TV
The Salvation,The Salvation,N/A,Films
The Secret Diary of an Exchange Student,The Secret Diary of an Exchange Student,N/A,Films
The Secret Life of My Secretary,The Secret Life of My Secretary,N/A,TV
The Secret Life of Pets,The Secret Life of Pets,N/A,Films
The Secret Life of Pets 2,The Secret Life of Pets 2,N/A,Films
The Secret: Season 1,The Secret,The Secret: Season 1,TV
The Serpent: Limited Series,The Serpent,The Serpent: Limited Series,TV
The Seven Deadly Sins: Cursed by Light,The Seven Deadly Sins: Cursed by Light,N/A,Films
The Seven Deadly Sins: Dragon's Judgement,The Seven Deadly Sins,The Seven Deadly Sins: Dragon's Judgement,TV
The Shack,The Shack,N/A,Films
The Shawshank Redemption,The Shawshank Redemption,N/A,Films
The Silencing,The Silencing,N/A,Films
The Silent Sea: Season 1,The Silent Sea,The Silent Sea: Season 1,TV
The Sinner: Season 3: Jamie,The Sinner,The Sinner: Season 3: Jamie,TV
The Sinner: Season 4: Percy,The Sinner,The Sinner: Season 4: Percy,TV
The Smurfs 2,The Smurfs 2,N/A,Films
The Snitch Cartel: Origins: Season 1,The Snitch Cartel: Origins,The Snitch Cartel: Origins: Season 1,TV
The Sound of Magic: Season 1,The Sound of Magic,The Sound of Magic: Season 1,TV
The Spy Gone North,The Spy Gone North,N/A,Films
The Staircase: Season 1,The Staircase,The Staircase: Season 1,TV
The Starling,The Starling,N/A,Films
The Stranger: Limited Series,The Stranger,The Stranger: Limited Series,TV
The Stronghold,The Stronghold,N/A,Films
The Suicide Squad,The Suicide Squad,N/A,Films
The Suicide Squad (Dubbed Version),The Suicide Squad (Dubbed Version),N/A,Films
The Sum of All Fears,The Sum of All Fears,N/A,Films
The Swarm,The Swarm,N/A,Films
The Takedown,The Takedown,N/A,Films
The Taming of the Shrewd,The Taming of the Shrewd,N/A,Films
The Thundermans: Season 1,The Thundermans,The Thundermans: Season 1,TV
The Thundermans: Season 2,The Thundermans,The Thundermans: Season 2,TV
The Tinder Swindler,The Tinder Swindler,N/A,Films
The Town,The Town,N/A,Films
The Town of Headcounts,The Town of Headcounts,N/A,Films
The Transporter,The Transporter,N/A,Films
The Transporter Refueled,The Transporter Refueled,N/A,Films
The Trip,The Trip,N/A,Films
The Turning,The Turning,N/A,Films
The Turning Point,The Turning Point,N/A,Films
The Twilight Saga: Breaking Dawn: Part 1,The Twilight Saga: Breaking Dawn: Part 1,N/A,Films
The Twilight Saga: Breaking Dawn: Part 2,The Twilight Saga: Breaking Dawn: Part 2,N/A,Films
The Twilight Saga: Eclipse,The Twilight Saga: Eclipse,N/A,Films
The Twilight Saga: New Moon,The Twilight Saga: New Moon,N/A,Films
The Ultimatum: Marry or Move On: Season 1,The Ultimatum: Marry or Move On,The Ultimatum: Marry or Move On: Season 1,TV
The Umbrella Academy: Season 1,The Umbrella Academy,The Umbrella Academy: Season 1,TV
The Umbrella Academy: Season 2,The Umbrella Academy,The Umbrella Academy: Season 2,TV
The Umbrella Academy: Season 3,The Umbrella Academy,The Umbrella Academy: Season 3,TV
The Unforgivable,The Unforgivable,N/A,Films
The UnXplained with William Shatner: Season 1,The UnXplained with William Shatner,The UnXplained with William Shatner: Season 1,TV
The Vanished,The Vanished,N/A,Films
The Vanishing,The Vanishing,N/A,Films
The Vault,The Vault,N/A,Films
The Voice of Sin,The Voice of Sin,N/A,Films
The Walking Dead: Season 10,The Walking Dead,The Walking Dead: Season 10,TV
The War Next-door: Season 1,The War Next-door,The War Next-door: Season 1,TV
The War Next-door: Season 2,The War Next-door,The War Next-door: Season 2,TV
The Wasteland,The Wasteland,N/A,Films
The Water Man,The Water Man,N/A,Films
The Way of the Househusband: Season 1,The Way of the Househusband,The Way of the Househusband: Season 1,TV
The Weekend Away,The Weekend Away,N/A,Films
The Whole Truth,The Whole Truth,N/A,Films
The Witcher: Nightmare of the Wolf,The Witcher: Nightmare of the Wolf,N/A,Films
The Witcher: Season 1,The Witcher,The Witcher: Season 1,TV
The Witcher: Season 2,The Witcher,The Witcher: Season 2,TV
The Witches,The Witches,N/A,Films
The Wolf's Call,The Wolf's Call,N/A,Films
The Woman in the House Across the Street from the Girl in the Window: Season 1,The Woman in the House Across the Street from the Girl in the Window,The Woman in the House Across the Street from the Girl in the Window: Season 1,TV
The Women,The Women,N/A,Films
The Wrath of God,The Wrath of God,N/A,Films
There's Someone Inside Your House,There's Someone Inside Your House,N/A,Films
Thermae Romae Novae: Season 1,Thermae Romae Novae,Thermae Romae Novae: Season 1,TV
Thirty-Nine: Season 1,Thirty-Nine,Thirty-Nine: Season 1,TV
This Is the End,This Is the End,N/A,Films
This Little Love of Mine,This Little Love of Mine,N/A,Films
Those Who Wish Me Dead,Those Who Wish Me Dead,N/A,Films
Through My Window,Through My Window,N/A,Films
Tides,Tides,N/A,Films
Tiger King 2,Tiger King,Tiger King 2,TV
Till Death,Till Death,N/A,Films
Titanic,Titanic,N/A,Films
Titans: Season 1,Titans,Titans: Season 1,TV
Titans: Season 3,Titans,Titans: Season 3,TV
Tô Ryca,Tô Ryca,N/A,Films
To the Lake: Season 1,To the Lake,To the Lake: Season 1,TV
Todos queremos a alguien,Todos queremos a alguien,N/A,Films
Tokyo Revengers: Season 1,Tokyo Revengers,Tokyo Revengers: Season 1,TV
Tom and Jerry,Tom and Jerry,N/A,Films
Tomb Raider,Tomb Raider,N/A,Films
Tomorrow: Season 1,Tomorrow,Tomorrow: Season 1,TV
Tomorrow's Dinner Table,Tomorrow's Dinner Table,N/A,Films
Too Close for Christmas,Too Close for Christmas,N/A,Films
Too Hot to Handle: Brazil: Season 1,Too Hot to Handle: Brazil,Too Hot to Handle: Brazil: Season 1,TV
Too Hot to Handle: Season 2,Too Hot to Handle,Too Hot to Handle: Season 2,TV
Too Hot to Handle: Season 3,Too Hot to Handle,Too Hot to Handle: Season 3,TV
Top Boy: Season 1,Top Boy,Top Boy: Season 1,TV
Top Boy: Season 2,Top Boy,Top Boy: Season 2,TV
Top Gun,Top Gun,N/A,Films
Top Secret UFO Projects: Declassified: Season 1,Top Secret UFO Projects: Declassified,Top Secret UFO Projects: Declassified: Season 1,TV
Toscana,Toscana,N/A,Films
Touch Your Heart,Touch Your Heart,N/A,TV
Toy Boy: Season 1,Toy Boy,Toy Boy: Season 1,TV
Toy Boy: Season 2,Toy Boy,Toy Boy: Season 2,TV
Transformers: Dark of the Moon,Transformers: Dark of the Moon,N/A,Films
Transformers: Revenge of the Fallen,Transformers: Revenge of the Fallen,N/A,Films
Transformers: The Last Knight,Transformers: The Last Knight,N/A,Films
Transporter 3,Transporter 3,N/A,Films
Trauma Center,Trauma Center,N/A,Films
Trees of Peace,Trees of Peace,N/A,Films
Trial by Fire,Trial by Fire,N/A,Films
Trollhunters: Rise of the Titans,Trollhunters: Rise of the Titans,N/A,Films
Trolls,Trolls,N/A,Films
Trolls World Tour,Trolls World Tour,N/A,Films
Troy,Troy,N/A,Films
True Scary Story -Accident property entertainer-,True Scary Story -Accident property entertainer-,N/A,Films
True Story: Limited Series,True Story,True Story: Limited Series,TV
Trust,Trust,N/A,Films
Trust No One: The Hunt for the Crypto King,Trust No One: The Hunt for the Crypto King,N/A,Films
Turbo,Turbo,N/A,Films
Turning Point: 9/11 and the War on Terror: Season 1,Turning Point: 9/11 and the War on Terror,Turning Point: 9/11 and the War on Terror: Season 1,TV
Twenty Five Twenty One: Season 1,Twenty Five Twenty One,Twenty Five Twenty One: Season 1,TV
Twentysomethings: Austin: Season 1,Twentysomethings: Austin,Twentysomethings: Austin: Season 1,TV
Twilight,Twilight,N/A,Films
Twilight: Saya in Sasara,Twilight: Saya in Sasara,N/A,Films
Two,Two,N/A,Films
U.S. Marshals,U.S. Marshals,N/A,Films
Um Suburbano Sortudo,Um Suburbano Sortudo,N/A,Films
Una película de huevos,Una película de huevos,N/A,Films
Uncle Drew,Uncle Drew,N/A,Films
Under Suspicion,Under Suspicion,N/A,Films
Under the Stars,Under the Stars,N/A,Films
Undercover: Season 3,Undercover,Undercover: Season 3,TV
Underworld,Underworld,N/A,Films
Une famille à louer,Une famille à louer,N/A,Films
Unfaithful,Unfaithful,N/A,Films
Unreliable,Unreliable,N/A,Films
Untold: Malice at the Palace,Untold: Malice at the Palace,N/A,Films
Untraceable,Untraceable,N/A,Films
Upgrade,Upgrade,N/A,Films
Us,Us,N/A,Films
Valentina's Wedding,Valentina's Wedding,N/A,Films
Valeria: Season 2,Valeria,Valeria: Season 2,TV
Van Helsing: Season 5,Van Helsing,Van Helsing: Season 5,TV
Vendetta,Vendetta,N/A,Films
Venom,Venom,N/A,Films
Vicky and Her Mystery,Vicky and Her Mystery,N/A,Films
Vikings: Valhalla: Season 1,Vikings: Valhalla,Vikings: Valhalla: Season 1,TV
Villain,Villain,N/A,Films
Vincenzo: Season 1,Vincenzo,Vincenzo: Season 1,TV
Violet Evergarden the Movie,Violet Evergarden the Movie,N/A,Films
Virgin River: Season 1,Virgin River,Virgin River: Season 1,TV
Virgin River: Season 2,Virgin River,Virgin River: Season 2,TV
Virgin River: Season 3,Virgin River,Virgin River: Season 3,TV
Vivo,Vivo,N/A,Films
Wanderlust,Wanderlust,N/A,Films
War of the Worlds,War of the Worlds,N/A,Films
Warcraft,Warcraft,N/A,Films
Warrior,Warrior,N/A,Films
Watchmen,Watchmen,N/A,Films
We Couldn't Become Adults,We Couldn't Become Adults,N/A,Films
We Die Young,We Die Young,N/A,Films
"Web of Make Believe: Death, Lies and the Internet: Season 1","Web of Make Believe: Death, Lies and the Internet","Web of Make Believe: Death, Lies and the Internet: Season 1",TV
Welcome Home Roscoe Jenkins,Welcome Home Roscoe Jenkins,N/A,Films
Welcome to Eden: Season 1,Welcome to Eden,Welcome to Eden: Season 1,TV
What Happens in Vegas,What Happens in Vegas,N/A,Films
What Men Want,What Men Want,N/A,Films
What She Likes...,What She Likes...,N/A,Films
What's Wrong with Secretary Kim: Season 1,What's Wrong with Secretary Kim,What's Wrong with Secretary Kim: Season 1,TV
When Missing Turns to Murder: Season 1,When Missing Turns to Murder,When Missing Turns to Murder: Season 1,TV
Whindersson Nunes: My Own Show!,Whindersson Nunes: My Own Show!,N/A,TV
Whistleblower,Whistleblower,N/A,Films
White Boy Rick,White Boy Rick,N/A,Films
White Hot: The Rise & Fall of Abercrombie & Fitch,White Hot: The Rise & Fall of Abercrombie & Fitch,N/A,Films
Who Killed Sara?: Season 1,Who Killed Sara?,Who Killed Sara?: Season 1,TV
Who Killed Sara?: Season 2,Who Killed Sara?,Who Killed Sara?: Season 2,TV
Who Killed Sara?: Season 3,Who Killed Sara?,Who Killed Sara?: Season 3,TV
Widows,Widows,N/A,Films
Wild Babies: Season 1,Wild Babies,Wild Babies: Season 1,TV
Wild Bill,Wild Bill,N/A,Films
Wild Card,Wild Card,N/A,Films
Wind River,Wind River,N/A,Films
Windfall,Windfall,N/A,Films
Wish Dragon,Wish Dragon,N/A,Films
Without a Paddle,Without a Paddle,N/A,Films
Without Saying Goodbye,Without Saying Goodbye,N/A,Films
Wolf Children,Wolf Children,N/A,Films
Wonder Park,Wonder Park,N/A,Films
Wonder Woman 1984,Wonder Woman 1984,N/A,Films
Workin' Moms: Season 6,Workin' Moms,Workin' Moms: Season 6,TV
World Trade Center,World Trade Center,N/A,Films
World War Z,World War Z,N/A,Films
Worst Roommate Ever: Season 1,Worst Roommate Ever,Worst Roommate Ever: Season 1,TV
Worth,Worth,N/A,Films
Wotakoi: Love is Hard for Otaku,Wotakoi: Love is Hard for Otaku,N/A,Films
Wrong Side of the Tracks: Season 1,Wrong Side of the Tracks,Wrong Side of the Tracks: Season 1,TV
Wrong Turn,Wrong Turn,N/A,Films
XXX: State of the Union,XXX: State of the Union,N/A,Films
xXx: The Return of Xander Cage,xXx: The Return of Xander Cage,N/A,Films
Ya veremos,Ya veremos,N/A,Films
Yakamoz S-245: Season 1,Yakamoz S-245,Yakamoz S-245: Season 1,TV
Yakitate!! Japan: Season 1,Yakitate!! Japan,Yakitate!! Japan: Season 1,TV
Yaksha: Ruthless Operations,Yaksha: Ruthless Operations,N/A,Films
Yakuza Princess,Yakuza Princess,N/A,Films
Yara,Yara,N/A,Films
Yes Man,Yes Man,N/A,Films
Yesterday,Yesterday,N/A,Films
"Yo soy Betty, la fea: Season 1","Yo soy Betty, la fea","Yo soy Betty, la fea: Season 1",TV
You Choose!,You Choose!,N/A,Films
You Don't Know Me: Season 1,You Don't Know Me,You Don't Know Me: Season 1,TV
You Shine in the Moonlight,You Shine in the Moonlight,N/A,Films
You: Season 1,You,You: Season 1,TV
You: Season 2,You,You: Season 2,TV
You: Season 3,You,You: Season 3,TV
"You're not normal, either!","You're not normal, either!",N/A,Films
Young Sheldon: : Season 1,Young Sheldon,Young Sheldon: : Season 1,TV
Young Sheldon: : Season 2,Young Sheldon,Young Sheldon: : Season 2,TV
Young Sheldon: : Season 3,Young Sheldon,Young Sheldon: : Season 3,TV
Zombieland: Double Tap,Zombieland: Double Tap,N/A,Films
أصحاب ...ولا أعزّ,أصحاب ...ولا أعزّ,N/A,Films
