video_title,show_title,season_title,category,Brazil,France,Japan,Mexico,United_Kingdom,United_States
'83,'83,N/A,Films,0,0,0,0,1,0
10 Cloverfield Lane,10 Cloverfield Lane,N/A,Films,0,1,0,0,0,0
"10,000 B.C.","10,000 B.C.",N/A,Films,0,0,0,0,0,1
13 Going on 30,13 Going on 30,N/A,Films,0,0,0,1,0,0
13 Hours: The Secret Soldiers of Benghazi,13 Hours: The Secret Soldiers of Benghazi,N/A,Films,1,0,1,1,0,0
13 Minutes,13 Minutes,N/A,Films,0,0,0,0,1,0
14 Peaks: Nothing Is Impossible,14 Peaks: Nothing Is Impossible,N/A,Films,0,1,0,0,1,1
1408,1408,N/A,Films,0,0,0,0,1,0
17 Again,17 Again,N/A,Films,0,0,0,0,1,0
1917,1917,N/A,Films,0,0,1,0,1,0
21,21,N/A,Films,0,0,0,0,0,1
21 Bridges,21 Bridges,N/A,Films,0,0,1,0,1,1
21 Jump Street,21 Jump Street,N/A,Films,0,0,0,0,0,1
211,211,N/A,Films,1,0,0,1,0,0
3 From Hell,3 From Hell,N/A,Films,0,0,0,0,1,0
3 idiotas,3 idiotas,N/A,Films,0,0,0,1,0,0
300,300,N/A,Films,0,0,0,0,0,1
300: Rise of an Empire,300: Rise of an Empire,N/A,Films,0,0,0,0,1,0
365 Days,365 Days,N/A,Films,1,1,0,0,1,0
365 Days: This Day,365 Days: This Day,N/A,Films,1,1,1,1,1,1
40 Years Young,40 Years Young,N/A,Films,0,0,0,1,0,0
461 Days of Bento,461 Days of Bento,N/A,Films,0,0,1,0,0,0
47 Meters Down: Uncaged,47 Meters Down: Uncaged,N/A,Films,0,0,0,1,0,0
6 Underground,6 Underground,N/A,Films,1,1,0,0,1,0
60 Days In: Season 6,60 Days In,60 Days In: Season 6,TV,0,0,0,0,0,1
7 Prisoners,7 Prisoners,N/A,Films,1,0,0,0,0,0
7 Secretaries: Season 1,7 Secretaries,7 Secretaries: Season 1,TV,0,0,1,0,0,0
90 Minutes in Heaven,90 Minutes in Heaven,N/A,Films,1,0,0,0,0,0
A Boy Called Christmas,A Boy Called Christmas,N/A,Films,1,0,1,1,0,1
A California Christmas: City Lights,A California Christmas: City Lights,N/A,Films,1,1,0,1,1,1
A Castle For Christmas,A Castle For Christmas,N/A,Films,1,1,0,1,1,1
A Classic Horror Story,A Classic Horror Story,N/A,Films,1,0,0,0,0,0
A Dog's Journey,A Dog's Journey,N/A,Films,1,0,0,1,0,0
A Dog's Way Home,A Dog's Way Home,N/A,Films,1,0,0,1,0,0
A Family,A Family,N/A,Films,0,0,1,0,0,0
A Madea Homecoming,A Madea Homecoming,N/A,Films,1,1,0,0,1,1
A Man Apart,A Man Apart,N/A,Films,1,0,0,0,0,0
A Naija Christmas,A Naija Christmas,N/A,Films,1,0,0,0,0,0
A Perfect Enemy,A Perfect Enemy,N/A,Films,1,0,0,1,0,0
A Perfect Fit,A Perfect Fit,N/A,Films,1,0,0,1,0,0
A Perfect Pairing,A Perfect Pairing,N/A,Films,1,1,1,1,1,1
A Quiet Place,A Quiet Place,N/A,Films,1,0,0,0,0,0
A Quiet Place Part II,A Quiet Place Part II,N/A,Films,0,0,1,0,0,0
A Score to Settle,A Score to Settle,N/A,Films,1,0,0,1,0,0
A Star Is Born,A Star Is Born,N/A,Films,0,1,0,0,0,0
A Time to Kill,A Time to Kill,N/A,Films,0,0,0,0,1,0
A Violent Man,A Violent Man,N/A,Films,0,0,0,0,1,0
A Walk Among the Tombstones,A Walk Among the Tombstones,N/A,Films,0,0,0,0,0,1
A Woman With No Filter,A Woman With No Filter,N/A,Films,0,0,0,1,0,0
Abominable,Abominable,N/A,Films,1,0,0,1,0,0
Absolute Power,Absolute Power,N/A,Films,0,1,0,0,0,0
Ackley Bridge: Series 3,Ackley Bridge,Ackley Bridge: Series 3,TV,0,0,0,0,1,0
Addams Family Values,Addams Family Values,N/A,Films,0,0,0,1,0,0
After Life: Season 1,After Life,After Life: Season 1,TV,0,0,0,0,1,0
After Life: Season 2,After Life,After Life: Season 2,TV,0,0,0,0,1,0
After Life: Season 3,After Life,After Life: Season 3,TV,0,0,0,0,1,0
After We Fell,After We Fell,N/A,Films,0,0,0,0,0,1
Afterlife of the Party,Afterlife of the Party,N/A,Films,1,1,0,1,1,1
Aftermath,Aftermath,N/A,Films,1,1,0,1,1,1
Against The Ice,Against The Ice,N/A,Films,1,1,1,1,1,1
AI Amok,AI Amok,N/A,Films,0,0,1,0,0,0
Aileen Wuornos: American Boogeywoman,Aileen Wuornos: American Boogeywoman,N/A,Films,0,0,0,0,1,1
Alchemy of Souls: Part 1,Alchemy of Souls,Alchemy of Souls: Part 1,TV,0,0,1,0,0,0
Alice in Borderland: Season 1,Alice in Borderland,Alice in Borderland: Season 1,TV,0,1,0,1,1,0
Alive,Alive,N/A,Films,0,0,0,0,1,0
All American: Season 1,All American,All American: Season 1,TV,0,0,0,0,0,1
All American: Season 2,All American,All American: Season 2,TV,0,0,0,0,0,1
All American: Season 3,All American,All American: Season 3,TV,0,0,0,0,0,1
All American: Season 4,All American,All American: Season 4,TV,0,0,0,0,0,1
All Hail,All Hail,N/A,Films,1,0,0,1,0,0
All of Us Are Dead: Season 1,All of Us Are Dead,All of Us Are Dead: Season 1,TV,1,1,1,1,1,1
Along Came a Spider,Along Came a Spider,N/A,Films,0,1,0,0,0,0
Along for the Ride,Along for the Ride,N/A,Films,1,1,0,0,0,0
Along with the Gods: The Last 49 Days,Along with the Gods: The Last 49 Days,N/A,Films,0,0,1,0,0,0
Along with the Gods: The Two Worlds,Along with the Gods: The Two Worlds,N/A,Films,0,0,1,0,0,0
Alpha,Alpha,N/A,Films,0,1,0,1,0,0
AlRawabi School for Girls: Season 1,AlRawabi School for Girls,AlRawabi School for Girls: Season 1,TV,1,1,0,1,0,0
Alvin and the Chipmunks: Chipwrecked,Alvin and the Chipmunks: Chipwrecked,N/A,Films,1,0,0,0,1,0
Alvin and the Chipmunks: The Squeakquel,Alvin and the Chipmunks: The Squeakquel,N/A,Films,0,0,0,0,1,0
Amandla,Amandla,N/A,Films,0,1,0,1,0,1
American Assassin,American Assassin,N/A,Films,1,0,0,0,0,0
American Gangster,American Gangster,N/A,Films,0,0,0,0,0,1
American Reunion,American Reunion,N/A,Films,0,0,0,0,0,1
Amores perros,Amores perros,N/A,Films,0,0,0,1,0,0
An Unfinished Life,An Unfinished Life,N/A,Films,0,0,0,0,0,1
Anatomy of a Scandal: Limited Series,Anatomy of a Scandal,Anatomy of a Scandal: Limited Series,TV,1,1,0,1,1,1
Anchorman: The Legend of Ron Burgundy,Anchorman: The Legend of Ron Burgundy,N/A,Films,0,0,0,0,0,1
Angèle,Angèle,N/A,Films,0,1,0,0,0,0
Anna,Anna,N/A,Films,0,0,1,1,0,0
Annabelle Comes Home,Annabelle Comes Home,N/A,Films,0,0,0,0,1,0
Annabelle: Creation,Annabelle: Creation,N/A,Films,0,0,0,0,0,1
Anonymously Yours,Anonymously Yours,N/A,Films,1,1,0,1,0,0
Anything for a Pop Star,Anything for a Pop Star,N/A,Films,1,0,0,0,0,0
Apocalypse Now Redux,Apocalypse Now Redux,N/A,Films,0,0,0,0,0,1
Aquaman,Aquaman,N/A,Films,0,1,0,0,1,0
Arcane: Season 1,Arcane,Arcane: Season 1,TV,1,1,0,1,1,1
Archive 81: Season 1,Archive 81,Archive 81: Season 1,TV,1,1,0,1,1,1
Are We Done Yet?,Are We Done Yet?,N/A,Films,0,1,0,0,0,0
Army of the Dead,Army of the Dead,N/A,Films,1,1,0,1,0,1
Army of Thieves,Army of Thieves,N/A,Films,1,1,1,1,1,1
Arthur and the Invisibles,Arthur and the Invisibles,N/A,Films,1,0,0,0,0,0
"As Above, So Below","As Above, So Below",N/A,Films,0,0,1,0,0,0
As Aventuras de Poliana: Season 1,As Aventuras de Poliana,As Aventuras de Poliana: Season 1,TV,1,0,0,0,0,0
As the Crow Flies: Season 1,As the Crow Flies,As the Crow Flies: Season 1,TV,0,1,0,0,0,0
Asakusa Kid,Asakusa Kid,N/A,Films,0,0,1,0,0,0
Ashes in the Snow,Ashes in the Snow,N/A,Films,0,0,0,1,0,0
Assassination Classroom,Assassination Classroom,N/A,Films,0,0,1,0,0,0
Assassination Classroom: Graduation,Assassination Classroom: Graduation,N/A,Films,0,0,1,0,0,0
Assault on Precinct 13,Assault on Precinct 13,N/A,Films,0,0,0,0,1,0
Atypical: Season 4,Atypical,Atypical: Season 4,TV,1,1,0,0,1,1
Avalanche: Season 1,Avalanche,Avalanche: Season 1,TV,0,0,1,0,0,0
Back to 15: Season 1,Back to 15,Back to 15: Season 1,TV,1,1,0,0,0,0
Back to the Outback,Back to the Outback,N/A,Films,1,1,1,1,1,1
Backtrace,Backtrace,N/A,Films,1,0,0,1,0,1
Bad Boys for Life,Bad Boys for Life,N/A,Films,0,0,1,0,1,0
Bad Vegan: Fame. Fraud. Fugitives.: Limited Series,Bad Vegan: Fame. Fraud. Fugitives.,Bad Vegan: Fame. Fraud. Fugitives.: Limited Series,TV,0,0,0,0,1,1
Bake Squad: Season 1,Bake Squad,Bake Squad: Season 1,TV,0,0,0,0,0,1
Baki Hanma: Season 1,Baki Hanma,Baki Hanma: Season 1,TV,0,1,1,0,0,0
"Banished from the Hero's Party, I Decided to Live a Quiet Life in the Countryside: Season 1","Banished from the Hero's Party, I Decided to Live a Quiet Life in the Countryside","Banished from the Hero's Party, I Decided to Live a Quiet Life in the Countryside: Season 1",TV,0,0,1,0,0,0
Bankrolled,Bankrolled,N/A,Films,0,0,0,1,0,0
Barbecue,Barbecue,N/A,Films,0,1,0,0,0,0
Barbie Big City Big Dreams,Barbie Big City Big Dreams,N/A,Films,1,1,0,0,0,0
Barbie: A Fairy Secret,Barbie: A Fairy Secret,N/A,Films,1,0,0,0,0,0
Barbie: Princess Charm School,Barbie: Princess Charm School,N/A,Films,1,0,0,0,0,0
Bartkowiak,Bartkowiak,N/A,Films,1,1,0,1,0,0
"BASTARD‼ -Heavy Metal, Dark Fantasy-: Season 1","BASTARD‼ -Heavy Metal, Dark Fantasy-","BASTARD‼ -Heavy Metal, Dark Fantasy-: Season 1",TV,0,0,1,0,0,0
Battleship,Battleship,N/A,Films,0,0,0,0,1,1
Baywatch,Baywatch,N/A,Films,0,1,1,0,0,0
Beautiful Gong Shim: Season 1,Beautiful Gong Shim,Beautiful Gong Shim: Season 1,TV,0,0,1,0,0,0
Beauty and the Beast,Beauty and the Beast,N/A,Films,1,0,0,1,0,0
Beckett,Beckett,N/A,Films,1,1,1,1,1,1
Bedazzled,Bedazzled,N/A,Films,0,0,0,1,0,0
Believe Me: The Abduction of Lisa McVey,Believe Me: The Abduction of Lisa McVey,N/A,Films,1,0,0,1,0,0
Belzebuth,Belzebuth,N/A,Films,0,0,0,1,0,0
Ben Is Back,Ben Is Back,N/A,Films,0,0,0,0,0,1
Better Call Saul: Season 5,Better Call Saul,Better Call Saul: Season 5,TV,0,0,0,0,0,1
Better Call Saul: Season 6,Better Call Saul,Better Call Saul: Season 6,TV,0,0,0,0,1,0
Big Mouth: Season 5,Big Mouth,Big Mouth: Season 5,TV,0,0,0,0,1,1
Big Timber: Season 1,Big Timber,Big Timber: Season 1,TV,0,0,0,0,1,1
Bigbug,Bigbug,N/A,Films,0,1,0,0,0,0
Black and Blue,Black and Blue,N/A,Films,0,0,1,0,1,0
Black Crab,Black Crab,N/A,Films,1,1,1,1,1,1
Black Hawk Down,Black Hawk Down,N/A,Films,0,0,0,0,1,0
Black Island,Black Island,N/A,Films,1,1,0,1,0,1
Blackhat,Blackhat,N/A,Films,0,0,0,0,0,1
BlacKkKlansman,BlacKkKlansman,N/A,Films,0,1,0,0,0,0
Blade Runner 2049,Blade Runner 2049,N/A,Films,0,0,0,0,1,1
Blade: Trinity,Blade: Trinity,N/A,Films,0,0,1,0,0,1
Blasted,Blasted,N/A,Films,1,1,0,0,0,0
Blended,Blended,N/A,Films,0,1,0,0,0,0
Blind Witness,Blind Witness,N/A,Films,0,0,1,0,0,0
Blindspot: Season 1,Blindspot,Blindspot: Season 1,TV,1,0,0,0,0,0
Blindspot: Season 5,Blindspot,Blindspot: Season 5,TV,1,0,0,0,0,0
Bling Empire: Season 2,Bling Empire,Bling Empire: Season 2,TV,0,0,0,0,1,1
Blitz,Blitz,N/A,Films,0,0,0,0,1,0
Blockers,Blockers,N/A,Films,0,1,0,0,0,0
Blood & Water: Season 2,Blood & Water,Blood & Water: Season 2,TV,0,1,0,0,0,0
Blood and Money,Blood and Money,N/A,Films,1,0,0,1,0,0
Blood Red Sky,Blood Red Sky,N/A,Films,1,1,1,1,1,1
Bloodshot,Bloodshot,N/A,Films,0,0,1,0,1,0
Blow,Blow,N/A,Films,0,0,0,0,0,1
Blue Story,Blue Story,N/A,Films,0,0,0,0,1,0
"Blue, Painful, Fragile","Blue, Painful, Fragile",N/A,Films,0,0,1,0,0,0
Blumhouse's Fantasy Island,Blumhouse's Fantasy Island,N/A,Films,0,0,1,0,1,0
"Bob Ross: Happy Accidents, Betrayal & Greed","Bob Ross: Happy Accidents, Betrayal & Greed",N/A,Films,0,0,0,0,0,1
Body Cam,Body Cam,N/A,Films,1,0,0,1,0,0
Body of Lies,Body of Lies,N/A,Films,0,0,0,0,1,0
Bohemian Rhapsody,Bohemian Rhapsody,N/A,Films,0,0,1,1,1,0
Boiling Point,Boiling Point,N/A,Films,0,0,0,0,1,0
Bordertown: Mural Murders,Bordertown: Mural Murders,N/A,Films,0,1,0,0,0,0
Borrego,Borrego,N/A,Films,0,0,0,0,0,1
Boruto: Naruto Next Generations: Season 1,Boruto: Naruto Next Generations,Boruto: Naruto Next Generations: Season 1,TV,1,0,0,1,0,0
Boruto: Naruto Next Generations: Season 2,Boruto: Naruto Next Generations,Boruto: Naruto Next Generations: Season 2,TV,1,0,0,0,0,0
Brahms: The Boy II,Brahms: The Boy II,N/A,Films,0,0,0,0,1,1
Brand New Cherry Flavor: Limited Series,Brand New Cherry Flavor,Brand New Cherry Flavor: Limited Series,TV,0,0,0,0,1,0
Brazen,Brazen,N/A,Films,1,1,0,1,1,1
Bride Wars,Bride Wars,N/A,Films,0,0,0,1,0,0
Bridgerton: Season 1,Bridgerton,Bridgerton: Season 1,TV,1,1,0,1,1,1
Bridgerton: Season 2,Bridgerton,Bridgerton: Season 2,TV,1,1,1,1,1,1
Bridget Jones's Baby,Bridget Jones's Baby,N/A,Films,0,0,0,0,1,0
Brightburn,Brightburn,N/A,Films,1,1,0,1,0,0
Britney Vs Spears,Britney Vs Spears,N/A,Films,0,1,0,0,1,1
Brooklyn Nine-Nine: Season 7,Brooklyn Nine-Nine,Brooklyn Nine-Nine: Season 7,TV,1,0,0,0,0,0
Brotherhood: Season 1,Brotherhood,Brotherhood: Season 1,TV,1,0,0,0,0,0
Brotherhood: Season 2,Brotherhood,Brotherhood: Season 2,TV,1,0,0,0,0,0
Brothers in Brothel,Brothers in Brothel,N/A,Films,0,0,1,0,0,0
Bruised,Bruised,N/A,Films,1,1,0,1,1,1
Bubble,Bubble,N/A,Films,0,1,1,0,0,0
Budapest,Budapest,N/A,Films,0,1,0,0,0,0
Bullsh*t The Gameshow: Season 1,Bullsh*t The Gameshow,Bullsh*t The Gameshow: Season 1,TV,0,0,0,0,0,1
Bumblebee,Bumblebee,N/A,Films,1,0,0,0,0,0
Burnt,Burnt,N/A,Films,0,0,0,0,1,0
Business Proposal: Season 1,Business Proposal,Business Proposal: Season 1,TV,1,0,1,1,0,0
Café con aroma de mujer: Season 1,Café con aroma de mujer,Café con aroma de mujer: Season 1,TV,1,0,0,1,0,0
Can You Keep a Secret?,Can You Keep a Secret?,N/A,Films,0,0,0,0,0,1
Captain Nova,Captain Nova,N/A,Films,1,0,0,0,0,0
Car Masters: Rust to Riches: Season 3,Car Masters: Rust to Riches,Car Masters: Rust to Riches: Season 3,TV,0,0,0,0,1,0
Carbon,Carbon,N/A,Films,0,1,0,0,0,0
Carinha de Anjo: Season 1,Carinha de Anjo,Carinha de Anjo: Season 1,TV,1,0,0,0,0,0
Carriers,Carriers,N/A,Films,0,0,0,0,1,0
Carrossel,Carrossel,N/A,TV,1,0,0,0,0,0
Case 39,Case 39,N/A,Films,0,0,0,0,1,0
Catch and Release,Catch and Release,N/A,Films,0,0,0,0,0,1
Catching Killers: Season 1,Catching Killers,Catching Killers: Season 1,TV,0,0,0,0,1,0
Catching Killers: Season 2,Catching Killers,Catching Killers: Season 2,TV,0,0,0,0,1,1
Celebrity Ex on the Beach: Season 1,Celebrity Ex on the Beach,Celebrity Ex on the Beach: Season 1,TV,0,0,0,0,1,0
Centauro,Centauro,N/A,Films,1,1,0,0,0,0
Central Intelligence,Central Intelligence,N/A,Films,1,1,1,1,0,0
Chaos,Chaos,N/A,Films,0,0,0,0,1,0
Chaos Walking,Chaos Walking,N/A,Films,0,0,0,0,1,0
Chappie,Chappie,N/A,Films,0,1,0,0,0,0
Charlie and the Chocolate Factory,Charlie and the Chocolate Factory,N/A,Films,0,0,1,0,0,1
Charlie's Angels,Charlie's Angels,N/A,Films,0,0,1,0,1,0
Charlotte's Web,Charlotte's Web,N/A,Films,1,0,0,1,0,0
Cheer: Season 2,Cheer,Cheer: Season 2,TV,0,0,0,0,1,1
Chernobyl 1986,Chernobyl 1986,N/A,Films,0,0,0,1,1,0
Chicago Fire: Season 1,Chicago Fire,Chicago Fire: Season 1,TV,0,0,0,0,1,0
Chicago Med: Season 1,Chicago Med,Chicago Med: Season 1,TV,0,0,0,0,1,0
Chicken Run,Chicken Run,N/A,Films,0,0,0,0,1,0
Chickenhare and the Hamster of Darkness,Chickenhare and the Hamster of Darkness,N/A,Films,1,0,0,1,1,1
Child of Kamiari Month,Child of Kamiari Month,N/A,Films,0,0,1,0,0,0
Chiquititas,Chiquititas,N/A,TV,1,0,0,0,0,0
Choose or Die,Choose or Die,N/A,Films,1,1,1,1,1,1
Christmas Flow: Season 1,Christmas Flow,Christmas Flow: Season 1,TV,0,1,0,0,0,0
City of Ember,City of Ember,N/A,Films,0,0,0,0,1,0
Clark: Limited Series,Clark,Clark: Limited Series,TV,0,1,0,0,0,0
Clash of the Titans,Clash of the Titans,N/A,Films,1,0,0,1,0,0
Cleaner,Cleaner,N/A,Films,0,0,0,0,0,1
Cleveland Abduction,Cleveland Abduction,N/A,Films,1,0,0,1,0,0
Clickbait: Limited Series,Clickbait,Clickbait: Limited Series,TV,1,1,0,1,1,1
Close Enemies,Close Enemies,N/A,Films,0,1,0,0,0,0
Closed Ward,Closed Ward,N/A,Films,0,0,1,0,0,0
Clover,Clover,N/A,Films,0,0,1,0,0,0
Coach Carter,Coach Carter,N/A,Films,0,0,0,0,0,1
Cobra Kai: Season 1,Cobra Kai,Cobra Kai: Season 1,TV,0,0,0,0,1,1
Cobra Kai: Season 2,Cobra Kai,Cobra Kai: Season 2,TV,0,0,0,0,1,1
Cobra Kai: Season 3,Cobra Kai,Cobra Kai: Season 3,TV,0,0,0,0,1,1
Cobra Kai: Season 4,Cobra Kai,Cobra Kai: Season 4,TV,1,1,0,1,1,1
Cocaine Cowboys: The Kings of Miami: Limited Series,Cocaine Cowboys: The Kings of Miami,Cocaine Cowboys: The Kings of Miami: Limited Series,TV,0,0,0,0,1,1
CoComelon: Season 1,CoComelon,CoComelon: Season 1,TV,0,0,0,0,0,1
CoComelon: Season 2,CoComelon,CoComelon: Season 2,TV,0,0,0,0,0,1
CoComelon: Season 3,CoComelon,CoComelon: Season 3,TV,0,0,0,0,1,1
CoComelon: Season 4,CoComelon,CoComelon: Season 4,TV,0,0,0,0,0,1
CoComelon: Season 5,CoComelon,CoComelon: Season 5,TV,0,0,0,0,0,1
Cold Blood Legacy,Cold Blood Legacy,N/A,Films,0,1,0,0,0,0
Colin in Black & White: Limited Series,Colin in Black & White,Colin in Black & White: Limited Series,TV,0,0,0,0,0,1
Collision,Collision,N/A,Films,1,1,0,1,0,1
Compadres,Compadres,N/A,Films,0,0,0,1,0,0
Confessions of an Invisible Girl,Confessions of an Invisible Girl,N/A,Films,1,1,0,0,0,0
Constantine,Constantine,N/A,Films,0,0,0,0,1,0
Control Z: Season 1,Control Z,Control Z: Season 1,TV,0,0,0,1,0,0
Control Z: Season 2,Control Z,Control Z: Season 2,TV,1,0,0,1,0,0
Conversations with a Killer: The John Wayne Gacy Tapes: Limited Series,Conversations with a Killer: The John Wayne Gacy Tapes,Conversations with a Killer: The John Wayne Gacy Tapes: Limited Series,TV,0,1,0,1,1,1
Countdown,Countdown,N/A,Films,0,0,0,0,0,1
Cowboy Bebop: Season 1,Cowboy Bebop,Cowboy Bebop: Season 1,TV,1,1,1,0,1,1
Cracow Monsters: Season 1,Cracow Monsters,Cracow Monsters: Season 1,TV,0,1,0,0,0,0
Cradle 2 the Grave,Cradle 2 the Grave,N/A,Films,0,1,0,0,0,0
Crash Landing on You: Season 1,Crash Landing on You,Crash Landing on You: Season 1,TV,0,0,1,0,0,0
Crawl,Crawl,N/A,Films,1,0,0,1,0,0
Crayon Shin-chan the Movie: Crash! Rakuga-Kingdom and Almost Four Heroes,Crayon Shin-chan the Movie: Crash! Rakuga-Kingdom and Almost Four Heroes,N/A,Films,0,0,1,0,0,0
Crayon Shin-chan the Movie: Shrouded in Mystery! The Flowers of Tenkasu Academy,Crayon Shin-chan the Movie: Shrouded in Mystery! The Flowers of Tenkasu Academy,N/A,Films,0,0,1,0,0,0
Crime Scene: The Times Square Killer: Limited Series,Crime Scene: The Times Square Killer,Crime Scene: The Times Square Killer: Limited Series,TV,0,0,0,0,1,1
Criminal,Criminal,N/A,Films,0,0,0,0,1,0
Crô em Família,Crô em Família,N/A,Films,1,0,0,0,0,0
Cry Babies Magic Tears: Season 1,Cry Babies Magic Tears,Cry Babies Magic Tears: Season 1,TV,0,0,0,1,0,0
Cúmplices de um Resgate: Season 1,Cúmplices de um Resgate,Cúmplices de um Resgate: Season 1,TV,1,0,0,0,0,0
Cyber Hell: Exposing an Internet Horror,Cyber Hell: Exposing an Internet Horror,N/A,Films,0,0,1,0,0,0
D.P.: Season 1,D.P.,D.P.: Season 1,TV,0,0,1,0,0,0
Daddy's Home 2,Daddy's Home 2,N/A,Films,1,0,0,1,0,0
Dancing on Glass,Dancing on Glass,N/A,Films,0,0,0,1,0,0
Dangerous,Dangerous,N/A,Films,1,0,0,1,0,0
Dark Desire: Season 1,Dark Desire,Dark Desire: Season 1,TV,1,1,0,1,0,0
Dark Desire: Season 2,Dark Desire,Dark Desire: Season 2,TV,1,1,0,1,0,0
Dark Shadows,Dark Shadows,N/A,Films,0,0,0,0,0,1
Daughter From Another Mother: Season 1,Daughter From Another Mother,Daughter From Another Mother: Season 1,TV,0,0,0,1,0,0
Daughter From Another Mother: Season 2,Daughter From Another Mother,Daughter From Another Mother: Season 2,TV,1,0,0,1,0,0
Dave Chappelle: The Closer,Dave Chappelle: The Closer,N/A,TV,0,0,0,0,0,1
David and the Elves,David and the Elves,N/A,Films,1,0,0,1,0,0
Dead Man Down,Dead Man Down,N/A,Films,1,0,0,1,0,0
DEATH NOTE: Death Note,DEATH NOTE,DEATH NOTE: Death Note,TV,0,0,1,0,0,0
Death Race 2,Death Race 2,N/A,Films,0,1,0,0,0,0
Death to 2021,Death to 2021,N/A,Films,0,0,0,0,1,1
Deep Blue Sea 2,Deep Blue Sea 2,N/A,Films,0,0,1,0,0,0
Deep Impact,Deep Impact,N/A,Films,1,0,0,1,0,0
Deliver Us from Evil,Deliver Us from Evil,N/A,Films,0,1,0,0,0,0
Demon Slayer: Kimetsu no Yaiba: Entertainment District Arc,Demon Slayer: Kimetsu no Yaiba,Demon Slayer: Kimetsu no Yaiba: Entertainment District Arc,TV,0,0,1,0,0,0
Demon Slayer: Kimetsu no Yaiba: Mugen Train Arc,Demon Slayer: Kimetsu no Yaiba,Demon Slayer: Kimetsu no Yaiba: Mugen Train Arc,TV,0,0,1,0,0,0
"Demon Slayer: Kimetsu no Yaiba: Tanjiro Kamado, Unwavering Resolve Arc",Demon Slayer: Kimetsu no Yaiba,"Demon Slayer: Kimetsu no Yaiba: Tanjiro Kamado, Unwavering Resolve Arc",TV,0,1,1,0,0,0
Den of Thieves,Den of Thieves,N/A,Films,0,0,0,0,0,1
Despicable Me,Despicable Me,N/A,Films,0,0,0,0,0,1
Despicable Me 2,Despicable Me 2,N/A,Films,0,0,0,0,0,1
"Devotion, a Story of Love and Desire: Season 1","Devotion, a Story of Love and Desire","Devotion, a Story of Love and Desire: Season 1",TV,1,0,0,1,0,0
Diner,Diner,N/A,Films,0,0,1,0,0,0
Disappearance at Clifton Hill,Disappearance at Clifton Hill,N/A,Films,0,0,0,0,0,1
Dive Club: Season 1,Dive Club,Dive Club: Season 1,TV,0,1,0,0,0,0
Django Unchained,Django Unchained,N/A,Films,0,0,0,0,1,0
Doctor John: Season 1,Doctor John,Doctor John: Season 1,TV,0,0,1,0,0,0
Doctor Sleep,Doctor Sleep,N/A,Films,0,0,0,0,1,0
Dolittle,Dolittle,N/A,Films,0,0,1,0,1,0
Don't Kill Me,Don't Kill Me,N/A,Films,1,1,0,1,0,0
Don't Look Up,Don't Look Up,N/A,Films,1,1,1,1,1,1
Dora and the Lost City of Gold,Dora and the Lost City of Gold,N/A,Films,1,0,0,1,1,0
dororo: Season 1,dororo,dororo: Season 1,TV,0,0,1,0,0,0
Double Jeopardy,Double Jeopardy,N/A,Films,0,0,1,0,1,0
Downfall: The Case Against Boeing,Downfall: The Case Against Boeing,N/A,Films,0,0,0,0,1,1
Downsizing,Downsizing,N/A,Films,1,0,1,0,0,0
Downton Abbey: Series 1,Downton Abbey,Downton Abbey: Series 1,TV,0,1,0,0,1,0
Downton Abbey: Series 2,Downton Abbey,Downton Abbey: Series 2,TV,0,1,0,0,1,0
Downton Abbey: Series 3,Downton Abbey,Downton Abbey: Series 3,TV,0,0,0,0,1,0
Downton Abbey: Series 4,Downton Abbey,Downton Abbey: Series 4,TV,0,0,0,0,1,0
Dr. Romantic: Season 1,Dr. Romantic,Dr. Romantic: Season 1,TV,0,0,1,0,0,0
Dr. Seuss' The Cat in the Hat,Dr. Seuss' The Cat in the Hat,N/A,Films,0,0,0,0,0,1
Dr. Seuss' The Grinch,Dr. Seuss' The Grinch,N/A,Films,0,1,0,0,0,0
Dr. White: Season 1,Dr. White,Dr. White: Season 1,TV,0,0,1,0,0,0
Drowning Love,Drowning Love,N/A,Films,0,0,1,0,0,0
Dumb and Dumber,Dumb and Dumber,N/A,Films,0,0,0,0,0,1
Dune,Dune,N/A,Films,0,0,1,0,0,0
Dynasty Warriors,Dynasty Warriors,N/A,Films,0,0,1,0,0,0
Dynasty: Season 4,Dynasty,Dynasty: Season 4,TV,1,1,0,1,1,0
É Fada!,É Fada!,N/A,Films,1,0,0,0,0,0
El Chema: Season 1,El Chema,El Chema: Season 1,TV,0,0,0,1,0,0
El infierno,El infierno,N/A,Films,0,0,0,1,0,0
Elite: Season 1,Elite,Elite: Season 1,TV,0,1,0,0,0,0
Elite: Season 4,Elite,Elite: Season 4,TV,1,1,0,1,0,0
Elite: Season 5,Elite,Elite: Season 5,TV,1,1,0,1,0,0
Elize Matsunaga: Once Upon a Crime: Season 1,Elize Matsunaga: Once Upon a Crime,Elize Matsunaga: Once Upon a Crime: Season 1,TV,1,0,0,0,0,0
Elves: Season 1,Elves,Elves: Season 1,TV,1,1,0,1,0,0
Emily in Paris: Season 1,Emily in Paris,Emily in Paris: Season 1,TV,0,0,0,0,1,1
Emily in Paris: Season 2,Emily in Paris,Emily in Paris: Season 2,TV,1,1,1,1,1,1
Emma.,Emma.,N/A,Films,0,0,0,0,1,0
Encounter,Encounter,N/A,TV,0,0,1,0,0,0
Enforcement,Enforcement,N/A,Films,1,0,0,1,0,0
Enough,Enough,N/A,Films,1,0,0,1,0,0
Entre Amis,Entre Amis,N/A,Films,0,1,0,0,0,0
Escape from Pretoria,Escape from Pretoria,N/A,Films,0,0,1,0,0,0
Escape Room,Escape Room,N/A,Films,1,1,1,1,0,0
Everything Will Be Fine: Season 1,Everything Will Be Fine,Everything Will Be Fine: Season 1,TV,0,0,0,1,0,0
Executive Decision,Executive Decision,N/A,Films,0,1,0,0,0,0
Exit,Exit,N/A,Films,0,0,1,0,0,0
Extinct,Extinct,N/A,Films,1,0,0,1,0,1
Extraordinary You: Season 1,Extraordinary You,Extraordinary You: Season 1,TV,0,0,1,0,0,0
Extreme Job,Extreme Job,N/A,Films,0,0,1,0,0,0
F*ck Love Too,F*ck Love Too,N/A,Films,1,1,0,1,0,1
Falling for Figaro,Falling for Figaro,N/A,Films,0,0,0,0,1,0
Falling Into Your Smile: Season 1,Falling Into Your Smile,Falling Into Your Smile: Season 1,TV,0,0,0,1,0,0
Falsa identidad: Season 1,Falsa identidad,Falsa identidad: Season 1,TV,0,0,0,1,0,0
Falsa identidad: Season 2,Falsa identidad,Falsa identidad: Season 2,TV,0,0,0,1,0,0
Family Business: Season 3,Family Business,Family Business: Season 3,TV,0,1,0,0,0,0
Fantastic Beasts and Where To Find Them,Fantastic Beasts and Where To Find Them,N/A,Films,0,0,1,0,0,0
Fantastic Beasts: The Crimes of Grindelwald,Fantastic Beasts: The Crimes of Grindelwald,N/A,Films,0,0,1,0,0,0
Fast & Furious Presents: Hobbs & Shaw,Fast & Furious Presents: Hobbs & Shaw,N/A,Films,1,0,1,1,1,0
Faster,Faster,N/A,Films,1,0,0,1,0,0
Fatale,Fatale,N/A,Films,0,0,0,1,0,0
Father Christmas Is Back,Father Christmas Is Back,N/A,Films,0,1,0,1,1,1
Fatherhood,Fatherhood,N/A,Films,1,1,1,1,1,1
Fathers & Daughters,Fathers & Daughters,N/A,Films,0,0,0,1,0,0
Fear of Rain,Fear of Rain,N/A,Films,0,0,0,0,1,0
Fear Street Part 1: 1994,Fear Street Part 1: 1994,N/A,Films,1,1,0,1,1,1
Fear Street Part 2: 1978,Fear Street Part 2: 1978,N/A,Films,1,0,1,1,1,1
Fear Street Part 3: 1666,Fear Street Part 3: 1666,N/A,Films,1,1,0,1,1,1
Feria: The Darkest Light: Season 1,Feria: The Darkest Light,Feria: The Darkest Light: Season 1,TV,0,1,0,0,0,0
Fever Dream,Fever Dream,N/A,Films,1,0,0,0,0,0
Final Score,Final Score,N/A,Films,1,0,0,1,0,0
Firedrake the Silver Dragon,Firedrake the Silver Dragon,N/A,Films,1,1,0,0,0,1
First Kill,First Kill,N/A,Films,1,0,0,1,0,0
First Kill: Season 1,First Kill,First Kill: Season 1,TV,1,1,0,1,1,1
First Love,First Love,N/A,Films,0,0,1,0,0,0
First Sunday,First Sunday,N/A,Films,0,0,0,0,0,1
Fishbowl Wives: Season 1,Fishbowl Wives,Fishbowl Wives: Season 1,TV,0,0,1,0,0,0
Fistful of Vengeance,Fistful of Vengeance,N/A,Films,1,1,1,0,1,1
Five Feet Apart,Five Feet Apart,N/A,Films,0,0,0,1,0,1
Flip a Coin -ONE OK ROCK Documentary-,Flip a Coin -ONE OK ROCK Documentary-,N/A,Films,0,0,1,0,0,0
Fool's Gold,Fool's Gold,N/A,Films,0,0,0,0,0,1
For Life: Season 1,For Life,For Life: Season 1,TV,1,0,0,1,0,0
For Life: Season 2,For Life,For Life: Season 2,TV,1,0,0,0,0,0
Forecasting Love and Weather: Season 1,Forecasting Love and Weather,Forecasting Love and Weather: Season 1,TV,0,0,1,1,0,0
Forgetting Sarah Marshall,Forgetting Sarah Marshall,N/A,Films,0,0,0,0,0,1
Formula 1: Drive to Survive: Season 4,Formula 1: Drive to Survive,Formula 1: Drive to Survive: Season 4,TV,0,1,0,1,1,0
Forrest Gump,Forrest Gump,N/A,Films,0,0,0,0,0,1
Forsaken,Forsaken,N/A,Films,0,0,0,1,0,0
Fortuna's Eye,Fortuna's Eye,N/A,Films,0,0,1,0,0,0
Four Brothers,Four Brothers,N/A,Films,0,0,0,0,0,1
Fracture,Fracture,N/A,Films,1,0,0,1,1,0
Freedom Writers,Freedom Writers,N/A,Films,0,0,0,0,0,1
Friends: Season 6,Friends,Friends: Season 6,TV,0,0,0,0,1,0
Friendzone,Friendzone,N/A,Films,1,1,0,1,0,0
FullMetal Alchemist,FullMetal Alchemist,N/A,Films,0,0,1,0,0,0
Furious 7,Furious 7,N/A,Films,0,0,1,0,0,0
Furioza,Furioza,N/A,Films,1,1,0,1,0,0
G.I. Joe: Retaliation,G.I. Joe: Retaliation,N/A,Films,0,1,0,0,0,0
G.I. Joe: The Rise of Cobra,G.I. Joe: The Rise of Cobra,N/A,Films,1,0,0,1,0,0
Gabby's Dollhouse: Season 2,Gabby's Dollhouse,Gabby's Dollhouse: Season 2,TV,0,0,0,0,1,0
Game Night,Game Night,N/A,Films,0,1,0,0,0,0
Ganglands: Season 1,Ganglands,Ganglands: Season 1,TV,1,1,0,1,0,0
Gangubai Kathiawadi,Gangubai Kathiawadi,N/A,Films,0,0,0,1,1,0
Gantz,Gantz,N/A,Films,0,0,1,0,0,0
Gantz II: Perfect Answer,Gantz II: Perfect Answer,N/A,Films,0,0,1,0,0,0
Gemini Man,Gemini Man,N/A,Films,1,0,0,1,1,0
Geostorm,Geostorm,N/A,Films,0,1,1,0,0,0
Get Organized with The Home Edit: Season 2,Get Organized with The Home Edit,Get Organized with The Home Edit: Season 2,TV,0,0,0,0,0,1
Get Rich or Die Tryin',Get Rich or Die Tryin',N/A,Films,0,0,0,0,1,0
Ghost in the Shell: SAC_2045 Sustainable War,Ghost in the Shell: SAC_2045 Sustainable War,N/A,Films,0,0,1,0,0,0
Ghost in the Shell: SAC_2045: Season 2,Ghost in the Shell: SAC_2045,Ghost in the Shell: SAC_2045: Season 2,TV,0,0,1,0,0,0
Ghost Ship,Ghost Ship,N/A,Films,0,0,0,1,0,0
Ginny & Georgia: Season 1,Ginny & Georgia,Ginny & Georgia: Season 1,TV,0,0,0,0,1,0
Gladiator,Gladiator,N/A,Films,0,0,0,0,0,1
Glamour Girls,Glamour Girls,N/A,Films,1,1,0,1,0,0
God's Favorite Idiot: Season 1,God's Favorite Idiot,God's Favorite Idiot: Season 1,TV,0,0,0,0,1,1
Gods of Egypt,Gods of Egypt,N/A,Films,0,0,0,0,1,0
Godzilla: King of the Monsters,Godzilla: King of the Monsters,N/A,Films,0,1,0,0,0,0
Going in Style,Going in Style,N/A,Films,0,0,0,0,0,1
Golden Kamuy: Season 3,Golden Kamuy,Golden Kamuy: Season 3,TV,0,0,1,0,0,0
GOLGO13: Collection 1,GOLGO13,GOLGO13: Collection 1,TV,0,0,1,0,0,0
Gone Baby Gone,Gone Baby Gone,N/A,Films,0,0,0,0,1,0
Gone for Good: Limited Series,Gone for Good,Gone for Good: Limited Series,TV,0,1,0,0,0,0
Good Girls: Season 1,Good Girls,Good Girls: Season 1,TV,0,0,0,0,1,1
Good Girls: Season 4,Good Girls,Good Girls: Season 4,TV,1,1,0,1,1,1
Good on Paper,Good on Paper,N/A,Films,1,0,0,0,1,1
Goosebumps 2: Haunted Halloween,Goosebumps 2: Haunted Halloween,N/A,Films,1,1,0,1,0,0
Grace and Frankie: Season 7,Grace and Frankie,Grace and Frankie: Season 7,TV,0,0,0,0,1,1
Gran Torino,Gran Torino,N/A,Films,1,0,0,1,0,0
Great White,Great White,N/A,Films,1,0,0,0,0,0
Greed,Greed,N/A,Films,0,0,0,0,1,0
Green Lantern,Green Lantern,N/A,Films,0,0,0,0,0,1
Green Mothers' Club: Season 1,Green Mothers' Club,Green Mothers' Club: Season 1,TV,0,0,1,0,0,0
Green Snake,Green Snake,N/A,Films,1,0,0,0,0,0
Greenland,Greenland,N/A,Films,0,0,1,0,0,0
Grey's Anatomy: Season 17,Grey's Anatomy,Grey's Anatomy: Season 17,TV,1,0,0,1,0,1
Gridiron Gang,Gridiron Gang,N/A,Films,0,1,0,0,0,0
Grown Ups,Grown Ups,N/A,Films,0,0,0,0,1,1
Grown Ups 2,Grown Ups 2,N/A,Films,0,0,0,0,1,0
Grudge,Grudge,N/A,Films,1,0,0,0,0,0
Grumpy Christmas,Grumpy Christmas,N/A,Films,0,0,0,1,0,0
Gunpowder Milkshake,Gunpowder Milkshake,N/A,Films,0,0,0,0,0,1
Guns Akimbo,Guns Akimbo,N/A,Films,0,0,1,0,0,0
Hachi: A Dog's Tale,Hachi: A Dog's Tale,N/A,Films,0,0,0,0,1,0
Hairspray,Hairspray,N/A,Films,0,0,0,0,1,0
Halftime,Halftime,N/A,Films,0,0,0,1,1,1
Halloween,Halloween,N/A,Films,0,1,0,0,0,1
Hanna,Hanna,N/A,Films,0,1,0,0,0,0
Happy Death Day,Happy Death Day,N/A,Films,0,0,1,0,0,0
Happy Death Day 2U,Happy Death Day 2U,N/A,Films,0,0,1,0,0,0
Happy Gilmore,Happy Gilmore,N/A,Films,0,0,0,0,0,1
Hard Cell: Season 1,Hard Cell,Hard Cell: Season 1,TV,0,0,0,0,1,0
Hard Target 2,Hard Target 2,N/A,Films,0,1,0,0,0,0
Harriet,Harriet,N/A,Films,0,0,0,0,1,0
He's All That,He's All That,N/A,Films,1,1,1,1,1,1
He's Expecting: Season 1,He's Expecting,He's Expecting: Season 1,TV,0,0,1,0,0,0
Heart Parade,Heart Parade,N/A,Films,1,1,0,1,0,0
Heartland: Season 14,Heartland,Heartland: Season 14,TV,0,0,0,0,0,1
Heartland: Season 15,Heartland,Heartland: Season 15,TV,1,0,0,0,0,0
Heartstopper: Season 1,Heartstopper,Heartstopper: Season 1,TV,1,1,0,1,1,0
Heat,Heat,N/A,Films,0,1,1,1,0,0
Heavenly Bites: Mexico: Season 1,Heavenly Bites: Mexico,Heavenly Bites: Mexico: Season 1,TV,0,0,0,1,0,0
Heirs to the Land: Season 1,Heirs to the Land,Heirs to the Land: Season 1,TV,1,1,0,0,0,0
Heist: Season 1,Heist,Heist: Season 1,TV,0,0,0,0,1,1
Hell on the Border,Hell on the Border,N/A,Films,0,0,0,1,0,0
Hellbound: Season 1,Hellbound,Hellbound: Season 1,TV,1,1,1,1,1,1
Hello World,Hello World,N/A,Films,0,0,1,0,0,0
Her Private Life: Season 1,Her Private Life,Her Private Life: Season 1,TV,0,0,1,0,0,0
Here Comes the Boom,Here Comes the Boom,N/A,Films,0,0,0,0,0,1
Hero,Hero,N/A,Films,0,0,1,0,0,0
Hero (2015),Hero (2015),N/A,Films,0,0,1,0,0,0
Hey Handsome!!,Hey Handsome!!,N/A,TV,0,0,1,0,0,0
his,his,N/A,Films,0,0,1,0,0,0
Hit & Run: Season 1,Hit & Run,Hit & Run: Season 1,TV,1,1,0,1,1,1
Hit Me Anyone One More Time!,Hit Me Anyone One More Time!,N/A,Films,0,0,1,0,0,0
Hold Tight: Limited Series,Hold Tight,Hold Tight: Limited Series,TV,1,1,0,1,0,0
Hollow Man,Hollow Man,N/A,Films,0,1,0,0,0,0
Home,Home,N/A,Films,0,0,0,0,0,1
Home Team,Home Team,N/A,Films,1,1,1,1,1,1
Homefront,Homefront,N/A,Films,1,0,0,1,1,0
Hometown Cha-Cha-Cha: Season 1,Hometown Cha-Cha-Cha,Hometown Cha-Cha-Cha: Season 1,TV,1,0,1,1,0,0
Homme Fatale,Homme Fatale,N/A,Films,0,0,1,0,0,0
Honeymoon with My Mother,Honeymoon with My Mother,N/A,Films,1,1,0,1,0,1
Hop,Hop,N/A,Films,0,0,0,0,1,1
Hope,Hope,N/A,Films,0,0,1,0,0,0
Horsemen,Horsemen,N/A,Films,0,0,0,1,0,0
Hospital Playlist: Season 2,Hospital Playlist,Hospital Playlist: Season 2,TV,0,0,1,0,0,0
Hotel Transylvania 2,Hotel Transylvania 2,N/A,Films,1,1,0,0,0,0
Hotel Transylvania 3: Summer Vacation,Hotel Transylvania 3: Summer Vacation,N/A,Films,1,1,0,1,0,0
How I Became a Superhero,How I Became a Superhero,N/A,Films,1,1,1,0,0,0
How I Fell in Love with a Gangster,How I Fell in Love with a Gangster,N/A,Films,1,1,0,0,0,0
How It Ends,How It Ends,N/A,Films,0,1,0,0,1,1
How the Grinch Stole Christmas,How the Grinch Stole Christmas,N/A,Films,0,1,0,1,0,0
How to Be Single,How to Be Single,N/A,Films,0,0,0,0,1,0
How to Become the Worst Student at School,How to Become the Worst Student at School,N/A,Films,1,0,0,0,0,0
How to Eliminate My Teacher: Season 1,How to Eliminate My Teacher,How to Eliminate My Teacher: Season 1,TV,0,0,1,0,0,0
How to Sell Drugs Online (Fast): Season 3,How to Sell Drugs Online (Fast),How to Sell Drugs Online (Fast): Season 3,TV,1,1,0,0,0,0
How to Train Your Dragon: The Hidden World,How to Train Your Dragon: The Hidden World,N/A,Films,1,1,0,1,0,0
Hubie Halloween,Hubie Halloween,N/A,Films,0,0,0,0,0,1
Human Resources: Season 1,Human Resources,Human Resources: Season 1,TV,0,0,0,0,0,1
Hunter Killer,Hunter Killer,N/A,Films,0,0,1,0,0,0
Hunter X Hunter (2011): Season 5,Hunter X Hunter (2011),Hunter X Hunter (2011): Season 5,TV,0,0,0,0,0,1
Hustle,Hustle,N/A,Films,1,1,0,1,1,1
Hype House: Season 1,Hype House,Hype House: Season 1,TV,0,0,0,0,0,1
Hypnotic,Hypnotic,N/A,Films,1,1,0,1,1,1
I Am Georgina: Season 1,I Am Georgina,I Am Georgina: Season 1,TV,0,1,0,1,0,0
I Don't Know How She Does It,I Don't Know How She Does It,N/A,Films,0,0,0,1,0,0
I Don't Know Whether to Slit My Wrists or Leave Them Long,I Don't Know Whether to Slit My Wrists or Leave Them Long,N/A,Films,0,0,0,1,0,0
I Now Pronounce You Chuck and Larry,I Now Pronounce You Chuck and Larry,N/A,Films,0,0,0,0,1,0
I Swear It Wasn't Me,I Swear It Wasn't Me,N/A,Films,0,0,0,1,0,0
I'm More Myself,I'm More Myself,N/A,Films,1,0,0,0,0,0
ID2: Shadwell Army,ID2: Shadwell Army,N/A,Films,0,0,0,0,1,0
Identity Thief,Identity Thief,N/A,Films,1,0,0,0,0,0
Ilhados,Ilhados,N/A,Films,1,0,0,0,0,0
In for a Murder,In for a Murder,N/A,Films,1,0,0,1,0,0
In From the Cold: Season 1,In From the Cold,In From the Cold: Season 1,TV,1,1,0,0,1,1
In Good Hands,In Good Hands,N/A,Films,1,1,0,1,0,1
In the Dark: Season 3,In the Dark,In the Dark: Season 3,TV,0,0,0,0,0,1
In This Corner (and Other Corners) of the World,In This Corner (and Other Corners) of the World,N/A,Films,0,0,1,0,0,0
In Time,In Time,N/A,Films,1,0,1,1,1,0
Inside Job: Part 1,Inside Job,Inside Job: Part 1,TV,0,0,0,0,1,1
Interceptor,Interceptor,N/A,Films,1,1,1,1,1,1
Intervenção,Intervenção,N/A,Films,1,0,0,0,0,0
Intimacy: Season 1,Intimacy,Intimacy: Season 1,TV,1,1,0,1,0,0
Into the Wind,Into the Wind,N/A,Films,1,0,0,1,0,0
Intolerance,Intolerance,N/A,Films,0,0,1,0,0,0
Intrusion,Intrusion,N/A,Films,1,1,1,1,1,1
Invasion,Invasion,N/A,Films,1,0,0,1,0,0
Inventing Anna: Limited Series,Inventing Anna,Inventing Anna: Limited Series,TV,1,1,1,1,1,1
Iron Chef: Quest for an Iron Legend: Season 1,Iron Chef: Quest for an Iron Legend,Iron Chef: Quest for an Iron Legend: Season 1,TV,0,0,0,0,0,1
Iron Man,Iron Man,N/A,Films,0,0,1,0,0,0
Is It Cake?: Season 1,Is It Cake?,Is It Cake?: Season 1,TV,1,0,0,1,1,1
It,It,N/A,Films,0,0,0,0,0,1
It Chapter Two,It Chapter Two,N/A,Films,0,0,0,0,1,0
It Comes,It Comes,N/A,Films,0,0,1,0,0,0
It’s Your Fault That My Heart Beats,It’s Your Fault That My Heart Beats,N/A,Films,0,0,1,0,0,0
Itaewon Class: Season 1,Itaewon Class,Itaewon Class: Season 1,TV,0,0,1,0,0,0
Iwane: Sword of Serenity,Iwane: Sword of Serenity,N/A,Films,0,0,1,0,0,0
Jack Reacher,Jack Reacher,N/A,Films,1,1,1,1,0,0
Jack Reacher: Never Go Back,Jack Reacher: Never Go Back,N/A,Films,1,0,1,1,0,0
Jack Whitehall: Travels with My Father: Season 5,Jack Whitehall: Travels with My Father,Jack Whitehall: Travels with My Father: Season 5,TV,0,0,0,0,1,0
Jackass 4.5,Jackass 4.5,N/A,Films,0,1,0,1,1,1
JAPAN SINKS: People of Hope: Season 1,JAPAN SINKS: People of Hope,JAPAN SINKS: People of Hope: Season 1,TV,0,0,1,0,0,0
Jarhead 2: Field of Fire,Jarhead 2: Field of Fire,N/A,Films,0,1,0,0,0,0
Jason Bourne,Jason Bourne,N/A,Films,0,0,1,0,0,0
Jaws,Jaws,N/A,Films,0,0,0,0,0,1
jeen-yuhs: A Kanye Trilogy,jeen-yuhs: A Kanye Trilogy,N/A,TV,0,0,0,0,1,1
Jenni Rivera: Mariposa de Barrio: Season 1,Jenni Rivera: Mariposa de Barrio,Jenni Rivera: Mariposa de Barrio: Season 1,TV,0,0,0,1,0,0
Jimmy Neutron: Boy Genius,Jimmy Neutron: Boy Genius,N/A,Films,0,0,0,1,0,0
Jimmy Savile: A British Horror Story: Limited Series,Jimmy Savile: A British Horror Story,Jimmy Savile: A British Horror Story: Limited Series,TV,0,0,0,0,1,0
John of God: The Crimes of a Spiritual Healer: Season 1,John of God: The Crimes of a Spiritual Healer,John of God: The Crimes of a Spiritual Healer: Season 1,TV,1,0,0,0,0,0
John Wick,John Wick,N/A,Films,0,0,1,0,0,0
John Wick: Chapter 2,John Wick: Chapter 2,N/A,Films,1,0,1,1,1,0
John Wick: Chapter 3 - Parabellum,John Wick: Chapter 3 - Parabellum,N/A,Films,0,0,1,1,0,0
Johnny Hallyday: Beyond Rock: Season 1,Johnny Hallyday: Beyond Rock,Johnny Hallyday: Beyond Rock: Season 1,TV,0,1,0,0,0,0
JoJo's Bizarre Adventure: STONE OCEAN,JoJo's Bizarre Adventure,JoJo's Bizarre Adventure: STONE OCEAN,TV,0,0,1,0,0,0
Joker,Joker,N/A,Films,0,0,0,0,1,0
Journey 2: The Mysterious Island,Journey 2: The Mysterious Island,N/A,Films,0,0,0,0,0,1
Jujutsu Kaisen: Season 1,Jujutsu Kaisen,Jujutsu Kaisen: Season 1,TV,0,0,1,0,0,0
Jumanji,Jumanji,N/A,Films,0,0,0,0,0,1
Jumanji: The Next Level,Jumanji: The Next Level,N/A,Films,0,0,1,0,1,0
Jumanji: Welcome to the Jungle,Jumanji: Welcome to the Jungle,N/A,Films,0,1,0,0,0,0
Jurassic World Camp Cretaceous: Season 4,Jurassic World Camp Cretaceous,Jurassic World Camp Cretaceous: Season 4,TV,0,0,0,1,0,1
Jurassic World: Fallen Kingdom,Jurassic World: Fallen Kingdom,N/A,Films,0,1,0,0,0,0
Just Go With It,Just Go With It,N/A,Films,1,0,0,1,0,1
Just Like Heaven,Just Like Heaven,N/A,Films,0,0,1,0,0,1
Just Short of Perfect,Just Short of Perfect,N/A,Films,1,0,0,0,0,0
Justice League,Justice League,N/A,Films,0,1,0,0,0,0
Juvenile Justice: Season 1,Juvenile Justice,Juvenile Justice: Season 1,TV,0,0,1,1,0,0
K-19: The Widowmaker,K-19: The Widowmaker,N/A,Films,0,1,0,0,0,0
Kaguya-sama: Love Is War,Kaguya-sama: Love Is War,N/A,Films,0,0,1,0,0,0
Kasane,Kasane,N/A,Films,0,0,1,0,0,0
Kate,Kate,N/A,Films,1,1,1,1,1,1
Keep Sweet: Pray and Obey: Limited Series,Keep Sweet: Pray and Obey,Keep Sweet: Pray and Obey: Limited Series,TV,0,0,0,0,1,1
Kiba: The Fangs of Fiction,Kiba: The Fangs of Fiction,N/A,Films,0,0,1,0,0,0
King Arthur: Legend of the Sword,King Arthur: Legend of the Sword,N/A,Films,0,0,1,0,0,1
Kingdom: Ashin of the North,Kingdom: Ashin of the North,N/A,Films,1,1,1,1,0,0
"Kiss Him, Not Me","Kiss Him, Not Me",N/A,Films,0,0,1,0,0,0
Kitz: Season 1,Kitz,Kitz: Season 1,TV,0,1,0,0,0,0
Knight and Day,Knight and Day,N/A,Films,0,1,1,0,0,0
Knives Out,Knives Out,N/A,Films,0,0,0,1,0,0
Knuckle,Knuckle,N/A,Films,0,0,0,0,1,0
Kong: Skull Island,Kong: Skull Island,N/A,Films,0,0,1,0,1,0
Kotaro Lives Alone: Season 1,Kotaro Lives Alone,Kotaro Lives Alone: Season 1,TV,0,0,1,0,0,0
Kung Fu Hustle,Kung Fu Hustle,N/A,Films,1,0,0,0,0,0
Kung Fu Panda,Kung Fu Panda,N/A,Films,0,0,0,0,1,1
Kung Fu Panda 2,Kung Fu Panda 2,N/A,Films,0,0,0,0,0,1
Kung Fu Panda 3,Kung Fu Panda 3,N/A,Films,1,0,0,1,0,1
Kuroko's Basketball: Last Game,Kuroko's Basketball: Last Game,N/A,Films,0,0,1,0,0,0
Kuroko's Basketball: Season 1,Kuroko's Basketball,Kuroko's Basketball: Season 1,TV,0,0,1,0,0,0
L.A.’s Finest: Season 1,L.A.’s Finest,L.A.’s Finest: Season 1,TV,0,0,0,0,1,0
La bella y las bestias: Season 1,La bella y las bestias,La bella y las bestias: Season 1,TV,0,0,0,1,0,0
La ley de Herodes,La ley de Herodes,N/A,Films,0,0,0,1,0,0
La leyenda de la Nahuala,La leyenda de la Nahuala,N/A,Films,0,0,0,1,0,0
La leyenda del Charro Negro,La leyenda del Charro Negro,N/A,Films,0,0,0,1,0,0
La Reina del Sur: Season 2,La Reina del Sur,La Reina del Sur: Season 2,TV,0,0,0,1,0,0
Lakeview Terrace,Lakeview Terrace,N/A,Films,0,1,0,0,0,0
Laplace's Witch,Laplace's Witch,N/A,Films,0,0,1,0,0,0
Last Christmas,Last Christmas,N/A,Films,1,0,0,0,1,0
Last Knights,Last Knights,N/A,Films,0,0,0,1,0,0
Last Letter,Last Letter,N/A,Films,0,0,1,0,0,0
Last Man Down,Last Man Down,N/A,Films,0,0,0,0,1,1
Last One Standing: Season 1,Last One Standing,Last One Standing: Season 1,TV,0,0,1,0,0,0
Law Abiding Citizen,Law Abiding Citizen,N/A,Films,0,0,0,0,0,1
Lawless Lawyer,Lawless Lawyer,N/A,TV,0,0,1,0,0,0
Legacies: Season 4,Legacies,Legacies: Season 4,TV,0,0,0,0,0,1
Legend,Legend,N/A,Films,0,0,0,0,1,0
Leon's Heart,Leon's Heart,N/A,Films,0,0,0,1,0,0
Les déguns,Les déguns,N/A,Films,0,1,0,0,0,0
Let's Dance,Let's Dance,N/A,Films,0,1,0,0,0,0
Liar × Liar,Liar × Liar,N/A,Films,0,0,1,0,0,0
Liar: Season 1,Liar,Liar: Season 1,TV,0,0,0,0,1,0
Lies and Deceit: Season 1,Lies and Deceit,Lies and Deceit: Season 1,TV,0,1,0,1,0,0
Life,Life,N/A,Films,0,0,0,0,0,1
Life After Death with Tyler Henry: Season 1,Life After Death with Tyler Henry,Life After Death with Tyler Henry: Season 1,TV,0,0,0,0,1,1
Lionheart,Lionheart,N/A,Films,0,1,0,0,0,0
Little Women,Little Women,N/A,Films,0,0,0,0,1,0
Loca por el trabajo,Loca por el trabajo,N/A,Films,0,0,0,1,0,0
Locke & Key: Season 1,Locke & Key,Locke & Key: Season 1,TV,0,1,0,0,1,0
Locke & Key: Season 2,Locke & Key,Locke & Key: Season 2,TV,1,1,0,1,1,1
Lockout,Lockout,N/A,Films,0,1,0,0,1,0
LOL,LOL,N/A,Films,0,1,0,0,0,0
Lolo,Lolo,N/A,Films,0,1,0,0,0,0
London Has Fallen,London Has Fallen,N/A,Films,0,0,0,0,0,1
Looking for Teddy,Looking for Teddy,N/A,Films,0,1,0,0,0,0
Looper,Looper,N/A,Films,0,0,0,0,0,1
Lord of War,Lord of War,N/A,Films,0,0,0,0,1,0
Lords of Scam,Lords of Scam,N/A,Films,0,1,0,0,0,0
Losing It,Losing It,N/A,Films,0,1,0,0,0,0
Lost in Space: Season 1,Lost in Space,Lost in Space: Season 1,TV,1,1,0,0,1,1
Lost in Space: Season 2,Lost in Space,Lost in Space: Season 2,TV,0,1,0,0,0,0
Lost in Space: Season 3,Lost in Space,Lost in Space: Season 3,TV,1,1,0,1,1,1
Lost Paradise,Lost Paradise,N/A,Films,0,0,0,1,0,0
Love (ft. Marriage and Divorce): Season 2,Love (ft. Marriage and Divorce),Love (ft. Marriage and Divorce): Season 2,TV,0,0,1,0,0,0
Love (ft. Marriage and Divorce): Season 3,Love (ft. Marriage and Divorce),Love (ft. Marriage and Divorce): Season 3,TV,0,0,1,0,0,0
Love & Gelato,Love & Gelato,N/A,Films,1,1,0,1,1,1
Love Actually,Love Actually,N/A,Films,0,0,0,0,1,0
Love and Leashes,Love and Leashes,N/A,Films,0,0,1,0,0,0
Love Hard,Love Hard,N/A,Films,1,1,1,1,1,1
Love Is Blind: Brazil: Season 1,Love Is Blind: Brazil,Love Is Blind: Brazil: Season 1,TV,1,0,0,0,0,0
Love is Blind: Japan: Season 1,Love is Blind: Japan,Love is Blind: Japan: Season 1,TV,0,0,1,0,0,0
Love Is Blind: Season 1,Love Is Blind,Love Is Blind: Season 1,TV,0,0,0,0,1,1
Love Is Blind: Season 2,Love Is Blind,Love Is Blind: Season 2,TV,0,0,0,0,1,1
Love Like the Falling Petals,Love Like the Falling Petals,N/A,Films,0,0,1,0,0,0
"Love Me, Love Me Not","Love Me, Love Me Not",N/A,Films,0,0,1,0,0,0
Love of My Loves,Love of My Loves,N/A,Films,0,0,0,1,0,0
Love on the Spectrum U.S.: Season 1,Love on the Spectrum U.S.,Love on the Spectrum U.S.: Season 1,TV,0,0,0,0,0,1
Love Tactics,Love Tactics,N/A,Films,1,1,0,1,0,0
Luccas Neto em: O Mapa do Tesouro 2,Luccas Neto em: O Mapa do Tesouro 2,N/A,Films,1,0,0,0,0,0
Luccas Neto em: O Plano dos Vilões,Luccas Neto em: O Plano dos Vilões,N/A,Films,1,0,0,0,0,0
Luccas Neto in: The Magical Hotel 2,Luccas Neto in: The Magical Hotel 2,N/A,Films,1,0,0,0,0,0
Lucifer: Season 1,Lucifer,Lucifer: Season 1,TV,0,0,0,0,1,0
Lucifer: Season 2,Lucifer,Lucifer: Season 2,TV,0,0,0,0,1,0
Lucifer: Season 3,Lucifer,Lucifer: Season 3,TV,0,0,0,0,1,0
Lucifer: Season 5,Lucifer,Lucifer: Season 5,TV,1,1,0,0,0,0
Lucifer: Season 6,Lucifer,Lucifer: Season 6,TV,1,1,0,1,1,1
Luis Miguel - The Series: Season 3,Luis Miguel - The Series,Luis Miguel - The Series: Season 3,TV,0,0,0,1,0,0
Lulli,Lulli,N/A,Films,1,1,0,0,0,0
Lupin: Part 2,Lupin,Lupin: Part 2,TV,1,1,0,0,1,0
Ma,Ma,N/A,Films,0,0,1,1,0,0
Madagascar: Escape 2 Africa,Madagascar: Escape 2 Africa,N/A,Films,0,0,0,0,1,0
Mahjong Legend Akagi: The Genius Who Descended Into the Darkness: Season 1,Mahjong Legend Akagi: The Genius Who Descended Into the Darkness,Mahjong Legend Akagi: The Genius Who Descended Into the Darkness: Season 1,TV,0,0,1,0,0,0
Maid: Limited Series,Maid,Maid: Limited Series,TV,1,1,1,1,1,1
Major Grom: Plague Doctor,Major Grom: Plague Doctor,N/A,Films,1,1,1,1,0,1
Major Payne,Major Payne,N/A,Films,0,0,0,0,0,1
Maldivas: Season 1,Maldivas,Maldivas: Season 1,TV,1,0,0,0,0,0
"Malverde, el santo patrón: Season 1","Malverde, el santo patrón","Malverde, el santo patrón: Season 1",TV,0,0,0,1,0,0
Man of God,Man of God,N/A,Films,1,0,0,0,0,0
Man of Steel,Man of Steel,N/A,Films,0,0,0,0,1,0
Man of Tai Chi,Man of Tai Chi,N/A,Films,1,1,0,0,1,0
Man on Fire,Man on Fire,N/A,Films,1,1,0,1,1,0
Man Vs Bee: Season 1,Man Vs Bee,Man Vs Bee: Season 1,TV,0,0,0,0,1,0
Manifest: Season 1,Manifest,Manifest: Season 1,TV,0,1,0,0,0,1
Manifest: Season 2,Manifest,Manifest: Season 2,TV,0,0,0,0,0,1
Manifest: Season 3,Manifest,Manifest: Season 3,TV,0,0,0,0,0,1
Mariah Carey's All I Want for Christmas Is You,Mariah Carey's All I Want for Christmas Is You,N/A,Films,0,0,0,0,0,1
Marmaduke,Marmaduke,N/A,Films,1,1,0,1,1,1
Married at First Sight: Season 10,Married at First Sight,Married at First Sight: Season 10,TV,0,0,0,0,0,1
"Mary, Queen of Scots","Mary, Queen of Scots",N/A,Films,0,0,0,1,0,0
Masked Ward,Masked Ward,N/A,Films,0,0,1,0,0,0
Masquerade Hotel,Masquerade Hotel,N/A,Films,0,0,1,0,0,0
Maverix: Season 1,Maverix,Maverix: Season 1,TV,0,1,0,0,0,0
Maya and the Three: Limited Series,Maya and the Three,Maya and the Three: Limited Series,TV,1,0,0,1,0,1
Me Before You,Me Before You,N/A,Films,0,1,0,0,1,0
Meet the Fockers,Meet the Fockers,N/A,Films,0,0,0,0,1,0
Meet the Parents,Meet the Parents,N/A,Films,0,0,0,0,1,0
"Meet, Marry, Murder: Season 1","Meet, Marry, Murder","Meet, Marry, Murder: Season 1",TV,0,0,0,0,1,0
Meltdown: Three Mile Island: Limited Series,Meltdown: Three Mile Island,Meltdown: Three Mile Island: Limited Series,TV,0,0,0,0,0,1
Memoirs of a Geisha,Memoirs of a Geisha,N/A,Films,1,1,0,1,0,0
Memories of a Murderer: The Nilsen Tapes,Memories of a Murderer: The Nilsen Tapes,N/A,Films,0,0,0,0,1,0
Men in Black: International,Men in Black: International,N/A,Films,1,0,0,1,0,0
Meskina,Meskina,N/A,Films,0,1,0,0,0,0
Metal Lords,Metal Lords,N/A,Films,1,1,0,1,0,0
Midnight in the Switchgrass,Midnight in the Switchgrass,N/A,Films,0,0,0,0,1,0
Midnight Mass: Limited Series,Midnight Mass,Midnight Mass: Limited Series,TV,1,1,0,1,1,1
Midsommar,Midsommar,N/A,Films,0,0,1,0,0,0
Midsommar: The Director's Cut,Midsommar: The Director's Cut,N/A,Films,0,0,1,0,0,0
Midway,Midway,N/A,Films,0,0,1,0,0,0
Mine: Season 1,Mine,Mine: Season 1,TV,1,0,1,1,0,0
Minnal Murali,Minnal Murali,N/A,Films,1,0,0,0,0,0
Mio's Cookbook,Mio's Cookbook,N/A,Films,0,0,1,0,0,0
Mirai,Mirai,N/A,Films,0,0,1,0,0,0
Miss Bala,Miss Bala,N/A,Films,0,1,0,0,0,0
Mission: Impossible,Mission: Impossible,N/A,Films,0,0,0,0,0,1
Mission: Impossible - Ghost Protocol,Mission: Impossible - Ghost Protocol,N/A,Films,0,0,1,0,0,1
Mission: Impossible III,Mission: Impossible III,N/A,Films,0,0,1,0,0,0
Mobile Suit Gundam Hathaway,Mobile Suit Gundam Hathaway,N/A,Films,0,0,1,0,0,0
Modern Family: Season 9,Modern Family,Modern Family: Season 9,TV,0,0,0,0,1,0
Molly's Game,Molly's Game,N/A,Films,0,0,0,0,0,1
Money Heist: Korea - Joint Economic Area: Season 1,Money Heist: Korea - Joint Economic Area,Money Heist: Korea - Joint Economic Area: Season 1,TV,1,1,1,1,0,0
Money Heist: Part 1,Money Heist,Money Heist: Part 1,TV,1,1,0,1,1,1
Money Heist: Part 4,Money Heist,Money Heist: Part 4,TV,1,1,0,0,0,0
Money Heist: Part 5,Money Heist,Money Heist: Part 5,TV,1,1,0,1,1,1
Monster Hunter: Legends of the Guild,Monster Hunter: Legends of the Guild,N/A,Films,0,0,1,0,0,0
Monster-in-Law,Monster-in-Law,N/A,Films,0,0,0,0,0,1
Monster: Season 1,Monster,Monster: Season 1,TV,0,0,1,0,0,0
Monsters Inside: The 24 Faces of Billy Milligan: Limited Series,Monsters Inside: The 24 Faces of Billy Milligan,Monsters Inside: The 24 Faces of Billy Milligan: Limited Series,TV,0,0,0,0,1,1
More the Merrier,More the Merrier,N/A,Films,0,1,0,0,0,0
Mortal Engines,Mortal Engines,N/A,Films,0,1,0,0,0,0
Mortal Kombat,Mortal Kombat,N/A,Films,0,0,1,0,0,0
Mortel: Season 2,Mortel,Mortel: Season 2,TV,0,1,0,0,0,0
Mother's Day,Mother's Day,N/A,Films,0,0,0,0,0,1
Mother/Android,Mother/Android,N/A,Films,1,1,1,1,1,0
Motherless Brooklyn,Motherless Brooklyn,N/A,Films,0,0,0,0,1,0
Mr. & Mrs. Smith,Mr. & Mrs. Smith,N/A,Films,1,1,1,0,0,0
Mr. Deeds,Mr. Deeds,N/A,Films,0,0,0,1,0,0
Mr. Peabody & Sherman,Mr. Peabody & Sherman,N/A,Films,0,0,0,0,1,0
Mr. Robot: Season 1,Mr. Robot,Mr. Robot: Season 1,TV,0,1,0,0,0,0
Munich – The Edge of War,Munich – The Edge of War,N/A,Films,1,1,0,1,1,1
Murders at the House of Death,Murders at the House of Death,N/A,Films,0,0,1,0,0,0
Mushoku Tensei: Jobless Reincarnation: Season 1,Mushoku Tensei: Jobless Reincarnation,Mushoku Tensei: Jobless Reincarnation: Season 1,TV,0,0,1,0,0,0
My Best Friend Anne Frank,My Best Friend Anne Frank,N/A,Films,1,1,0,1,1,0
My Blood & Bones in a flowing Galaxy,My Blood & Bones in a flowing Galaxy,N/A,Films,0,0,1,0,0,0
"My Brother, My Sister","My Brother, My Sister",N/A,Films,1,1,0,1,0,0
My Country: The New Age: Season 1,My Country: The New Age,My Country: The New Age: Season 1,TV,0,0,1,0,0,0
My Dear Exes: Season 1,My Dear Exes,My Dear Exes: Season 1,TV,0,0,1,0,0,0
My Father's Violin,My Father's Violin,N/A,Films,1,1,0,1,0,1
My First Client,My First Client,N/A,Films,0,0,1,0,0,0
My Hero Academia: Heroes Rising,My Hero Academia: Heroes Rising,N/A,Films,0,0,1,0,0,0
My Hero Academia: Season 5,My Hero Academia,My Hero Academia: Season 5,TV,0,0,1,0,0,0
My ID is Gangnam Beauty: Season 1,My ID is Gangnam Beauty,My ID is Gangnam Beauty: Season 1,TV,0,0,0,1,0,0
My Liberation Notes: Season 1,My Liberation Notes,My Liberation Notes: Season 1,TV,0,0,1,0,0,0
My Little Pony: A New Generation,My Little Pony: A New Generation,N/A,Films,1,1,0,1,1,1
My Love Story!!: Season 1,My Love Story!!,My Love Story!!: Season 1,TV,0,0,1,0,0,0
My Lover My Killer: Season 1,My Lover My Killer,My Lover My Killer: Season 1,TV,0,0,0,0,1,0
My Name: Season 1,My Name,My Name: Season 1,TV,1,1,1,1,1,1
My Sassy Girl: Season 1,My Sassy Girl,My Sassy Girl: Season 1,TV,0,0,1,0,0,0
My Spy,My Spy,N/A,Films,0,0,0,0,1,0
My Unorthodox Life: Season 1,My Unorthodox Life,My Unorthodox Life: Season 1,TV,0,0,0,0,1,0
Narcos: Mexico: Season 1,Narcos: Mexico,Narcos: Mexico: Season 1,TV,0,0,0,1,0,0
Narcos: Mexico: Season 2,Narcos: Mexico,Narcos: Mexico: Season 2,TV,0,0,0,1,0,0
Narcos: Mexico: Season 3,Narcos: Mexico,Narcos: Mexico: Season 3,TV,0,1,0,1,1,1
Nativity!,Nativity!,N/A,Films,0,0,0,0,1,0
Never Back Down,Never Back Down,N/A,Films,0,0,0,1,0,0
Never Grow Old,Never Grow Old,N/A,Films,1,0,0,0,0,0
Never Have I Ever: Season 1,Never Have I Ever,Never Have I Ever: Season 1,TV,0,1,0,0,1,0
Never Have I Ever: Season 2,Never Have I Ever,Never Have I Ever: Season 2,TV,1,1,0,1,1,1
"Nevertheless,: Season 1","Nevertheless,","Nevertheless,: Season 1",TV,0,0,1,1,0,0
New Amsterdam: Season 1,New Amsterdam,New Amsterdam: Season 1,TV,0,1,0,0,0,0
New Amsterdam: Season 2,New Amsterdam,New Amsterdam: Season 2,TV,0,1,0,0,0,0
"Newly Rich, Newly Poor: Season 1","Newly Rich, Newly Poor","Newly Rich, Newly Poor: Season 1",TV,0,0,0,1,0,1
Neymar: The Perfect Chaos: Limited Series,Neymar: The Perfect Chaos,Neymar: The Perfect Chaos: Limited Series,TV,1,1,0,0,0,0
Night School,Night School,N/A,Films,1,0,0,0,0,0
Night Teeth,Night Teeth,N/A,Films,1,1,1,1,1,1
Nightbooks,Nightbooks,N/A,Films,0,1,1,1,1,1
No One Gets Out Alive,No One Gets Out Alive,N/A,Films,1,1,1,1,0,1
No Reservations,No Reservations,N/A,Films,0,0,0,1,0,0
Noah,Noah,N/A,Films,1,1,0,0,0,0
Nobody Sleeps in the Woods Tonight 2,Nobody Sleeps in the Woods Tonight 2,N/A,Films,1,1,0,0,0,0
Non-Stop,Non-Stop,N/A,Films,1,0,0,1,0,0
O Candidato Honesto 2,O Candidato Honesto 2,N/A,Films,1,0,0,0,0,0
Oblivion,Oblivion,N/A,Films,0,0,1,0,0,0
Ocean's 8,Ocean's 8,N/A,Films,0,1,1,0,0,0
Office Christmas Party,Office Christmas Party,N/A,Films,0,0,0,0,1,0
Old School,Old School,N/A,Films,0,0,0,0,0,1
Oldboy,Oldboy,N/A,Films,0,0,0,0,0,1
On My Block: Season 4,On My Block,On My Block: Season 4,TV,0,1,0,1,1,1
Once Upon a Time in Hollywood,Once Upon a Time in Hollywood,N/A,Films,0,0,0,1,1,0
One for the Money,One for the Money,N/A,Films,0,0,0,0,1,0
One in a Hundred Thousand,One in a Hundred Thousand,N/A,Films,0,0,1,0,0,0
One Night,One Night,N/A,Films,0,0,1,0,0,0
One of Us Is Lying: Season 1,One of Us Is Lying,One of Us Is Lying: Season 1,TV,1,1,0,1,1,0
One Outs: season 1,One Outs,One Outs: season 1,TV,0,0,1,0,0,0
One Piece Film: Strong World,One Piece Film: Strong World,N/A,Films,1,0,0,0,0,0
ONE PIECE: Sky Island: Skypiea,ONE PIECE,ONE PIECE: Sky Island: Skypiea,TV,1,0,0,0,0,0
ONE PIECE: Wano Country (Ep.892 - Ep.1000),ONE PIECE,ONE PIECE: Wano Country (Ep.892 - Ep.1000),TV,0,0,1,0,0,0
One-Punch Man: Season 2,One-Punch Man,One-Punch Man: Season 2,TV,1,0,0,1,0,0
Only Mine,Only Mine,N/A,Films,1,0,0,1,0,0
Open Your Eyes: Season 1,Open Your Eyes,Open Your Eyes: Season 1,TV,1,0,0,0,0,0
Operation Mincemeat,Operation Mincemeat,N/A,Films,1,0,0,1,0,1
Ouija: Origin of Evil,Ouija: Origin of Evil,N/A,Films,0,0,0,0,0,1
Our Beloved Summer: Season 1,Our Beloved Summer,Our Beloved Summer: Season 1,TV,0,0,1,0,0,0
Our Blues: Season 1,Our Blues,Our Blues: Season 1,TV,0,0,1,0,0,0
Our Father,Our Father,N/A,Films,0,0,0,0,1,1
Our Great National Parks: Limited Series,Our Great National Parks,Our Great National Parks: Limited Series,TV,0,0,0,0,0,1
Out of Death,Out of Death,N/A,Films,0,0,0,0,1,0
Out of my league,Out of my league,N/A,Films,1,0,0,0,0,0
Outer Banks: Season 1,Outer Banks,Outer Banks: Season 1,TV,1,1,0,0,1,1
Outer Banks: Season 2,Outer Banks,Outer Banks: Season 2,TV,1,1,0,0,1,1
Outlander: Season 5,Outlander,Outlander: Season 5,TV,0,0,0,0,0,1
Outlander: Season 6,Outlander,Outlander: Season 6,TV,0,1,0,0,0,0
Outlaws,Outlaws,N/A,Films,0,1,0,0,0,0
Overlord,Overlord,N/A,Films,0,0,1,0,0,0
Ozark: Season 1,Ozark,Ozark: Season 1,TV,0,1,0,0,1,1
Ozark: Season 2,Ozark,Ozark: Season 2,TV,0,0,0,0,1,1
Ozark: Season 3,Ozark,Ozark: Season 3,TV,0,0,0,0,0,1
Ozark: Season 4,Ozark,Ozark: Season 4,TV,1,1,0,1,1,1
Pacific Rim,Pacific Rim,N/A,Films,1,0,0,1,0,0
Paddington,Paddington,N/A,Films,0,0,0,0,1,0
Paddington 2,Paddington 2,N/A,Films,0,0,0,0,1,0
Pain & Gain,Pain & Gain,N/A,Films,0,0,0,0,1,0
Papillon,Papillon,N/A,Films,0,0,0,0,1,0
Paradise Beach,Paradise Beach,N/A,Films,0,1,0,0,0,0
Parallel Mothers,Parallel Mothers,N/A,Films,1,0,0,1,0,0
Parallel Roads,Parallel Roads,N/A,Films,0,0,0,1,0,0
Parasite in Love,Parasite in Love,N/A,Films,0,0,1,0,0,0
Parasyte: The Maxim: Season 1,Parasyte: The Maxim,Parasyte: The Maxim: Season 1,TV,0,0,1,0,0,0
Passing,Passing,N/A,Films,0,0,0,0,0,1
Patriots Day,Patriots Day,N/A,Films,0,0,0,0,1,0
PAW Patrol: Season 3,PAW Patrol,PAW Patrol: Season 3,TV,0,1,0,0,0,0
PAW Patrol: Season 4,PAW Patrol,PAW Patrol: Season 4,TV,1,0,0,0,1,0
PAW Patrol: Season 5,PAW Patrol,PAW Patrol: Season 5,TV,0,1,0,0,0,0
PAW Patrol: Season 6,PAW Patrol,PAW Patrol: Season 6,TV,1,0,0,1,1,0
Paw Patrol: The Movie,Paw Patrol: The Movie,N/A,Films,0,0,1,0,0,0
Peaky Blinders: Season 1,Peaky Blinders,Peaky Blinders: Season 1,TV,0,1,0,0,1,0
Peaky Blinders: Season 6,Peaky Blinders,Peaky Blinders: Season 6,TV,1,1,0,1,0,1
Pedal to Metal: Season 1,Pedal to Metal,Pedal to Metal: Season 1,TV,0,0,0,1,0,0
Penguin Bloom,Penguin Bloom,N/A,Films,0,0,0,1,0,0
Peninsula,Peninsula,N/A,Films,0,0,1,0,0,0
Peppa Pig: Season 6,Peppa Pig,Peppa Pig: Season 6,TV,0,0,0,0,1,0
Peppermint,Peppermint,N/A,Films,0,0,1,0,0,0
Peter Rabbit,Peter Rabbit,N/A,Films,0,1,0,1,0,0
Peter Rabbit 2,Peter Rabbit 2,N/A,Films,0,0,0,0,0,1
Photocopier,Photocopier,N/A,Films,1,0,0,0,0,0
PIECES OF HER: Season 1,PIECES OF HER,PIECES OF HER: Season 1,TV,1,1,0,1,1,1
Piranha,Piranha,N/A,Films,0,0,0,0,1,0
Playing with Fire,Playing with Fire,N/A,Films,1,0,0,1,0,0
Pokémon Detective Pikachu,Pokémon Detective Pikachu,N/A,Films,0,1,0,0,1,0
Pokémon Journeys: The Series: Season 1,Pokémon Journeys: The Series,Pokémon Journeys: The Series: Season 1,TV,1,1,0,1,1,0
Pokémon the Movie: Secrets of the Jungle,Pokémon the Movie: Secrets of the Jungle,N/A,Films,0,1,0,0,0,0
Poms,Poms,N/A,Films,0,0,0,0,0,1
Prayers for the Stolen,Prayers for the Stolen,N/A,Films,0,0,0,1,0,0
Precious Cargo,Precious Cargo,N/A,Films,1,0,0,1,0,0
Pretty Guardian Sailor Moon Eternal The Movie,Pretty Guardian Sailor Moon Eternal The Movie,Pretty Guardian Sailor Moon Eternal The Movie: Part 1 / Part 2,Films,0,0,1,0,0,0
Pretty Little Liars: Season 1,Pretty Little Liars,Pretty Little Liars: Season 1,TV,0,0,0,0,1,0
Prey,Prey,N/A,Films,1,1,0,1,0,1
Princess Sarah: Season 1,Princess Sarah,Princess Sarah: Season 1,TV,0,1,0,0,0,0
Problemos,Problemos,N/A,Films,0,1,0,0,0,0
Public Enemies,Public Enemies,N/A,Films,1,0,0,0,0,0
Queen of the South: Season 1,Queen of the South,Queen of the South: Season 1,TV,0,1,0,0,0,0
Queen of the South: Season 5,Queen of the South,Queen of the South: Season 5,TV,0,1,0,0,1,1
Queer Eye: Season 6,Queer Eye,Queer Eye: Season 6,TV,0,0,0,0,1,1
R.I.P.D.,R.I.P.D.,N/A,Films,0,0,1,0,0,0
Raising Dion: Season 1,Raising Dion,Raising Dion: Season 1,TV,0,1,0,0,1,1
Raising Dion: Season 2,Raising Dion,Raising Dion: Season 2,TV,1,1,0,1,1,1
Rambo,Rambo,N/A,Films,0,0,0,0,0,1
Rambo: Last Blood,Rambo: Last Blood,N/A,Films,1,0,0,0,0,1
Rampage,Rampage,N/A,Films,0,1,0,0,0,0
Ransom,Ransom,N/A,Films,0,0,0,0,1,0
Ready Player One,Ready Player One,N/A,Films,0,0,1,0,0,0
Reasonable Doubt: A Tale of Two Kidnappings: Limited Series,Reasonable Doubt: A Tale of Two Kidnappings,Reasonable Doubt: A Tale of Two Kidnappings: Limited Series,TV,0,0,0,1,0,0
Rebelde: Season 1,Rebelde,Rebelde: Season 1,TV,1,0,0,1,0,0
Record of Ragnarok: Season 1,Record of Ragnarok,Record of Ragnarok: Season 1,TV,0,0,1,0,0,0
RED 2,RED 2,N/A,Films,1,0,0,0,0,0
Red Notice,Red Notice,N/A,Films,1,1,1,1,1,1
Red Riding Hood,Red Riding Hood,N/A,Films,1,0,0,0,0,0
Redemption,Redemption,N/A,Films,1,0,0,1,0,0
Redemption Day,Redemption Day,N/A,Films,1,0,0,1,0,0
Reminiscence,Reminiscence,N/A,Films,0,0,1,0,0,0
Replicas,Replicas,N/A,Films,0,0,0,0,0,1
Reprisal,Reprisal,N/A,Films,0,0,0,0,0,1
Rescued by Ruby,Rescued by Ruby,N/A,Films,1,1,1,1,1,1
RESIDENT EVIL: Infinite Darkness: Season 1,RESIDENT EVIL: Infinite Darkness,RESIDENT EVIL: Infinite Darkness: Season 1,TV,0,0,1,0,0,0
Resident Evil: The Final Chapter,Resident Evil: The Final Chapter,N/A,Films,0,0,1,0,0,0
Resort to Love,Resort to Love,N/A,Films,1,1,0,1,1,1
Restless,Restless,N/A,Films,1,1,0,1,1,1
Retfærdighedens ryttere,Retfærdighedens ryttere,N/A,Films,0,0,0,1,0,0
Rettou Seiha (Tentative): Season 1,Rettou Seiha (Tentative),Rettou Seiha (Tentative): Season 1,TV,0,0,1,0,0,0
Return to Space,Return to Space,N/A,Films,0,0,0,0,1,0
Rhythm + Flow France: Season 1,Rhythm + Flow France,Rhythm + Flow France: Season 1,TV,0,1,0,0,0,0
Richie Rich,Richie Rich,N/A,Films,0,1,0,0,0,0
Rick and Morty: Season 5,Rick and Morty,Rick and Morty: Season 5,TV,0,0,0,0,1,0
Ricky Gervais: SuperNature,Ricky Gervais: SuperNature,N/A,TV,0,0,0,0,1,0
Ride Along 2,Ride Along 2,N/A,Films,1,1,0,0,0,0
Rise of the Footsoldier 3: The Pat Tate Story,Rise of the Footsoldier 3: The Pat Tate Story,N/A,Films,0,0,0,0,1,0
Rise of the Footsoldier: Marbella,Rise of the Footsoldier: Marbella,N/A,Films,0,0,0,0,1,0
Rise of the Guardians,Rise of the Guardians,N/A,Films,0,1,0,1,0,1
Risen,Risen,N/A,Films,0,0,0,1,0,0
Riverdale: Season 5,Riverdale,Riverdale: Season 5,TV,1,0,0,1,0,1
Riverdance: The Animated Adventure,Riverdance: The Animated Adventure,N/A,Films,1,1,0,1,0,1
Robin Hood: Prince of Thieves,Robin Hood: Prince of Thieves,N/A,Films,1,0,0,0,0,0
Romeo Must Die,Romeo Must Die,N/A,Films,0,0,1,0,0,0
Room,Room,N/A,Films,0,1,0,0,0,0
RRR (Hindi),RRR (Hindi),N/A,Films,1,0,0,1,1,1
Rurouni Kenshin: Origins,Rurouni Kenshin: Origins,N/A,Films,0,0,1,0,0,0
Rurouni Kenshin: The Beginning,Rurouni Kenshin: The Beginning,N/A,Films,1,1,1,0,0,1
Rurouni Kenshin: The Final,Rurouni Kenshin: The Final,N/A,Films,0,0,1,0,0,0
Rush Hour,Rush Hour,N/A,Films,0,0,0,0,1,0
Russell Howard: Lubricant: Limited Series,Russell Howard: Lubricant,Russell Howard: Lubricant: Limited Series,TV,0,0,0,0,1,0
Rust Creek,Rust Creek,N/A,Films,0,0,0,1,1,0
S.W.A.T.: Firefight,S.W.A.T.: Firefight,N/A,Films,1,0,0,1,0,0
S.W.A.T.: Season 1,S.W.A.T.,S.W.A.T.: Season 1,TV,0,1,0,0,0,0
S.W.A.T.: Season 2,S.W.A.T.,S.W.A.T.: Season 2,TV,0,1,0,0,0,0
S.W.A.T.: Season 3,S.W.A.T.,S.W.A.T.: Season 3,TV,0,0,0,0,1,0
Safe House,Safe House,N/A,Films,0,0,0,0,0,1
Safe: Season 1,Safe,Safe: Season 1,TV,0,0,0,0,1,0
Same Kind of Different as Me,Same Kind of Different as Me,N/A,Films,1,0,0,0,0,0
SAS: Rise of the Black Swan,SAS: Rise of the Black Swan,N/A,Films,1,1,1,1,0,1
Savage Beauty: Season 1,Savage Beauty,Savage Beauty: Season 1,TV,0,1,0,0,0,0
Save the Last Dance,Save the Last Dance,N/A,Films,0,0,0,0,1,0
Scary Movie,Scary Movie,N/A,Films,0,0,0,0,1,0
Scary Movie 4,Scary Movie 4,N/A,Films,0,0,0,0,0,1
School of Chocolate: Season 1,School of Chocolate,School of Chocolate: Season 1,TV,0,0,0,0,0,1
School of Rock,School of Rock,N/A,Films,0,0,0,0,0,1
Schumacher,Schumacher,N/A,Films,0,1,0,0,1,0
Seal Team,Seal Team,N/A,Films,1,0,0,1,0,0
Search WWW,Search WWW,N/A,TV,0,0,1,0,0,0
Secret Garden: Season 1,Secret Garden,Secret Garden: Season 1,TV,0,0,1,0,0,0
Secret in Their Eyes,Secret in Their Eyes,N/A,Films,0,1,0,0,0,0
Security,Security,N/A,Films,1,1,1,0,1,0
See for Me,See for Me,N/A,Films,0,0,0,0,1,0
Seiji Oda,Seiji Oda,Seiji Oda: Season 1,Films,0,0,1,0,0,0
Seized,Seized,N/A,Films,0,0,0,0,0,1
Sekigahara,Sekigahara,N/A,Films,0,0,1,0,0,0
Selling Sunset: Season 4,Selling Sunset,Selling Sunset: Season 4,TV,0,0,0,0,1,1
Selling Sunset: Season 5,Selling Sunset,Selling Sunset: Season 5,TV,0,0,0,0,1,1
Selling Tampa: Season 1,Selling Tampa,Selling Tampa: Season 1,TV,0,0,0,0,1,1
Senior Year,Senior Year,N/A,Films,1,1,1,1,1,1
Señora Acero: Season 1,Señora Acero,Señora Acero: Season 1,TV,0,0,0,1,0,0
Señora Acero: Season 2,Señora Acero,Señora Acero: Season 2,TV,0,0,0,1,0,0
Señora Acero: Season 3,Señora Acero,Señora Acero: Season 3,TV,0,0,0,1,0,0
Seventh Son,Seventh Son,N/A,Films,0,1,1,0,0,0
Sex Education: Season 1,Sex Education,Sex Education: Season 1,TV,1,1,0,1,1,0
Sex Education: Season 2,Sex Education,Sex Education: Season 2,TV,0,1,0,1,1,0
Sex Education: Season 3,Sex Education,Sex Education: Season 3,TV,1,1,1,1,1,1
Sex/Life: Season 1,Sex/Life,Sex/Life: Season 1,TV,1,1,0,1,1,1
SHAMAN KING: Season 1,SHAMAN KING,SHAMAN KING: Season 1,TV,0,1,0,0,0,0
Shameless (U.S.): Season 11,Shameless (U.S.),Shameless (U.S.): Season 11,TV,0,0,0,0,0,1
Sharkdog: Season 1,Sharkdog,Sharkdog: Season 1,TV,1,0,0,0,1,0
Shazam!,Shazam!,N/A,Films,0,1,0,0,1,0
She was pretty: Season 1,She was pretty,She was pretty: Season 1,TV,0,0,1,0,0,0
She's All That,She's All That,N/A,Films,0,0,0,0,1,0
She's the Man,She's the Man,N/A,Films,0,0,0,0,1,0
Shéhérazade,Shéhérazade,N/A,Films,0,1,0,0,0,0
Sherlock Holmes: A Game of Shadows,Sherlock Holmes: A Game of Shadows,N/A,Films,0,0,0,0,0,1
Shooter,Shooter,N/A,Films,0,0,0,0,0,1
Shot Caller,Shot Caller,N/A,Films,0,0,0,0,1,0
Shrek,Shrek,N/A,Films,0,0,0,1,0,1
Shrek 2,Shrek 2,N/A,Films,0,0,0,0,0,1
Shrek Forever After,Shrek Forever After,N/A,Films,0,0,0,0,0,1
Sicario,Sicario,N/A,Films,0,0,0,0,1,0
Silent Hours,Silent Hours,N/A,Films,0,0,0,0,1,0
Silent Tokyo,Silent Tokyo,N/A,Films,0,0,1,0,0,0
Silver Skates,Silver Skates,N/A,Films,1,0,0,1,0,0
Silver Spoon,Silver Spoon,N/A,Films,0,0,1,0,0,0
Silverton Siege,Silverton Siege,N/A,Films,1,1,0,1,1,1
Sin Nombre,Sin Nombre,N/A,Films,0,0,0,1,0,0
Sing,Sing,N/A,Films,0,0,1,0,0,0
Sing 2,Sing 2,N/A,Films,0,0,0,0,0,1
Single All The Way,Single All The Way,N/A,Films,0,0,0,1,1,1
Single’s Inferno: Season 1,Single’s Inferno,Single’s Inferno: Season 1,TV,0,0,1,0,0,0
Sintonia: Season 2,Sintonia,Sintonia: Season 2,TV,1,0,0,0,0,0
Sket Dance: Season 1,Sket Dance,Sket Dance: Season 1,TV,0,0,1,0,0,0
Sky Rojo: Season 2,Sky Rojo,Sky Rojo: Season 2,TV,0,1,0,0,0,0
Skylines,Skylines,N/A,Films,1,0,0,0,0,0
Skyscraper,Skyscraper,N/A,Films,0,1,0,0,0,0
Slender Man,Slender Man,N/A,Films,0,1,0,1,0,0
Smallfoot,Smallfoot,N/A,Films,0,1,0,0,0,0
Smother-in-Law: Season 1,Smother-in-Law,Smother-in-Law: Season 1,TV,1,0,0,0,0,0
Snake Eyes: G.I. Joe Origins,Snake Eyes: G.I. Joe Origins,N/A,Films,0,0,1,0,0,0
Sniper: Assassin's End,Sniper: Assassin's End,N/A,Films,0,0,1,0,1,0
Snowbound for Christmas,Snowbound for Christmas,N/A,Films,0,0,0,0,0,1
Snowflake Mountain: Season 1,Snowflake Mountain,Snowflake Mountain: Season 1,TV,0,0,0,0,1,1
Snowpiercer: Season 3,Snowpiercer,Snowpiercer: Season 3,TV,0,1,0,0,0,0
Solomon Kane,Solomon Kane,N/A,Films,0,0,0,0,1,0
Something Borrowed,Something Borrowed,N/A,Films,0,0,0,0,0,1
Somos.: Season 1,Somos.,Somos.: Season 1,TV,0,0,0,1,0,0
Son of the South,Son of the South,N/A,Films,0,0,0,1,0,0
Sonic the Hedgehog,Sonic the Hedgehog,N/A,Films,1,0,0,1,1,0
Sophie: A Murder in West Cork: Limited Series,Sophie: A Murder in West Cork,Sophie: A Murder in West Cork: Limited Series,TV,0,0,0,0,1,0
Sounds Like Love,Sounds Like Love,N/A,Films,0,0,0,1,0,0
Sous le même toit,Sous le même toit,N/A,Films,0,1,0,0,0,0
SP: The Motion Picture Episode V,SP: The Motion Picture Episode V,N/A,Films,0,0,1,0,0,0
SP: The Motion Picture Episode VI<The Final Episode>,SP: The Motion Picture Episode VI<The Final Episode>,N/A,Films,0,0,1,0,0,0
Space Force: Season 2,Space Force,Space Force: Season 2,TV,0,0,0,0,1,1
Space Jam: A New Legacy,Space Jam: A New Legacy,N/A,Films,0,0,1,0,0,0
Spider-Man,Spider-Man,N/A,Films,1,1,0,1,1,0
Spider-Man 2,Spider-Man 2,N/A,Films,0,0,0,0,1,0
Spider-Man 3,Spider-Man 3,N/A,Films,1,1,0,1,1,0
Spider-Man: Far from Home,Spider-Man: Far from Home,N/A,Films,0,0,1,0,0,0
Spider-Man: Homecoming,Spider-Man: Homecoming,N/A,Films,1,1,0,1,1,0
Spider-Man: Into the Spider-Verse,Spider-Man: Into the Spider-Verse,N/A,Films,1,1,0,1,0,0
Spiderhead,Spiderhead,N/A,Films,1,1,1,1,1,1
Spiral: From the Book of Saw,Spiral: From the Book of Saw,N/A,Films,0,0,0,0,1,0
Spirit Chronicles: Season 1,Spirit Chronicles,Spirit Chronicles: Season 1,TV,0,0,1,0,0,0
Split,Split,N/A,Films,0,0,0,0,1,0
Spoiled Brats,Spoiled Brats,N/A,Films,1,0,0,1,0,0
SPRIGGAN: Season 1,SPRIGGAN,SPRIGGAN: Season 1,TV,0,0,1,0,0,0
SPY x FAMILY: Season 1,SPY x FAMILY,SPY x FAMILY: Season 1,TV,0,0,1,0,0,0
Squid Game: Season 1,Squid Game,Squid Game: Season 1,TV,1,1,1,1,1,1
St. Vincent,St. Vincent,N/A,Films,0,0,0,0,0,1
STAND BY ME Doraemon,STAND BY ME Doraemon,N/A,Films,0,0,1,0,0,0
STAND BY ME Doraemon 2,STAND BY ME Doraemon 2,N/A,Films,0,0,1,0,0,0
Standing Up: Season 1,Standing Up,Standing Up: Season 1,TV,0,1,0,0,0,0
Stay Close: Limited Series,Stay Close,Stay Close: Limited Series,TV,1,1,0,1,1,1
Stealth,Stealth,N/A,Films,0,1,1,0,0,0
Step Brothers,Step Brothers,N/A,Films,0,0,0,0,0,1
Stepmom,Stepmom,N/A,Films,0,0,0,1,0,0
Stigmatized Properties,Stigmatized Properties,N/A,Films,0,0,1,0,0,0
Storks,Storks,N/A,Films,0,0,0,0,1,0
Stranger Things,Stranger Things,N/A,TV,1,1,1,1,1,1
Stranger Things 2,Stranger Things,Stranger Things 2,TV,1,1,1,1,1,1
Stranger Things 3,Stranger Things,Stranger Things 3,TV,1,1,0,1,1,1
Stranger Things 4,Stranger Things,Stranger Things 4,TV,1,1,1,1,1,1
Stuck Together,Stuck Together,N/A,Films,1,1,0,1,0,0
Suicide Squad,Suicide Squad,N/A,Films,0,0,1,0,1,0
Summer Heat: Season 1,Summer Heat,Summer Heat: Season 1,TV,1,1,0,0,0,0
Summer Wars,Summer Wars,N/A,Films,0,0,1,0,0,0
Sunny: Our Hearts Beat Together,Sunny: Our Hearts Beat Together,N/A,Films,0,0,1,0,0,0
Super PupZ: Season 1,Super PupZ,Super PupZ: Season 1,TV,1,0,0,0,0,0
Superfly,Superfly,N/A,Films,1,0,0,0,0,0
Superstore: Season 6,Superstore,Superstore: Season 6,TV,0,0,0,0,1,0
Surviving Summer: Season 1,Surviving Summer,Surviving Summer: Season 1,TV,0,1,0,0,0,0
Sweet Girl,Sweet Girl,N/A,Films,1,1,1,1,1,1
Sweet Magnolias: Season 1,Sweet Magnolias,Sweet Magnolias: Season 1,TV,0,0,0,0,0,1
Sweet Magnolias: Season 2,Sweet Magnolias,Sweet Magnolias: Season 2,TV,1,1,0,1,1,1
Sweet Tooth: Season 1,Sweet Tooth,Sweet Tooth: Season 1,TV,1,1,0,0,1,1
Switch,Switch,N/A,Films,0,0,1,0,0,0
Sword Art Online the Movie: Ordinal Scale,Sword Art Online the Movie: Ordinal Scale,N/A,Films,0,0,1,0,0,0
Taboo: Season 1,Taboo,Taboo: Season 1,TV,1,0,0,1,1,0
Tadeo Jones 2: El secreto del Rey Midas,Tadeo Jones 2: El secreto del Rey Midas,N/A,Films,1,0,0,0,0,0
Taken 3,Taken 3,N/A,Films,0,1,0,0,0,0
Tall Girl 2,Tall Girl 2,N/A,Films,1,1,0,1,1,1
Talladega Nights: The Ballad of Ricky Bobby,Talladega Nights: The Ballad of Ricky Bobby,N/A,Films,0,0,0,0,0,1
Teenage Mutant Ninja Turtles 2,Teenage Mutant Ninja Turtles 2,N/A,Films,0,0,0,1,0,0
Teenage Mutant Ninja Turtles: Season 1,Teenage Mutant Ninja Turtles,Teenage Mutant Ninja Turtles: Season 1,TV,0,0,0,0,0,1
Tenet,Tenet,N/A,Films,0,0,1,0,0,0
Term Life,Term Life,N/A,Films,1,0,0,0,0,0
Terminator 2: Judgment Day,Terminator 2: Judgment Day,N/A,Films,0,0,0,0,0,1
Texas Chainsaw Massacre,Texas Chainsaw Massacre,N/A,Films,1,1,1,1,1,1
That Time I Got Reincarnated as a Slime: Season 2,That Time I Got Reincarnated as a Slime,That Time I Got Reincarnated as a Slime: Season 2,TV,0,0,1,0,0,0
That's My Boy,That's My Boy,N/A,Films,0,0,0,0,0,1
The 100: Season 7,The 100,The 100: Season 7,TV,1,0,0,1,0,0
The 15:17 to Paris,The 15:17 to Paris,N/A,Films,0,1,0,0,0,0
The 2nd,The 2nd,N/A,Films,1,0,0,0,0,0
The 7 Lives of Lea: Limited Series,The 7 Lives of Lea,The 7 Lives of Lea: Limited Series,TV,0,1,0,0,0,0
The 8th Night,The 8th Night,N/A,Films,0,0,1,0,0,0
The Accountant,The Accountant,N/A,Films,0,0,0,0,1,0
The Adam Project,The Adam Project,N/A,Films,1,1,1,1,1,1
The Addams Family,The Addams Family,N/A,Films,0,0,0,1,1,0
The Adventures of Sharkboy and Lavagirl,The Adventures of Sharkboy and Lavagirl,N/A,Films,0,0,0,0,1,0
The Amazing Spider-Man,The Amazing Spider-Man,N/A,Films,0,1,0,0,1,1
The Amazing Spider-Man 2,The Amazing Spider-Man 2,N/A,Films,0,1,0,1,1,0
The Angry Birds Movie 2,The Angry Birds Movie 2,N/A,Films,0,0,0,0,1,0
The Baby-Sitters Club: Season 2,The Baby-Sitters Club,The Baby-Sitters Club: Season 2,TV,0,0,0,0,1,0
The Bad Education Movie,The Bad Education Movie,N/A,Films,0,0,0,0,1,0
The Baytown Outlaws,The Baytown Outlaws,N/A,Films,1,0,0,0,0,0
The Beauty Queen of Jerusalem: Season 1,The Beauty Queen of Jerusalem,The Beauty Queen of Jerusalem: Season 1,TV,0,1,0,0,0,0
The Best of Enemies,The Best of Enemies,N/A,Films,0,0,0,0,0,1
The Blacklist: Season 7,The Blacklist,The Blacklist: Season 7,TV,0,1,0,0,0,0
The Blacklist: Season 8,The Blacklist,The Blacklist: Season 8,TV,1,0,1,0,0,1
The Blind Side,The Blind Side,N/A,Films,0,0,0,0,1,1
The Blood of Wolves,The Blood of Wolves,N/A,Films,0,0,1,0,0,0
The Bombardment,The Bombardment,N/A,Films,1,1,0,1,0,0
The Boss Baby: Back in the Crib: Season 1,The Boss Baby: Back in the Crib,The Boss Baby: Back in the Crib: Season 1,TV,0,0,0,1,0,1
The Boy and the Beast,The Boy and the Beast,N/A,Films,0,0,1,0,0,0
The Bubble,The Bubble,N/A,Films,0,1,0,0,1,1
The Bureau of Magical Things: Season 1,The Bureau of Magical Things,The Bureau of Magical Things: Season 1,TV,0,0,0,0,0,1
The Call,The Call,N/A,Films,0,0,0,0,0,1
The Cave,The Cave,N/A,Films,0,0,1,0,0,0
The Chair: Season 1,The Chair,The Chair: Season 1,TV,0,0,0,0,1,1
The Chestnut Man: Season 1,The Chestnut Man,The Chestnut Man: Season 1,TV,1,1,0,1,1,0
The Christmas Chronicles,The Christmas Chronicles,N/A,Films,0,0,0,0,1,1
The Christmas Chronicles: Part Two,The Christmas Chronicles: Part Two,N/A,Films,0,0,0,0,1,1
The Chronicles of Riddick,The Chronicles of Riddick,N/A,Films,0,1,0,0,0,0
The Cinderella Addiction,The Cinderella Addiction,N/A,Films,0,0,1,0,0,0
The Circle: Season 3,The Circle,The Circle: Season 3,TV,0,0,0,0,0,1
The Circle: Season 4,The Circle,The Circle: Season 4,TV,0,0,0,0,1,1
The Clovehitch Killer,The Clovehitch Killer,N/A,Films,1,0,0,1,0,0
The Conductor,The Conductor,N/A,Films,0,0,0,1,0,0
The Conjuring: The Devil Made Me Do It,The Conjuring: The Devil Made Me Do It,N/A,Films,0,0,1,0,0,0
The Cook of Castamar: Season 1,The Cook of Castamar,The Cook of Castamar: Season 1,TV,1,1,0,1,1,1
The Craft: Legacy,The Craft: Legacy,N/A,Films,0,0,0,0,1,0
The Craigslist Killer,The Craigslist Killer,N/A,Films,0,0,0,0,1,0
THE CRAZIES,THE CRAZIES,N/A,Films,1,0,0,0,0,0
The Creature Cases: Chapter 1,The Creature Cases,The Creature Cases: Chapter 1,TV,0,1,0,0,0,0
The Croods,The Croods,N/A,Films,1,1,0,1,0,0
The Crowned Clown,The Crowned Clown,N/A,TV,0,0,1,0,0,0
The Cuphead Show!: Season 1,The Cuphead Show!,The Cuphead Show!: Season 1,TV,0,0,0,1,1,1
The Curse of La Llorona,The Curse of La Llorona,N/A,Films,0,1,0,0,0,0
The Cursed,The Cursed,N/A,TV,0,0,1,0,0,0
The Dead Don't Die,The Dead Don't Die,N/A,Films,1,1,0,1,0,0
The Deceived: Series 1,The Deceived,The Deceived: Series 1,TV,0,0,0,0,1,0
The Deep End of the Ocean,The Deep End of the Ocean,N/A,Films,0,1,0,0,1,0
The Defeated: Season 1,The Defeated,The Defeated: Season 1,TV,0,0,0,0,1,0
The Departed,The Departed,N/A,Films,0,0,0,0,1,0
The Divine Fury,The Divine Fury,N/A,Films,0,0,1,0,0,0
The Door into Summer,The Door into Summer,N/A,Films,0,0,1,0,0,0
The DUFF,The DUFF,N/A,Films,0,0,0,0,0,1
The Emoji Movie,The Emoji Movie,N/A,Films,0,0,0,1,1,0
The Equalizer,The Equalizer,N/A,Films,0,1,0,0,0,0
The Equalizer 2,The Equalizer 2,N/A,Films,1,1,0,1,0,0
The Expendables 3,The Expendables 3,N/A,Films,1,0,0,0,0,0
THE FABLE,THE FABLE,N/A,Films,0,0,1,0,0,0
THE FABLE: The Killer Who Doesn't Kill,THE FABLE: The Killer Who Doesn't Kill,N/A,Films,0,0,1,0,0,0
The Family That Sings Together: The Camargos: Season 1,The Family That Sings Together: The Camargos,The Family That Sings Together: The Camargos: Season 1,TV,1,0,0,0,0,0
The Father Who Moves Mountains,The Father Who Moves Mountains,N/A,Films,1,0,0,1,0,1
The First Purge,The First Purge,N/A,Films,0,1,1,0,0,0
The Five Juanas: Season 1,The Five Juanas,The Five Juanas: Season 1,TV,1,1,0,1,0,1
The Flash: Season 6,The Flash,The Flash: Season 6,TV,0,1,0,0,0,0
The Flash: Season 7,The Flash,The Flash: Season 7,TV,1,0,0,0,0,1
The Forgotten Battle,The Forgotten Battle,N/A,Films,1,1,1,1,1,1
The Game,The Game,N/A,Films,0,1,1,0,0,0
"The Gangster, The Cop, The Devil","The Gangster, The Cop, The Devil",N/A,Films,0,0,1,0,0,0
The Gateway,The Gateway,N/A,Films,1,0,0,0,0,0
The General's Daughter,The General's Daughter,N/A,Films,0,0,0,0,0,1
The Gentlemen,The Gentlemen,N/A,Films,0,0,0,0,1,1
The Girl from Oslo: Season 1,The Girl from Oslo,The Girl from Oslo: Season 1,TV,0,1,0,0,0,0
The Girl in the Spider's Web,The Girl in the Spider's Web,N/A,Films,1,0,0,1,0,0
The Girl Next Door,The Girl Next Door,N/A,Films,0,0,0,0,1,0
The Girl Who Leapt Through Time,The Girl Who Leapt Through Time,N/A,Films,0,0,1,0,0,0
The Girl with the Dragon Tattoo,The Girl with the Dragon Tattoo,N/A,Films,0,0,0,0,1,0
The God Committee,The God Committee,N/A,Films,0,0,0,0,0,1
The Good Doctor: Season 1,The Good Doctor,The Good Doctor: Season 1,TV,0,1,1,0,0,0
The Good Doctor: Season 2,The Good Doctor,The Good Doctor: Season 2,TV,0,1,0,0,0,0
The Good Liar,The Good Liar,N/A,Films,0,0,0,0,1,0
The Great Raid,The Great Raid,N/A,Films,0,1,0,0,0,0
The Great Robbery of Brazil's Central Bank: Season 1,The Great Robbery of Brazil's Central Bank,The Great Robbery of Brazil's Central Bank: Season 1,TV,1,0,0,0,0,0
The Great War of Archimedes,The Great War of Archimedes,N/A,Films,0,0,1,0,0,0
The Green Mile,The Green Mile,N/A,Films,0,0,0,0,0,1
The Guide to the Perfect Family,The Guide to the Perfect Family,N/A,Films,0,0,0,1,0,0
The Guilty,The Guilty,N/A,Films,1,1,1,1,1,1
The Hangover,The Hangover,N/A,Films,0,0,0,0,0,1
The Hangover: Part III,The Hangover: Part III,N/A,Films,0,0,0,1,0,0
The Harder They Fall,The Harder They Fall,N/A,Films,1,1,1,1,1,1
The Heartbreak Kid,The Heartbreak Kid,N/A,Films,0,0,0,0,1,0
The Hobbit: An Unexpected Journey,The Hobbit: An Unexpected Journey,N/A,Films,0,1,0,0,1,0
The Hobbit: The Battle of the Five Armies,The Hobbit: The Battle of the Five Armies,N/A,Films,0,0,0,0,1,0
The Hobbit: The Desolation of Smaug,The Hobbit: The Desolation of Smaug,N/A,Films,0,1,0,0,1,0
The Holiday,The Holiday,N/A,Films,0,0,0,0,1,1
The Hook Up Plan: Season 3,The Hook Up Plan,The Hook Up Plan: Season 3,TV,0,1,0,0,0,0
The House,The House,N/A,Films,0,0,0,1,0,0
The House of Flowers: The Movie,The House of Flowers: The Movie,N/A,Films,0,0,0,1,0,0
The House with a Clock in Its Walls,The House with a Clock in Its Walls,N/A,Films,0,1,0,0,0,0
The Hunt,The Hunt,N/A,Films,0,0,0,0,1,0
The Huntsman: Winter's War,The Huntsman: Winter's War,N/A,Films,1,0,0,0,0,0
The Hurt Locker,The Hurt Locker,N/A,Films,0,0,0,0,0,1
The Ice Road,The Ice Road,N/A,Films,0,0,0,1,0,1
The In Between,The In Between,N/A,Films,1,1,1,1,1,0
The Informer,The Informer,N/A,Films,0,0,0,0,1,0
The Inhabitant,The Inhabitant,N/A,Films,0,0,0,1,0,0
The Intern,The Intern,N/A,Films,0,0,0,1,0,0
The Interpreter,The Interpreter,N/A,Films,0,0,1,0,0,0
The Intruder,The Intruder,N/A,Films,1,0,0,1,0,0
The Invasion,The Invasion,N/A,Films,0,1,0,0,0,0
The Invisible Man,The Invisible Man,N/A,Films,0,0,1,0,1,0
The Island,The Island,N/A,Films,0,0,0,0,1,0
The Italian Job,The Italian Job,N/A,Films,0,1,0,0,0,0
The Journalist: Season 1,The Journalist,The Journalist: Season 1,TV,0,0,1,0,0,0
The Karate Kid,The Karate Kid,N/A,Films,0,0,0,0,1,1
The Kill Team,The Kill Team,N/A,Films,0,0,0,0,1,0
The King of Staten Island,The King of Staten Island,N/A,Films,0,0,0,0,1,0
The King's Affection: Season 1,The King's Affection,The King's Affection: Season 1,TV,1,0,1,1,0,0
The Kissing Booth 3,The Kissing Booth 3,N/A,Films,1,1,1,1,1,1
The Kitchen,The Kitchen,N/A,Films,0,0,0,0,1,0
The Last House on the Left,The Last House on the Left,N/A,Films,0,1,0,0,0,0
The Last Kingdom: Season 1,The Last Kingdom,The Last Kingdom: Season 1,TV,0,1,0,0,0,1
The Last Kingdom: Season 5,The Last Kingdom,The Last Kingdom: Season 5,TV,1,1,0,1,1,1
The Last Letter From Your Lover,The Last Letter From Your Lover,N/A,Films,1,0,0,1,0,1
The Last Mercenary,The Last Mercenary,N/A,Films,1,1,0,1,0,1
The Ledge,The Ledge,N/A,Films,0,0,0,0,1,0
The Legend of Black Snake,The Legend of Black Snake,N/A,Films,0,1,0,0,0,0
The Legend of Tarzan,The Legend of Tarzan,N/A,Films,0,0,0,0,1,0
The Lego Batman Movie,The Lego Batman Movie,N/A,Films,0,0,0,0,1,0
The LEGO Movie 2: The Second Part,The LEGO Movie 2: The Second Part,N/A,Films,0,1,0,0,1,0
The Lincoln Lawyer: Season 1,The Lincoln Lawyer,The Lincoln Lawyer: Season 1,TV,1,1,0,1,1,1
The Little Things,The Little Things,N/A,Films,0,0,1,0,0,0
The Longest Yard,The Longest Yard,N/A,Films,0,0,0,0,0,1
The Losers,The Losers,N/A,Films,0,0,0,0,0,1
The Lost Daughter,The Lost Daughter,N/A,Films,1,1,0,1,1,1
The Loud House Movie,The Loud House Movie,N/A,Films,0,1,0,1,1,1
The Lovely Bones,The Lovely Bones,N/A,Films,0,0,0,1,0,0
The Lucky One,The Lucky One,N/A,Films,0,0,0,0,0,1
The Magnificent Seven,The Magnificent Seven,N/A,Films,0,1,0,0,1,0
The Man from Toronto,The Man from Toronto,N/A,Films,1,1,1,1,1,1
The Marked Heart: Season 1,The Marked Heart,The Marked Heart: Season 1,TV,1,1,0,1,1,1
The Marksman,The Marksman,N/A,Films,0,0,0,1,0,0
The Mask,The Mask,N/A,Films,1,0,0,1,0,0
The Master Plan,The Master Plan,N/A,Films,0,0,1,0,0,0
The Matrix,The Matrix,N/A,Films,0,0,1,0,1,0
The Matrix Reloaded,The Matrix Reloaded,N/A,Films,0,0,1,0,1,0
The Meg,The Meg,N/A,Films,0,1,0,0,0,0
The Method of Repulsing the Dove,The Method of Repulsing the Dove,N/A,Films,0,0,1,0,0,0
The Missing,The Missing,N/A,Films,0,1,0,0,0,0
The Missing: Season 1,The Missing,The Missing: Season 1,TV,0,0,0,0,1,0
The Missing: Season 2,The Missing,The Missing: Season 2,TV,0,0,0,0,1,0
The Mist,The Mist,N/A,Films,0,1,0,0,0,1
The Mitchells vs. The Machines,The Mitchells vs. The Machines,N/A,Films,0,0,0,0,0,1
The Mule,The Mule,N/A,Films,0,1,0,0,1,0
The Mustang,The Mustang,N/A,Films,1,0,0,1,0,0
The Mystery of Marilyn Monroe: The Unheard Tapes,The Mystery of Marilyn Monroe: The Unheard Tapes,N/A,Films,1,0,0,0,1,1
The Naked Director: Season 1,The Naked Director,The Naked Director: Season 1,TV,0,0,1,0,0,0
The Naked Director: Season 2,The Naked Director,The Naked Director: Season 2,TV,0,0,1,0,0,0
The Negotiation,The Negotiation,N/A,Films,0,0,1,0,0,0
The Net,The Net,N/A,Films,0,0,0,0,0,1
The Next Three Days,The Next Three Days,N/A,Films,0,0,0,0,1,0
The Night Beyond the Tricornered Window,The Night Beyond the Tricornered Window,N/A,Films,0,0,1,0,0,0
The November Man,The November Man,N/A,Films,0,0,0,0,0,1
The Nun,The Nun,N/A,Films,0,1,0,0,0,0
The Old Ways,The Old Ways,N/A,Films,0,0,0,1,0,1
The Other Guys,The Other Guys,N/A,Films,0,0,0,0,0,1
The Outlaws,The Outlaws,N/A,Films,0,0,1,0,0,0
The Outpost,The Outpost,N/A,Films,1,0,0,1,0,0
The Outsider,The Outsider,N/A,Films,0,0,1,0,0,0
The Paedophile Hunter,The Paedophile Hunter,N/A,Films,0,0,0,0,1,0
The Paper Tigers,The Paper Tigers,N/A,Films,0,0,0,0,0,1
The Patriot,The Patriot,N/A,Films,0,1,0,0,0,0
The Peacemaker,The Peacemaker,N/A,Films,0,0,0,0,1,0
The Perfect Family,The Perfect Family,N/A,Films,1,1,0,1,0,0
The Perfect Mother: Season 1,The Perfect Mother,The Perfect Mother: Season 1,TV,0,0,0,1,0,0
The Pirates: The Last Royal Treasure,The Pirates: The Last Royal Treasure,N/A,Films,1,1,1,0,0,0
The Platform,The Platform,N/A,Films,0,0,1,0,0,0
The Possession of Hannah Grace,The Possession of Hannah Grace,N/A,Films,1,0,0,1,0,0
The Postcard Killings,The Postcard Killings,N/A,Films,0,0,0,1,0,0
The Power of the Dog,The Power of the Dog,N/A,Films,1,1,0,1,1,1
The Prince & Me,The Prince & Me,N/A,Films,0,0,0,1,0,0
The Princess Switch 3: Romancing the Star,The Princess Switch 3: Romancing the Star,N/A,Films,1,1,0,1,1,1
The Privilege,The Privilege,N/A,Films,1,1,1,1,1,0
The Promised Neverland: Season 2,The Promised Neverland,The Promised Neverland: Season 2,TV,0,0,1,0,0,0
The Punisher,The Punisher,N/A,Films,0,1,1,0,0,0
The Puppet Master: Hunting the Ultimate Conman: Season 1,The Puppet Master: Hunting the Ultimate Conman,The Puppet Master: Hunting the Ultimate Conman: Season 1,TV,0,0,0,0,1,0
The Queen of Flow: Season 1,The Queen of Flow,The Queen of Flow: Season 1,TV,0,1,0,1,0,0
The Queen of Flow: Season 2,The Queen of Flow,The Queen of Flow: Season 2,TV,0,1,0,1,0,1
The Rhythm Section,The Rhythm Section,N/A,Films,1,0,0,0,0,0
The Rising of the Shield Hero: Season 1,The Rising of the Shield Hero,The Rising of the Shield Hero: Season 1,TV,0,0,1,0,0,0
The Rite,The Rite,N/A,Films,0,0,0,1,0,0
The Room,The Room,N/A,Films,0,0,0,1,0,0
The Royal Treatment,The Royal Treatment,N/A,Films,1,1,1,1,1,1
The Royals: Season 1,The Royals,The Royals: Season 1,TV,0,1,0,0,1,0
The Rundown,The Rundown,N/A,Films,0,1,0,0,0,0
The Salisbury Poisonings: Season 1,The Salisbury Poisonings,The Salisbury Poisonings: Season 1,TV,0,0,0,0,1,0
The Salvation,The Salvation,N/A,Films,1,0,0,0,0,0
The Secret Diary of an Exchange Student,The Secret Diary of an Exchange Student,N/A,Films,1,0,0,0,0,0
The Secret Life of My Secretary,The Secret Life of My Secretary,N/A,TV,0,0,1,0,0,0
The Secret Life of Pets,The Secret Life of Pets,N/A,Films,1,0,1,1,1,0
The Secret Life of Pets 2,The Secret Life of Pets 2,N/A,Films,1,0,1,1,0,0
The Secret: Season 1,The Secret,The Secret: Season 1,TV,0,0,0,0,1,0
The Serpent: Limited Series,The Serpent,The Serpent: Limited Series,TV,0,0,0,0,1,0
The Seven Deadly Sins: Cursed by Light,The Seven Deadly Sins: Cursed by Light,N/A,Films,1,0,1,0,0,0
The Seven Deadly Sins: Dragon's Judgement,The Seven Deadly Sins,The Seven Deadly Sins: Dragon's Judgement,TV,1,1,0,1,1,1
The Shack,The Shack,N/A,Films,0,0,0,0,1,1
The Shawshank Redemption,The Shawshank Redemption,N/A,Films,0,0,1,1,0,0
The Silencing,The Silencing,N/A,Films,0,0,0,0,1,0
The Silent Sea: Season 1,The Silent Sea,The Silent Sea: Season 1,TV,1,1,1,1,1,1
The Sinner: Season 3: Jamie,The Sinner,The Sinner: Season 3: Jamie,TV,0,1,0,0,0,0
The Sinner: Season 4: Percy,The Sinner,The Sinner: Season 4: Percy,TV,1,0,0,1,1,0
The Smurfs 2,The Smurfs 2,N/A,Films,0,0,0,0,1,0
The Snitch Cartel: Origins: Season 1,The Snitch Cartel: Origins,The Snitch Cartel: Origins: Season 1,TV,0,0,0,1,0,1
The Sound of Magic: Season 1,The Sound of Magic,The Sound of Magic: Season 1,TV,0,0,1,1,0,0
The Spy Gone North,The Spy Gone North,N/A,Films,0,0,1,0,0,0
The Staircase: Season 1,The Staircase,The Staircase: Season 1,TV,0,0,0,0,1,0
The Starling,The Starling,N/A,Films,1,1,0,1,1,1
The Stranger: Limited Series,The Stranger,The Stranger: Limited Series,TV,0,0,0,0,1,0
The Stronghold,The Stronghold,N/A,Films,1,0,0,1,0,0
The Suicide Squad,The Suicide Squad,N/A,Films,0,0,1,0,0,0
The Suicide Squad (Dubbed Version),The Suicide Squad (Dubbed Version),N/A,Films,0,0,1,0,0,0
The Sum of All Fears,The Sum of All Fears,N/A,Films,0,1,0,0,0,0
The Swarm,The Swarm,N/A,Films,1,0,0,1,0,0
The Takedown,The Takedown,N/A,Films,1,1,0,1,1,1
The Taming of the Shrewd,The Taming of the Shrewd,N/A,Films,1,1,0,1,0,0
The Thundermans: Season 1,The Thundermans,The Thundermans: Season 1,TV,0,0,0,0,0,1
The Thundermans: Season 2,The Thundermans,The Thundermans: Season 2,TV,0,0,0,0,0,1
The Tinder Swindler,The Tinder Swindler,N/A,Films,1,1,1,1,1,1
The Town,The Town,N/A,Films,0,0,0,0,0,1
The Town of Headcounts,The Town of Headcounts,N/A,Films,0,0,1,0,0,0
The Transporter,The Transporter,N/A,Films,0,1,0,0,0,0
The Transporter Refueled,The Transporter Refueled,N/A,Films,1,0,0,0,0,0
The Trip,The Trip,N/A,Films,1,0,0,1,0,1
The Turning,The Turning,N/A,Films,0,1,0,1,0,0
The Turning Point,The Turning Point,N/A,Films,1,0,0,0,0,0
The Twilight Saga: Breaking Dawn: Part 1,The Twilight Saga: Breaking Dawn: Part 1,N/A,Films,0,1,0,0,0,1
The Twilight Saga: Breaking Dawn: Part 2,The Twilight Saga: Breaking Dawn: Part 2,N/A,Films,0,1,0,0,0,1
The Twilight Saga: Eclipse,The Twilight Saga: Eclipse,N/A,Films,0,1,0,0,0,1
The Twilight Saga: New Moon,The Twilight Saga: New Moon,N/A,Films,0,1,0,0,0,1
The Ultimatum: Marry or Move On: Season 1,The Ultimatum: Marry or Move On,The Ultimatum: Marry or Move On: Season 1,TV,0,1,0,0,1,1
The Umbrella Academy: Season 1,The Umbrella Academy,The Umbrella Academy: Season 1,TV,1,1,0,1,1,1
The Umbrella Academy: Season 2,The Umbrella Academy,The Umbrella Academy: Season 2,TV,0,0,0,0,1,0
The Umbrella Academy: Season 3,The Umbrella Academy,The Umbrella Academy: Season 3,TV,1,1,0,1,1,1
The Unforgivable,The Unforgivable,N/A,Films,1,1,1,1,1,1
The UnXplained with William Shatner: Season 1,The UnXplained with William Shatner,The UnXplained with William Shatner: Season 1,TV,0,0,0,0,0,1
The Vanished,The Vanished,N/A,Films,0,1,0,0,0,0
The Vanishing,The Vanishing,N/A,Films,1,0,0,1,0,0
The Vault,The Vault,N/A,Films,0,0,0,1,0,1
The Voice of Sin,The Voice of Sin,N/A,Films,0,0,1,0,0,0
The Walking Dead: Season 10,The Walking Dead,The Walking Dead: Season 10,TV,0,1,0,0,0,1
The War Next-door: Season 1,The War Next-door,The War Next-door: Season 1,TV,0,0,0,1,0,0
The War Next-door: Season 2,The War Next-door,The War Next-door: Season 2,TV,0,0,0,1,0,0
The Wasteland,The Wasteland,N/A,Films,1,1,0,1,0,0
The Water Man,The Water Man,N/A,Films,1,1,0,1,0,1
The Way of the Househusband: Season 1,The Way of the Househusband,The Way of the Househusband: Season 1,TV,0,0,1,0,0,0
The Weekend Away,The Weekend Away,N/A,Films,1,1,1,1,1,1
The Whole Truth,The Whole Truth,N/A,Films,1,0,0,1,0,0
The Witcher: Nightmare of the Wolf,The Witcher: Nightmare of the Wolf,N/A,Films,1,1,0,0,1,1
The Witcher: Season 1,The Witcher,The Witcher: Season 1,TV,1,1,0,1,1,1
The Witcher: Season 2,The Witcher,The Witcher: Season 2,TV,1,1,1,1,1,1
The Witches,The Witches,N/A,Films,0,0,1,0,0,0
The Wolf's Call,The Wolf's Call,N/A,Films,0,1,0,0,0,0
The Woman in the House Across the Street from the Girl in the Window: Season 1,The Woman in the House Across the Street from the Girl in the Window,The Woman in the House Across the Street from the Girl in the Window: Season 1,TV,0,1,0,1,1,1
The Women,The Women,N/A,Films,0,0,0,0,1,0
The Wrath of God,The Wrath of God,N/A,Films,1,1,0,1,0,0
There's Someone Inside Your House,There's Someone Inside Your House,N/A,Films,1,1,0,1,1,1
Thermae Romae Novae: Season 1,Thermae Romae Novae,Thermae Romae Novae: Season 1,TV,0,0,1,0,0,0
Thirty-Nine: Season 1,Thirty-Nine,Thirty-Nine: Season 1,TV,0,0,1,0,0,0
This Is the End,This Is the End,N/A,Films,0,1,0,0,0,0
This Little Love of Mine,This Little Love of Mine,N/A,Films,1,0,0,0,0,0
Those Who Wish Me Dead,Those Who Wish Me Dead,N/A,Films,0,0,1,0,0,0
Through My Window,Through My Window,N/A,Films,1,1,0,1,1,1
Tides,Tides,N/A,Films,0,0,0,0,0,1
Tiger King 2,Tiger King,Tiger King 2,TV,0,0,0,0,1,1
Till Death,Till Death,N/A,Films,0,0,0,0,0,1
Titanic,Titanic,N/A,Films,0,0,0,0,0,1
Titans: Season 1,Titans,Titans: Season 1,TV,0,1,0,0,0,0
Titans: Season 3,Titans,Titans: Season 3,TV,1,1,0,1,1,0
Tô Ryca,Tô Ryca,N/A,Films,1,0,0,0,0,0
To the Lake: Season 1,To the Lake,To the Lake: Season 1,TV,0,1,0,0,0,0
Todos queremos a alguien,Todos queremos a alguien,N/A,Films,0,0,0,1,0,0
Tokyo Revengers: Season 1,Tokyo Revengers,Tokyo Revengers: Season 1,TV,0,0,1,0,0,0
Tom and Jerry,Tom and Jerry,N/A,Films,0,0,1,0,0,0
Tomb Raider,Tomb Raider,N/A,Films,0,1,0,0,1,0
Tomorrow: Season 1,Tomorrow,Tomorrow: Season 1,TV,0,0,1,0,0,0
Tomorrow's Dinner Table,Tomorrow's Dinner Table,N/A,Films,0,0,1,0,0,0
Too Close for Christmas,Too Close for Christmas,N/A,Films,1,0,0,0,0,0
Too Hot to Handle: Brazil: Season 1,Too Hot to Handle: Brazil,Too Hot to Handle: Brazil: Season 1,TV,1,0,0,0,0,0
Too Hot to Handle: Season 2,Too Hot to Handle,Too Hot to Handle: Season 2,TV,1,1,0,0,1,1
Too Hot to Handle: Season 3,Too Hot to Handle,Too Hot to Handle: Season 3,TV,0,1,0,0,1,1
Top Boy: Season 1,Top Boy,Top Boy: Season 1,TV,0,1,0,0,1,0
Top Boy: Season 2,Top Boy,Top Boy: Season 2,TV,0,1,0,0,1,1
Top Gun,Top Gun,N/A,Films,0,0,0,0,0,1
Top Secret UFO Projects: Declassified: Season 1,Top Secret UFO Projects: Declassified,Top Secret UFO Projects: Declassified: Season 1,TV,0,1,0,0,0,0
Toscana,Toscana,N/A,Films,1,1,0,1,0,1
Touch Your Heart,Touch Your Heart,N/A,TV,0,0,1,0,0,0
Toy Boy: Season 1,Toy Boy,Toy Boy: Season 1,TV,1,1,0,1,0,0
Toy Boy: Season 2,Toy Boy,Toy Boy: Season 2,TV,1,1,0,0,0,0
Transformers: Dark of the Moon,Transformers: Dark of the Moon,N/A,Films,0,0,0,0,0,1
Transformers: Revenge of the Fallen,Transformers: Revenge of the Fallen,N/A,Films,0,0,0,0,0,1
Transformers: The Last Knight,Transformers: The Last Knight,N/A,Films,1,1,1,1,0,0
Transporter 3,Transporter 3,N/A,Films,0,1,0,0,0,0
Trauma Center,Trauma Center,N/A,Films,0,0,0,1,0,0
Trees of Peace,Trees of Peace,N/A,Films,1,1,0,1,0,0
Trial by Fire,Trial by Fire,N/A,Films,0,0,1,0,0,0
Trollhunters: Rise of the Titans,Trollhunters: Rise of the Titans,N/A,Films,1,1,0,1,1,1
Trolls,Trolls,N/A,Films,1,0,0,1,0,0
Trolls World Tour,Trolls World Tour,N/A,Films,0,0,0,0,1,0
Troy,Troy,N/A,Films,1,0,0,1,0,0
True Scary Story -Accident property entertainer-,True Scary Story -Accident property entertainer-,N/A,Films,0,0,1,0,0,0
True Story: Limited Series,True Story,True Story: Limited Series,TV,1,1,0,0,1,1
Trust,Trust,N/A,Films,1,0,0,0,0,0
Trust No One: The Hunt for the Crypto King,Trust No One: The Hunt for the Crypto King,N/A,Films,0,0,0,0,1,1
Turbo,Turbo,N/A,Films,0,0,0,1,0,0
Turning Point: 9/11 and the War on Terror: Season 1,Turning Point: 9/11 and the War on Terror,Turning Point: 9/11 and the War on Terror: Season 1,TV,0,1,0,0,1,1
Twenty Five Twenty One: Season 1,Twenty Five Twenty One,Twenty Five Twenty One: Season 1,TV,0,0,1,1,0,0
Twentysomethings: Austin: Season 1,Twentysomethings: Austin,Twentysomethings: Austin: Season 1,TV,0,0,0,0,0,1
Twilight,Twilight,N/A,Films,0,1,0,0,0,1
Twilight: Saya in Sasara,Twilight: Saya in Sasara,N/A,Films,0,0,1,0,0,0
Two,Two,N/A,Films,1,0,0,0,0,0
U.S. Marshals,U.S. Marshals,N/A,Films,0,0,0,0,0,1
Um Suburbano Sortudo,Um Suburbano Sortudo,N/A,Films,1,0,0,0,0,0
Una película de huevos,Una película de huevos,N/A,Films,0,0,0,1,0,0
Uncle Drew,Uncle Drew,N/A,Films,0,1,0,0,0,0
Under Suspicion,Under Suspicion,N/A,Films,0,0,0,0,0,1
Under the Stars,Under the Stars,N/A,Films,0,0,1,0,0,0
Undercover: Season 3,Undercover,Undercover: Season 3,TV,0,1,0,0,0,0
Underworld,Underworld,N/A,Films,0,0,0,0,1,0
Une famille à louer,Une famille à louer,N/A,Films,0,1,0,0,0,0
Unfaithful,Unfaithful,N/A,Films,0,0,0,1,1,0
Unreliable,Unreliable,N/A,Films,0,0,1,0,0,0
Untold: Malice at the Palace,Untold: Malice at the Palace,N/A,Films,0,0,0,0,0,1
Untraceable,Untraceable,N/A,Films,0,0,0,0,1,0
Upgrade,Upgrade,N/A,Films,0,1,0,0,0,0
Us,Us,N/A,Films,0,1,1,0,0,0
Valentina's Wedding,Valentina's Wedding,N/A,Films,0,0,0,1,0,0
Valeria: Season 2,Valeria,Valeria: Season 2,TV,1,1,0,0,0,0
Van Helsing: Season 5,Van Helsing,Van Helsing: Season 5,TV,1,0,0,0,1,0
Vendetta,Vendetta,N/A,Films,0,0,0,0,1,0
Venom,Venom,N/A,Films,1,1,0,1,0,0
Vicky and Her Mystery,Vicky and Her Mystery,N/A,Films,1,0,0,1,0,1
Vikings: Valhalla: Season 1,Vikings: Valhalla,Vikings: Valhalla: Season 1,TV,1,1,0,1,1,1
Villain,Villain,N/A,Films,0,0,0,0,1,0
Vincenzo: Season 1,Vincenzo,Vincenzo: Season 1,TV,0,0,1,0,0,0
Violet Evergarden the Movie,Violet Evergarden the Movie,N/A,Films,0,0,1,0,0,0
Virgin River: Season 1,Virgin River,Virgin River: Season 1,TV,0,0,0,0,1,1
Virgin River: Season 2,Virgin River,Virgin River: Season 2,TV,0,0,0,0,0,1
Virgin River: Season 3,Virgin River,Virgin River: Season 3,TV,1,1,0,1,1,1
Vivo,Vivo,N/A,Films,1,1,0,1,1,1
Wanderlust,Wanderlust,N/A,Films,0,0,0,0,1,0
War of the Worlds,War of the Worlds,N/A,Films,0,0,0,0,0,1
Warcraft,Warcraft,N/A,Films,1,0,1,1,0,0
Warrior,Warrior,N/A,Films,0,0,0,0,0,1
Watchmen,Watchmen,N/A,Films,0,1,0,0,0,0
We Couldn't Become Adults,We Couldn't Become Adults,N/A,Films,0,0,1,0,0,0
We Die Young,We Die Young,N/A,Films,0,0,0,0,0,1
"Web of Make Believe: Death, Lies and the Internet: Season 1","Web of Make Believe: Death, Lies and the Internet","Web of Make Believe: Death, Lies and the Internet: Season 1",TV,0,0,0,0,1,1
Welcome Home Roscoe Jenkins,Welcome Home Roscoe Jenkins,N/A,Films,1,0,0,0,0,1
Welcome to Eden: Season 1,Welcome to Eden,Welcome to Eden: Season 1,TV,1,1,0,1,1,1
What Happens in Vegas,What Happens in Vegas,N/A,Films,1,0,0,1,1,0
What Men Want,What Men Want,N/A,Films,1,0,0,1,0,0
What She Likes...,What She Likes...,N/A,Films,0,0,1,0,0,0
What's Wrong with Secretary Kim: Season 1,What's Wrong with Secretary Kim,What's Wrong with Secretary Kim: Season 1,TV,0,0,1,0,0,0
When Missing Turns to Murder: Season 1,When Missing Turns to Murder,When Missing Turns to Murder: Season 1,TV,0,0,0,0,1,0
Whindersson Nunes: My Own Show!,Whindersson Nunes: My Own Show!,N/A,TV,1,0,0,0,0,0
Whistleblower,Whistleblower,N/A,Films,0,0,1,0,0,0
White Boy Rick,White Boy Rick,N/A,Films,1,1,0,1,0,0
White Hot: The Rise & Fall of Abercrombie & Fitch,White Hot: The Rise & Fall of Abercrombie & Fitch,N/A,Films,0,0,0,0,1,1
Who Killed Sara?: Season 1,Who Killed Sara?,Who Killed Sara?: Season 1,TV,0,1,0,1,0,0
Who Killed Sara?: Season 2,Who Killed Sara?,Who Killed Sara?: Season 2,TV,0,1,0,0,0,0
Who Killed Sara?: Season 3,Who Killed Sara?,Who Killed Sara?: Season 3,TV,1,1,0,1,0,1
Widows,Widows,N/A,Films,0,0,0,1,1,0
Wild Babies: Season 1,Wild Babies,Wild Babies: Season 1,TV,0,0,0,1,0,0
Wild Bill,Wild Bill,N/A,Films,0,0,0,0,1,0
Wild Card,Wild Card,N/A,Films,0,0,0,0,0,1
Wind River,Wind River,N/A,Films,0,0,0,0,0,1
Windfall,Windfall,N/A,Films,1,1,1,0,1,1
Wish Dragon,Wish Dragon,N/A,Films,1,1,0,1,1,1
Without a Paddle,Without a Paddle,N/A,Films,0,1,0,0,0,1
Without Saying Goodbye,Without Saying Goodbye,N/A,Films,1,0,0,1,0,0
Wolf Children,Wolf Children,N/A,Films,0,0,1,0,0,0
Wonder Park,Wonder Park,N/A,Films,1,0,0,1,0,0
Wonder Woman 1984,Wonder Woman 1984,N/A,Films,0,0,1,0,0,0
Workin' Moms: Season 6,Workin' Moms,Workin' Moms: Season 6,TV,0,1,0,0,1,1
World Trade Center,World Trade Center,N/A,Films,0,1,0,0,1,0
World War Z,World War Z,N/A,Films,0,1,0,0,0,0
Worst Roommate Ever: Season 1,Worst Roommate Ever,Worst Roommate Ever: Season 1,TV,0,1,0,1,1,1
Worth,Worth,N/A,Films,0,1,0,1,1,1
Wotakoi: Love is Hard for Otaku,Wotakoi: Love is Hard for Otaku,N/A,Films,0,0,1,0,0,0
Wrong Side of the Tracks: Season 1,Wrong Side of the Tracks,Wrong Side of the Tracks: Season 1,TV,1,1,0,1,1,1
Wrong Turn,Wrong Turn,N/A,Films,0,0,0,0,1,0
XXX: State of the Union,XXX: State of the Union,N/A,Films,0,1,1,0,0,0
xXx: The Return of Xander Cage,xXx: The Return of Xander Cage,N/A,Films,0,1,0,0,0,0
Ya veremos,Ya veremos,N/A,Films,0,0,0,1,0,0
Yakamoz S-245: Season 1,Yakamoz S-245,Yakamoz S-245: Season 1,TV,1,1,0,0,0,0
Yakitate!! Japan: Season 1,Yakitate!! Japan,Yakitate!! Japan: Season 1,TV,0,0,1,0,0,0
Yaksha: Ruthless Operations,Yaksha: Ruthless Operations,N/A,Films,1,1,1,0,0,0
Yakuza Princess,Yakuza Princess,N/A,Films,1,0,0,1,0,0
Yara,Yara,N/A,Films,1,1,0,1,1,0
Yes Man,Yes Man,N/A,Films,1,0,0,0,0,0
Yesterday,Yesterday,N/A,Films,0,0,0,1,0,0
"Yo soy Betty, la fea: Season 1","Yo soy Betty, la fea","Yo soy Betty, la fea: Season 1",TV,0,0,0,1,0,0
You Choose!,You Choose!,N/A,Films,0,1,0,0,0,0
You Don't Know Me: Season 1,You Don't Know Me,You Don't Know Me: Season 1,TV,0,1,0,0,1,0
You Shine in the Moonlight,You Shine in the Moonlight,N/A,Films,0,0,1,0,0,0
You: Season 1,You,You: Season 1,TV,1,1,0,1,1,1
You: Season 2,You,You: Season 2,TV,1,0,0,0,1,1
You: Season 3,You,You: Season 3,TV,1,1,1,1,1,1
"You're not normal, either!","You're not normal, either!",N/A,Films,0,0,1,0,0,0
Young Sheldon: : Season 1,Young Sheldon,Young Sheldon: : Season 1,TV,0,0,0,0,1,0
Young Sheldon: : Season 2,Young Sheldon,Young Sheldon: : Season 2,TV,0,0,0,0,1,0
Young Sheldon: : Season 3,Young Sheldon,Young Sheldon: : Season 3,TV,0,0,0,0,1,0
Zombieland: Double Tap,Zombieland: Double Tap,N/A,Films,0,0,1,0,1,0
أصحاب ...ولا أعزّ,أصحاب ...ولا أعزّ,N/A,Films,1,1,0,0,0,0
